CDR3,count,relative.frequency
CARLRVTIF,111,0.7070063694267515
CARRPLWF,9,0.05732484076433121
CARSTIF,9,0.05732484076433121
CATDWTIF,3,0.01910828025477707
CCSFARDVIF,8,0.050955414012738856
CQHYDAWPPIF,4,0.025477707006369428
CQHYDTYPYIF,8,0.050955414012738856
CQKYDSAPFIF,2,0.012738853503184714
CQQYTTRPLTF,3,0.01910828025477707
