CDR3,count,relative.frequency
CAKGGPRITIF,4,0.032520325203252036
CARDKIF,2,0.016260162601626018
CARDRIF,3,0.024390243902439025
CARDSRSMIF,2,0.016260162601626018
CARIRRNPIF,2,0.016260162601626018
CARVSIF,2,0.016260162601626018
CCSYAGDYILIF,2,0.016260162601626018
CCSYAGSRTLIF,2,0.016260162601626018
CQAWDSRQVIF,6,0.04878048780487805
CQHYNMRPLTF,2,0.016260162601626018
CQHYYRTPFIF,10,0.08130081300813008
CSSYEGGDSLIF,86,0.6991869918699187
