CDR3,count,relative.frequency
CARGLRINIF,10,0.5555555555555556
CHQSYISPPIF,2,0.1111111111111111
CQAWDTRAVIF,2,0.1111111111111111
CQLADGRQGIF,2,0.1111111111111111
CQQYDNLPLIF,2,0.1111111111111111
