CDR3,count,relative.frequency
CCSHKPSGSLIF,7,0.4666666666666667
CLQHKTHPRIF,2,0.13333333333333333
CQESYDKLTF,2,0.13333333333333333
CQQYYDARPLTF,2,0.13333333333333333
CXSHKPSGSLIF,2,0.13333333333333333
