CDR3,count,relative.frequency
CAGDCYSGDYW,2,0.01020408163265306
CAHLVDRYFDYW,4,0.02040816326530612
CAIYGSGGFDPW,2,0.01020408163265306
CAKDALGADAFNIW,2,0.01020408163265306
CAKDIW,2,0.01020408163265306
CARAWEGSFDPW,2,0.01020408163265306
CARDAFDKW,3,0.015306122448979591
CARDEGSDAFDIW,3,0.015306122448979591
CARDENWNVDYW,4,0.02040816326530612
CARDGGKWNFDYW,2,0.01020408163265306
CARDHLGFDYW,2,0.01020408163265306
CARDPEGVEDFDSW,2,0.01020408163265306
CARGQGSFDYW,5,0.025510204081632654
CARLIGVYYFDHW,7,0.03571428571428571
CARLKSGWEFDYW,2,0.01020408163265306
CARLLRSSKGFDIW,4,0.02040816326530612
CARLTWLYYFDNW,2,0.01020408163265306
CARVGDNLEFDYW,3,0.015306122448979591
CARVSDASGYNFDYW,2,0.01020408163265306
CARYVYTALDVW,12,0.061224489795918366
CASTSCRLDYW,4,0.02040816326530612
CATFPDYW,2,0.01020408163265306
CATSIEGQFHYW,9,0.04591836734693878
CATVGDNLEFDYW,5,0.025510204081632654
CDYW,2,0.01020408163265306
CLADLDYW,16,0.08163265306122448
CSAASCYFWFDPW,2,0.01020408163265306
CSGGGCYDAFDLW,29,0.14795918367346939
CSLGAFDIW,2,0.01020408163265306
CSLGAFDLW,7,0.03571428571428571
CSLGAFDVW,2,0.01020408163265306
CSPSCYNDWYFDLW,3,0.015306122448979591
CSRRPDYW,3,0.015306122448979591
CTNRVCHHDYW,9,0.04591836734693878
CTNTVCYTAFDIW,2,0.01020408163265306
CTRFRGDPDAFDVW,2,0.01020408163265306
CTRGEFLDYW,17,0.08673469387755102
CTRSVEWSFDSW,2,0.01020408163265306
CTTSCYPNWFDPW,2,0.01020408163265306
CTTTTCYYFDFW,2,0.01020408163265306
CVRAADWAFDFW,2,0.01020408163265306
CVRDTFYRLDYW,3,0.015306122448979591
CVRVSIGWHFDRW,2,0.01020408163265306
