CDR3,count,relative.frequency
CARGNGDFDYW,2,0.2222222222222222
CARQTLTDPSDYW,4,0.4444444444444444
CSSTSCYAPFDYW,3,0.3333333333333333
