CDR3,count,relative.frequency
CAKDRPLWF,2,0.016260162601626018
CARAVKRITIF,35,0.2845528455284553
CAREPPRIF,14,0.11382113821138211
CAREQRITIF,2,0.016260162601626018
CARVRGTIF,10,0.08130081300813008
CASVPRISIF,2,0.016260162601626018
CCAYSPSSTLIF,2,0.016260162601626018
CHVWESRVEIF,2,0.016260162601626018
CQAWDRFVIF,2,0.016260162601626018
CQNYNHLPIIF,5,0.04065040650406504
CQQLDGYPLIF,2,0.016260162601626018
CQQSYSKLIF,2,0.016260162601626018
CQQSYSPLIF,2,0.016260162601626018
CQQYDNLPLIF,22,0.17886178861788618
CQQYYTIRPLTF,5,0.04065040650406504
CQTWDTDNVIF,2,0.016260162601626018
CQVWDTRSVIF,2,0.016260162601626018
CSSYGSNNNLIF,2,0.016260162601626018
CSSYTSRNTIF,8,0.06504065040650407
