CDR3,count,relative.frequency
CARHPIF,6,0.23076923076923078
CARHRHTIF,4,0.15384615384615385
CASYTRTTPWIF,2,0.07692307692307693
CQQSGGSSLIF,7,0.2692307692307692
CQQVETFPQIF,3,0.11538461538461539
CQSFDAANHLIF,2,0.07692307692307693
CTRGGERISIF,2,0.07692307692307693
