CDR3,count,relative.frequency
CAKRNLWHFDSW,5,0.09803921568627451
CARDFDSW,7,0.13725490196078433
CARDTGGSLDYW,5,0.09803921568627451
CAREVSGYIDYW,2,0.0392156862745098
CARGRPKLDYW,10,0.19607843137254902
CARQNGWFDPW,7,0.13725490196078433
CSGGACHLDYW,2,0.0392156862745098
CSGSDCQEDYW,3,0.058823529411764705
CTDYW,6,0.11764705882352941
CTVWSYYYYGMDVW,2,0.0392156862745098
CVDYGDYLFDYW,2,0.0392156862745098
