CDR3,count,relative.frequency
CAALHGEMDPVDYW,2,0.0009910802775024777
CAKDFTGPFDSW,2,0.0009910802775024777
CARAPSSDYW,4,0.0019821605550049554
CARDLSGRDDYW,5,0.002477700693756194
CARDRAQFDFW,10,0.004955401387512388
CARDSGVSFDFW,2,0.0009910802775024777
CAREARAFDYW,4,0.0019821605550049554
CAREGYTYGFDHW,2,0.0009910802775024777
CAREGYTYGLDYW,2,0.0009910802775024777
CAREWSSFDYW,5,0.002477700693756194
CARGASWAFEIW,2,0.0009910802775024777
CARGDGGDYW,2,0.0009910802775024777
CARGDRGAFDLW,2,0.0009910802775024777
CARGGVELDYW,6,0.002973240832507433
CARGGWKKHFDSW,2,0.0009910802775024777
CARGRSSAFDYW,2,0.0009910802775024777
CARGWGDFTYFDYW,2,0.0009910802775024777
CARGYERAIYFEYW,2,0.0009910802775024777
CARHGLQSFDYW,5,0.002477700693756194
CARHLSPRGFDPW,3,0.0014866204162537165
CARKGGGIDYW,2,0.0009910802775024777
CARMGDSATFDYW,18,0.008919722497522299
CARMGDSSTFDYW,2,0.0009910802775024777
CARNTVEFDPW,11,0.005450941526263627
CARSTGREYFQYW,2,0.0009910802775024777
CARSTVEFDSW,2,0.0009910802775024777
CARVFSGSYHDHW,2,0.0009910802775024777
CATDADTFWLDPW,3,0.0014866204162537165
CATLNYDAFDVW,2,0.0009910802775024777
CFDIW,2,0.0009910802775024777
CFDVW,2,0.0009910802775024777
CGIWALDVW,238,0.11793855302279485
CGIWAMDIW,2,0.0009910802775024777
CGIWAMDVW,501,0.24826560951437066
CGNWALDVW,37,0.018334985133795837
CGSGALDVW,2,0.0009910802775024777
CGSWALDVW,318,0.15758176412289396
CMVGLTRAFDTW,2,0.0009910802775024777
CRRAPDIFDVW,2,0.0009910802775024777
CSGGNCYSPDYW,12,0.005946481665014866
CSRGPYSNYDYW,2,0.0009910802775024777
CSRPYDSGDYW,16,0.007928642220019821
CSRTTSDSGDYW,4,0.0019821605550049554
CTCPYESGDYW,4,0.0019821605550049554
CTRDPDTSNKVDYW,5,0.002477700693756194
CTRIRDGGTFDIW,7,0.003468780971258672
CTRLSSSTFDFW,6,0.002973240832507433
CTRQDYW,696,0.34489593657086226
CTRRPSTDRGDYW,36,0.017839444995044598
CTTENWYYFDNW,2,0.0009910802775024777
CVNSGYGKFDDW,2,0.0009910802775024777
CVNSGYGYFEYW,2,0.0009910802775024777
CVRDLVGRDDYW,2,0.0009910802775024777
CVRDRRSCFDRW,2,0.0009910802775024777
CVRHSSSSGFDFW,2,0.0009910802775024777
CVSADSAWLDYW,2,0.0009910802775024777
