CDR3,count,relative.frequency
CAKDPTIF,4,0.06060606060606061
CALFQGDKIIF,2,0.030303030303030304
CAREPTIF,16,0.24242424242424243
CCSYAGGYTLIF,2,0.030303030303030304
CCSYAGRDVIF,4,0.06060606060606061
CHQYGSSPPFIF,9,0.13636363636363635
CMQNMQRPLTF,2,0.030303030303030304
CQHYFTTPYIF,2,0.030303030303030304
CQKTKSFPIIF,2,0.030303030303030304
CQQYGPALIF,4,0.06060606060606061
CQQYLTMPYIF,2,0.030303030303030304
CSSHTIASTLIF,2,0.030303030303030304
CSSYISENLIF,2,0.030303030303030304
CTRGTIF,5,0.07575757575757576
CVRRGLIF,2,0.030303030303030304
CVRRGMIF,2,0.030303030303030304
CVRSSIF,4,0.06060606060606061
