CDR3,count,relative.frequency
CASAWGWNEQYF,2,0.07142857142857142
CASSDLERGETQYF,2,0.07142857142857142
CASSISNRNYEQYF,2,0.07142857142857142
CASSLGGGSYGYTF,2,0.07142857142857142
CASSLGGGTGGYTF,2,0.07142857142857142
CASSNLPGNTIYF,2,0.07142857142857142
CASSSGGSSYEQYF,3,0.10714285714285714
CASSSLYGYTF,2,0.07142857142857142
CASSSTGIEAFF,2,0.07142857142857142
CQESYNTPLAF,7,0.25
CSNQPRHF,2,0.07142857142857142
