CDR3,count,relative.frequency
CAFDIW,5,0.017985611510791366
CAFNWGNGYFDLW,12,0.04316546762589928
CAGDYVGNWFDFW,2,0.007194244604316547
CAIGVADHFDFW,2,0.007194244604316547
CARALDYW,2,0.007194244604316547
CARDAGGSYFDYW,2,0.007194244604316547
CARDPAAWDYW,19,0.0683453237410072
CARDRGSSAIDYW,5,0.017985611510791366
CARDRSGFSSYFDYW,2,0.007194244604316547
CARDTVAYAFDIW,2,0.007194244604316547
CARDWGELPDYW,2,0.007194244604316547
CAREAYGDYYFDSW,2,0.007194244604316547
CAREGPFDYW,5,0.017985611510791366
CARESWWYFDYW,5,0.017985611510791366
CARFYNLDYW,2,0.007194244604316547
CARGGAYRGFDSW,2,0.007194244604316547
CARGIADDYW,16,0.05755395683453238
CARGLSGPPGFDYW,2,0.007194244604316547
CARGLWTGTTFDYW,3,0.01079136690647482
CARGTGSYYFTDW,3,0.01079136690647482
CARGWVADAFHIW,2,0.007194244604316547
CARHPGSGFDSW,2,0.007194244604316547
CARIFDSW,7,0.025179856115107913
CARLDSSGFDYW,28,0.10071942446043165
CARPLSPLNYFDFW,2,0.007194244604316547
CARQGGDNAFDIW,2,0.007194244604316547
CARQPDRDDAFDMW,2,0.007194244604316547
CARRFDSW,6,0.02158273381294964
CARRGDDPGDYW,3,0.01079136690647482
CARRMATTTHYFDYW,2,0.007194244604316547
CARRTGYRYDYW,3,0.01079136690647482
CARSTGSADYW,2,0.007194244604316547
CARSYGLFDYW,4,0.014388489208633094
CARTSGDSGFDSW,4,0.014388489208633094
CARTSGDSGFDYW,2,0.007194244604316547
CARVGDGWYGDYW,5,0.017985611510791366
CARVGRSGYYAYW,2,0.007194244604316547
CARYGSGYFDIW,2,0.007194244604316547
CATQNFDYW,7,0.025179856115107913
CSDTACGWFDSW,4,0.014388489208633094
CSDTSCGWLDPW,3,0.01079136690647482
CSGASCYPFDYW,3,0.01079136690647482
CSGGSCYFDSW,2,0.007194244604316547
CSGLNCYFQYW,2,0.007194244604316547
CSLDAFDIW,2,0.007194244604316547
CSNSLDYW,4,0.014388489208633094
CSRGVCNWFFDVW,2,0.007194244604316547
CTGETYYFDYW,2,0.007194244604316547
CTHEPNWFDPW,2,0.007194244604316547
CTKDSSSWYHDYW,4,0.014388489208633094
CTRADPGYFDYW,4,0.014388489208633094
CTREERHDTLDVW,5,0.017985611510791366
CTRTTCPFDPW,6,0.02158273381294964
CTTTPCRDSFDIW,2,0.007194244604316547
CTTTTCRDSFDIW,32,0.11510791366906475
CTTTTCRDSFDVW,2,0.007194244604316547
CVRDRSHWFDPW,2,0.007194244604316547
CVRGIGGYYFTNW,2,0.007194244604316547
CVRGLGSPNWYDSW,2,0.007194244604316547
CYAVYYYGMDVW,2,0.007194244604316547
CYCYFDHW,2,0.007194244604316547
CYLKDKHYFDSW,2,0.007194244604316547
CYYMDVW,3,0.01079136690647482
