CDR3,count,relative.frequency
CASSEGRTEAFF,2,0.05128205128205128
CASSFPGAEAFF,6,0.15384615384615385
CASSLALNSEKLFF,4,0.10256410256410256
CASSLGSNQPQHF,2,0.05128205128205128
CASSQRDYGYTF,2,0.05128205128205128
CASSVAPYKTEAFF,10,0.2564102564102564
CASTQYGNTIYF,3,0.07692307692307693
CQQYGKTF,6,0.15384615384615385
CSARGRDYGYTF,2,0.05128205128205128
CSASRPGRTEAFF,2,0.05128205128205128
