CDR3,count,relative.frequency
CMHALEPPYIF,2,0.11764705882352941
CQAWYTSSLIF,15,0.8823529411764706
