CDR3,count,relative.frequency
CAREKIF,3,0.0967741935483871
CARITDNTIF,8,0.25806451612903225
CARPLTRLLWF,18,0.5806451612903226
CSSYGGNNNLIF,2,0.06451612903225806
