CDR3,count,relative.frequency
CARDSTYKLDYW,2,0.11764705882352941
CAREGNYRSFAYW,2,0.11764705882352941
CARSLRGYHFDHW,2,0.11764705882352941
CATYKDRTTFDYW,3,0.17647058823529413
CCAFDIW,2,0.11764705882352941
CGMDVW,2,0.11764705882352941
CTGGVCYFFDYW,2,0.11764705882352941
CVGGYGYLFDYW,2,0.11764705882352941
