CDR3,count,relative.frequency
CARDEAFF,2,0.3333333333333333
CASSWVAGNEQFF,2,0.3333333333333333
CASTNTDTQYF,2,0.3333333333333333
