CDR3,count,relative.frequency
CASSLDYEQYF,4,0.14814814814814814
CASSPDGGGNTIYF,4,0.14814814814814814
CASSPGTYYGYTF,2,0.07407407407407407
CASSTEQGETQYF,6,0.2222222222222222
CASSVYRETQYF,2,0.07407407407407407
CATKQGGRGEAFF,5,0.18518518518518517
CQKNDNVPYTF,2,0.07407407407407407
CSAKSGRATKNIQYF,2,0.07407407407407407
