CDR3,count,relative.frequency
CAAWDDTLTGWVF,2,0.03278688524590164
CLLSYSGPWVF,2,0.03278688524590164
CMIWHSSAWVF,2,0.03278688524590164
CQAWDSNTAVF,18,0.29508196721311475
CQAWDSNTVVF,6,0.09836065573770492
CQAWDSSTVVF,3,0.04918032786885246
CQSADRGGTRVF,4,0.06557377049180328
CQSYDSSNPWVF,2,0.03278688524590164
CQSYDTSLSGSGVF,2,0.03278688524590164
CSSYAGSNHWVF,2,0.03278688524590164
CSSYAGSNTFVVF,4,0.06557377049180328
CSSYTSSRTLVF,7,0.11475409836065574
CVLFMGSGIWVF,2,0.03278688524590164
CVLYMGSGLVF,5,0.08196721311475409
