CDR3,count,relative.frequency
CQLLNDYPLIF,4,0.21052631578947367
CQQYDSPLITF,13,0.6842105263157895
CQTWDRGMIF,2,0.10526315789473684
