CDR3,count,relative.frequency
CAISRRPLF,16,0.5161290322580645
CAREVGRIVIF,4,0.12903225806451613
CARGGRMTIF,2,0.06451612903225806
CARRDTIF,3,0.0967741935483871
CQQYYRTPLIF,4,0.12903225806451613
CQSYDTGLIF,2,0.06451612903225806
