CDR3,count,relative.frequency
CAAWDDRLNGWVF,4,0.0070052539404553416
CAAWDDSLNCPVF,7,0.012259194395796848
CAAWDDSLNGHVVF,3,0.005253940455341506
CAAWDDSLNGPVF,20,0.03502626970227671
CAAWDDSLNGWMF,4,0.0070052539404553416
CAAWDDSLSGDWVF,2,0.0035026269702276708
CAAWDDSLSGRVF,7,0.012259194395796848
CAAWDDSLSGVVF,2,0.0035026269702276708
CAAWDDSLSGWVF,2,0.0035026269702276708
CAAWDDSLSVVF,42,0.07355516637478109
CALYMNSGIWVF,2,0.0035026269702276708
CCSYAGSYTFVF,2,0.0035026269702276708
CGADHGSGSNFVF,2,0.0035026269702276708
CGTWDSSLRIGVF,8,0.014010507880910683
CGTWDSSLSVYWVF,2,0.0035026269702276708
CGTWDTSLSAYVF,2,0.0035026269702276708
CLLYYGGALVF,3,0.005253940455341506
CLLYYGGVQPLVVF,6,0.010507880910683012
CLLYYVGAQLFVF,2,0.0035026269702276708
CMIWHNSAWVF,3,0.005253940455341506
CMIWHSSAWVF,8,0.014010507880910683
CMIWHSSSWVF,2,0.0035026269702276708
CQAWDSSTAVF,6,0.010507880910683012
CQAWDSSTEMVF,17,0.0297723292469352
CQAWDSSTNWVF,3,0.005253940455341506
CQSADSSSTNWVF,200,0.3502626970227671
CQSHDSSLSGSVF,76,0.1330998248686515
CQSYDDSLSGSEVF,2,0.0035026269702276708
CQSYDNFNHWVF,2,0.0035026269702276708
CQSYDSDLTGWVF,6,0.010507880910683012
CQSYDSSLNVYVF,2,0.0035026269702276708
CQSYDSSLRAVVF,2,0.0035026269702276708
CQSYDSSLSGVVF,2,0.0035026269702276708
CQSYDSSNWVF,2,0.0035026269702276708
CQSYDSSNYVF,6,0.010507880910683012
CQSYDSTDVLF,18,0.03152364273204904
CQTWGTGIQWVF,4,0.0070052539404553416
CQVWDSDSDHRVF,2,0.0035026269702276708
CQVWDSNSDHVVF,8,0.014010507880910683
CQVWDSNTALVF,5,0.008756567425569177
CQVWETTHGVF,2,0.0035026269702276708
CSAWDSSLSAQVF,4,0.0070052539404553416
CSSYAGSNNLVF,3,0.005253940455341506
CSSYAGSNNRVF,2,0.0035026269702276708
CSSYAGSNNWVF,10,0.017513134851138354
CSSYTDSSTLVF,12,0.021015761821366025
CSSYTSSSTVF,3,0.005253940455341506
CSSYTSSSTYVF,3,0.005253940455341506
CSSYTSSTTHVVF,4,0.0070052539404553416
CSSYTTSSTVF,2,0.0035026269702276708
CSYAGSSKFVF,2,0.0035026269702276708
CSYAGSSTWVF,6,0.010507880910683012
CYSAADNNVGVF,3,0.005253940455341506
CYSTDSSGNLWVF,2,0.0035026269702276708
CYSTVSSGIHAF,15,0.02626970227670753
