CDR3,count,relative.frequency
CAKDLSGYHDSW,2,0.031746031746031744
CARAPRAFDYVW,3,0.047619047619047616
CARFRNGDFYADIW,2,0.031746031746031744
CARGINDYW,4,0.06349206349206349
CARIHDYW,2,0.031746031746031744
CARNLEGLDYW,2,0.031746031746031744
CARQRGLGDYW,5,0.07936507936507936
CARTKDAWLDPW,2,0.031746031746031744
CATDDPNKIIDYW,3,0.047619047619047616
CMSDLDYW,8,0.12698412698412698
CTGGVCYSVDYW,2,0.031746031746031744
CTRGECVTWFDPW,2,0.031746031746031744
CVREVRANRFDSW,8,0.12698412698412698
CVRGGYNGGFDYW,5,0.07936507936507936
CYAMDIW,2,0.031746031746031744
CYRSLDYW,6,0.09523809523809523
CYSVDYW,5,0.07936507936507936
