CDR3,count,relative.frequency
CARGGYTF,11,0.5
CASSGDRKDIQYF,2,0.09090909090909091
CASSGGGRTEAFF,3,0.13636363636363635
CSAHRGYQETQYF,2,0.09090909090909091
CSARGQGETQYF,2,0.09090909090909091
CSGGSGDTQYF,2,0.09090909090909091
