CDR3,count,relative.frequency
CAKDFQMPGIF,2,0.2222222222222222
CARLRVTIF,4,0.4444444444444444
CNSRDSTRPVIF,3,0.3333333333333333
