CDR3,count,relative.frequency
CAAGDSRTNTDYW,2,0.00904977375565611
CAGDDGDAFDVW,2,0.00904977375565611
CAKDSNWYFENW,8,0.03619909502262444
CAQIGAGDLFDVW,8,0.03619909502262444
CARAGYSSGLLDYW,6,0.027149321266968326
CARDDEYYAMDVW,26,0.11764705882352941
CARDLSYAFDIW,17,0.07692307692307693
CARDQGPVFDYW,37,0.167420814479638
CARDQTNDYGDYW,13,0.058823529411764705
CARDRGSYVDYW,2,0.00904977375565611
CARGAYYFDSW,4,0.01809954751131222
CARGNYQADYW,4,0.01809954751131222
CARGQNSHFDYW,8,0.03619909502262444
CARLGVEGVDYW,5,0.02262443438914027
CARPEGGADAFDIW,2,0.00904977375565611
CARVSGERRDYW,3,0.013574660633484163
CARVVSAFDIW,4,0.01809954751131222
CASDRGGDFDYW,2,0.00904977375565611
CASHLLAMDVW,17,0.07692307692307693
CASLPVGAGFDYW,2,0.00904977375565611
CASRGEGDAFDIW,5,0.02262443438914027
CASRSGSYFDYW,2,0.00904977375565611
CATDSSTLNDAFDIW,2,0.00904977375565611
CATLPVGAGFDYW,15,0.06787330316742081
CAVHPADYW,3,0.013574660633484163
CDYW,2,0.00904977375565611
CSGNNCPDALDIW,2,0.00904977375565611
CSRASCYGYLDYW,2,0.00904977375565611
CSSTNCPGWFDPW,2,0.00904977375565611
CTGDCYTDYW,2,0.00904977375565611
CTGRNCPDAFDIW,8,0.03619909502262444
CTTMGGDPGFDFW,2,0.00904977375565611
CTTQSGISAFDIW,2,0.00904977375565611
