CDR3,count,relative.frequency
CALPICIHSRGF,2,0.008658008658008658
CAREMMSTF,7,0.030303030303030304
CARGDF,5,0.021645021645021644
CARGSGF,9,0.03896103896103896
CCSYGGTYVF,2,0.008658008658008658
CESASYPEGNF,84,0.36363636363636365
CGSPEAF,16,0.06926406926406926
CISFLFFSFF,9,0.03896103896103896
CLLNSRKMTF,6,0.025974025974025976
CLQSFDSPYTF,4,0.017316017316017316
CMQGPYTF,2,0.008658008658008658
CMQSKHLWTF,2,0.008658008658008658
CMQTLQASSTF,2,0.008658008658008658
CQHSFSMPWTF,4,0.017316017316017316
CQHYENLPITF,2,0.008658008658008658
CQHYSTSTYTF,2,0.008658008658008658
CQQANSLLTF,2,0.008658008658008658
CQQFGTF,2,0.008658008658008658
CQQFYTAPVTF,35,0.15151515151515152
CQQGFNTRWTF,2,0.008658008658008658
CQQMNALPITF,11,0.047619047619047616
CQQSYITPFTF,4,0.017316017316017316
CQQSYNTPWTF,3,0.012987012987012988
CQQSYTFPTF,4,0.017316017316017316
CQQTGTF,2,0.008658008658008658
CQVGDSSNDQVIF,3,0.012987012987012988
CSDVIIARCGF,2,0.008658008658008658
CSSDAYNTACGF,3,0.012987012987012988
