CDR3,count,relative.frequency
CASSIWGYEQYF,3,0.08333333333333333
CASSLLGSSYEQYF,2,0.05555555555555555
CASSLTAYEQYF,11,0.3055555555555556
CASSPSPFETQYF,4,0.1111111111111111
CASSRQRSYEQYF,2,0.05555555555555555
CASTLGNQPQHF,2,0.05555555555555555
CSAMTGYEQYF,9,0.25
CSATVNTEAFF,3,0.08333333333333333
