CDR3,count,relative.frequency
CASSSFLQDSYEQYF,2,0.16666666666666666
CASTQDLTDTQYF,2,0.16666666666666666
CMQTSQYPYTF,2,0.16666666666666666
CYSATANTEGVF,6,0.5
