CDR3,count,relative.frequency
CAASQRGAIF,4,0.01951219512195122
CAKVPLIF,25,0.12195121951219512
CAPAIF,2,0.00975609756097561
CARAPLAIF,3,0.014634146341463415
CARDRDSIF,12,0.05853658536585366
CARERITIF,2,0.00975609756097561
CARGTIF,2,0.00975609756097561
CARHRITIF,8,0.03902439024390244
CARIRPLWF,23,0.11219512195121951
CARQRITIF,2,0.00975609756097561
CARRPLAF,6,0.02926829268292683
CARRSIF,2,0.00975609756097561
CASYTTTTALIF,4,0.01951219512195122
CCSSAGSTTLIF,2,0.00975609756097561
CCSYAGSDNLIF,2,0.00975609756097561
CCSYAGSRSLIF,3,0.014634146341463415
CCSYTADSTLIF,2,0.00975609756097561
CCSYTGSGTLIF,7,0.03414634146341464
CCSYTSDSILIF,3,0.014634146341463415
CGSYTASRTVIF,3,0.014634146341463415
CMQGKRPPYIF,4,0.01951219512195122
CNSRRGNPVIF,5,0.024390243902439025
CQQYNNWPFIF,2,0.00975609756097561
CQSYDARSVIF,8,0.03902439024390244
CSSCLTSNSLIF,6,0.02926829268292683
CSSCPDSRSVIF,4,0.01951219512195122
CSSCPSSRSVIF,6,0.02926829268292683
CSSCPTSNSLIF,14,0.06829268292682927
CSSCTTIKSLIF,2,0.00975609756097561
CSSHINNNSLIF,2,0.00975609756097561
CSSNTGNRHLIF,10,0.04878048780487805
CSSYAGRASIF,2,0.00975609756097561
CSSYATTNSLIF,15,0.07317073170731707
CSSYTITDTLIF,6,0.02926829268292683
CTSYTTSNTLIF,2,0.00975609756097561
