CDR3,count,relative.frequency
CASGGGATGELFF,14,0.17073170731707318
CASRYGGYEQYF,20,0.24390243902439024
CASSAQDYGYTF,2,0.024390243902439025
CASSEAGSAYEQYF,2,0.024390243902439025
CASSIVSGNEQFF,5,0.06097560975609756
CASSLDGTGEKLFF,2,0.024390243902439025
CASSLGDRVYEQYF,8,0.0975609756097561
CASSLQAAGYGYTF,4,0.04878048780487805
CASSQDSPGGYTF,2,0.024390243902439025
CASSQGYEQYF,2,0.024390243902439025
CASSTAVYNEQFF,5,0.06097560975609756
CASTTQDYGYTF,2,0.024390243902439025
CASTYGGYEQYF,5,0.06097560975609756
CSASGQGAVNIQYF,2,0.024390243902439025
CSAYINTSYFF,3,0.036585365853658534
CSVEEDLNTEAFF,4,0.04878048780487805
