CDR3,count,relative.frequency
CASSLARYVEQFF,2,0.2857142857142857
CASSPGPGAGNTIYF,2,0.2857142857142857
CSVEAEQPEAFF,3,0.42857142857142855
