CDR3,count,relative.frequency
CAAFPGTDRCFDSW,2,0.00796812749003984
CAGPDITYFDLW,3,0.01195219123505976
CAHGSGWLFDFW,3,0.01195219123505976
CAKEVNGDYLDYW,2,0.00796812749003984
CAKSDWFDPW,2,0.00796812749003984
CARDHDDSDTFDIW,2,0.00796812749003984
CARDLVPGFDYW,4,0.01593625498007968
CARDPGTYRFDHW,2,0.00796812749003984
CARDPGTYRFDYW,39,0.1553784860557769
CARESRGGQFDNW,2,0.00796812749003984
CARGAGYIVDYW,3,0.01195219123505976
CARGGRGDAFDFW,19,0.07569721115537849
CARGGSGYDYW,9,0.035856573705179286
CARGRHDYNRFDPW,2,0.00796812749003984
CARGTGSFIYW,3,0.01195219123505976
CARGTGWFDFW,5,0.0199203187250996
CARGTTQLLFDFW,5,0.0199203187250996
CARMQTTSNWFDPW,2,0.00796812749003984
CARQESSNQHDYW,2,0.00796812749003984
CARRAVVGRYFDFW,4,0.01593625498007968
CARRGGSGDAVDYW,3,0.01195219123505976
CARSDWFDPW,6,0.02390438247011952
CATDDDYYFDHW,2,0.00796812749003984
CATNTIEAFDIW,6,0.02390438247011952
CEAFSVW,20,0.0796812749003984
CLRRRGDSAYDYW,22,0.08764940239043825
CLRRRGNSAYDYW,17,0.06772908366533864
CLRRRGNSGYDYW,10,0.0398406374501992
CSADLDYW,2,0.00796812749003984
CSAGHCSFDSW,2,0.00796812749003984
CSGGGAMDVW,2,0.00796812749003984
CSGGSCYSYFDYW,4,0.01593625498007968
CSRGGAMDVW,14,0.055776892430278883
CTNGICFLDYW,4,0.01593625498007968
CTNRICYLDYW,16,0.06374501992031872
CTRGGAMDVW,2,0.00796812749003984
CVRGSGWLGDYW,2,0.00796812749003984
CVRTYGSGVTDYW,2,0.00796812749003984
