CDR3,count,relative.frequency
CASSFTGFTEAFF,2,0.11764705882352941
CASSGTEYNEQFF,2,0.11764705882352941
CASSIQGAVYGYTF,2,0.11764705882352941
CASSLGGGGYTF,5,0.29411764705882354
CASSLGGRREQYF,2,0.11764705882352941
CASSLVGITGELFF,2,0.11764705882352941
CASSPAPSETEAFF,2,0.11764705882352941
