CDR3,count,relative.frequency
CARDRRRIAIF,7,0.09722222222222222
CARNGGERITIF,2,0.027777777777777776
CARNRRRITIF,4,0.05555555555555555
CARQKRRTIF,6,0.08333333333333333
CCSYAGTYTLIF,2,0.027777777777777776
CGRIRIF,22,0.3055555555555556
CGRITIF,6,0.08333333333333333
CHQYNTYPYIF,3,0.041666666666666664
CQQLKRYPLIF,2,0.027777777777777776
CSSYTDTTTLIF,4,0.05555555555555555
CTSDQRITIF,2,0.027777777777777776
CVKATPAIF,2,0.027777777777777776
CVRSNIF,8,0.1111111111111111
CVTSPRIF,2,0.027777777777777776
