CDR3,count,relative.frequency
CAGTNSNIGAGF,2,0.012269938650306749
CARGSGF,14,0.08588957055214724
CASYSSGTTYVF,2,0.012269938650306749
CESASYPEGNF,26,0.15950920245398773
CFSASDRNLGF,2,0.012269938650306749
CGSLWGGGGF,2,0.012269938650306749
CISYATGGTLLF,4,0.024539877300613498
CLLSYRGSWGF,2,0.012269938650306749
CLQSYSPPYTF,2,0.012269938650306749
CLQTTHFGYTF,2,0.012269938650306749
CLQYKTYPLTF,2,0.012269938650306749
CLQYKTYSETF,2,0.012269938650306749
CMQGLQFFTF,3,0.018404907975460124
CMQTKQPDFTF,3,0.018404907975460124
CNSRDTGGNHVGF,2,0.012269938650306749
CQASYGAPRTF,4,0.024539877300613498
CQESYSPLMYTF,3,0.018404907975460124
CQFGTF,2,0.012269938650306749
CQHFDSESVTF,2,0.012269938650306749
CQHLTNWPHTF,2,0.012269938650306749
CQHSGTF,2,0.012269938650306749
CQHVDTWLSTF,3,0.018404907975460124
CQHYADLPFTF,4,0.024539877300613498
CQHYLRNPITF,2,0.012269938650306749
CQLYGNTAWTF,2,0.012269938650306749
CQQCHDFPHTF,2,0.012269938650306749
CQQGYEIPLTF,2,0.012269938650306749
CQQRGNLPLTF,2,0.012269938650306749
CQQSYNIPSTF,8,0.049079754601226995
CQQSYNSLFTF,4,0.024539877300613498
CQQSYTNFLTF,2,0.012269938650306749
CQQTYGTSLTF,3,0.018404907975460124
CQQTYTSPTF,3,0.018404907975460124
CQQVNTF,2,0.012269938650306749
CQQYAASWTF,2,0.012269938650306749
CQQYFALPWTF,4,0.024539877300613498
CQQYHTSSTF,2,0.012269938650306749
CQQYVRSPWTF,4,0.024539877300613498
CQSYDSSLRSVGF,2,0.012269938650306749
CQSYYKGTRGVF,3,0.018404907975460124
CQTWDTDIRGF,2,0.012269938650306749
CRHYGISWTF,2,0.012269938650306749
CRQSGDWPTF,2,0.012269938650306749
CSSFSSGTTLVVF,12,0.0736196319018405
CYSAADNNRGF,4,0.024539877300613498
