CDR3,count,relative.frequency
CASSLNRGPEAFF,2,0.08695652173913043
CASSLRGTTEAFF,6,0.2608695652173913
CASSLVSGEKLFF,2,0.08695652173913043
CASSPGLAYEQHF,2,0.08695652173913043
CASSPGLAYEQYF,2,0.08695652173913043
CASSPPQGHQPQHF,2,0.08695652173913043
CASTQGGGYTF,3,0.13043478260869565
CAWSRGGSTDTQYF,2,0.08695652173913043
CSAGHTEAFF,2,0.08695652173913043
