CDR3,count,relative.frequency
CAKDASGYSTYW,2,0.043478260869565216
CAKDRTLDYW,3,0.06521739130434782
CAKGRVDAYYDYW,2,0.043478260869565216
CAKQPGSDWYFDFW,2,0.043478260869565216
CAKYNWFDPW,3,0.06521739130434782
CARDKGTRCIDYW,2,0.043478260869565216
CARDLRAFDVW,3,0.06521739130434782
CARGGGAFDIW,4,0.08695652173913043
CARSGRGFDSW,4,0.08695652173913043
CARTFASSSFFDFW,2,0.043478260869565216
CASLNLDHAFDVW,2,0.043478260869565216
CATTVAGYFDNW,7,0.15217391304347827
CDPW,2,0.043478260869565216
CSRSNRAAAGDYW,4,0.08695652173913043
CVYYNYYDMDVW,2,0.043478260869565216
CYTEGWFDPW,2,0.043478260869565216
