CDR3,count,relative.frequency
CCSYADKLVF,4,0.4444444444444444
CHQYNEWPLIF,2,0.2222222222222222
CQQYGRALIF,3,0.3333333333333333
