CDR3,count,relative.frequency
CAKRRTIF,9,0.125
CQRYSAAPIIF,3,0.041666666666666664
CQTWGTGPLIF,60,0.8333333333333334
