CDR3,count,relative.frequency
CARDRIF,2,0.024691358024691357
CAREVRITIF,2,0.024691358024691357
CARGRMRIF,14,0.1728395061728395
CCSYADSRTVIF,19,0.2345679012345679
CCSYAGFSTLIF,2,0.024691358024691357
CCSYAGSVGLIF,2,0.024691358024691357
CEQSYNSPFIF,6,0.07407407407407407
CGSYTINSAPVIF,3,0.037037037037037035
CQQFHTRPLTF,3,0.037037037037037035
CQQRSDSRALIF,2,0.024691358024691357
CQQSYGPPLIF,2,0.024691358024691357
CQQSYSTPLIF,2,0.024691358024691357
CQQTLTAPLTF,2,0.024691358024691357
CQSSDNIRPLF,2,0.024691358024691357
CSSFTSTNTLIF,5,0.06172839506172839
CSSYSAGSSLIF,6,0.07407407407407407
CSSYTIRTNLIF,2,0.024691358024691357
CSSYTSRLNLIF,3,0.037037037037037035
CYQSYSTPLIF,2,0.024691358024691357
