CDR3,count,relative.frequency
CAFKLWGSQGNLIF,2,0.044444444444444446
CARERITIF,16,0.35555555555555557
CARRDLWF,2,0.044444444444444446
CHQFHSPPFIF,4,0.08888888888888889
CHQSFNTPYIF,6,0.13333333333333333
CQAGDSRIAIF,2,0.044444444444444446
CQESYNKPYIF,2,0.044444444444444446
CQSADNTDRVIF,2,0.044444444444444446
CQSYDTNKAIF,3,0.06666666666666667
CSSNTRDSILIF,2,0.044444444444444446
CSSYTRRSPIIF,2,0.044444444444444446
CYSVADRHVIF,2,0.044444444444444446
