CDR3,count,relative.frequency
CIVEDNTDKLIF,2,0.07407407407407407
CQAWDNRAVIF,23,0.8518518518518519
CQAWGSRPIF,2,0.07407407407407407
