CDR3,count,relative.frequency
CASGLVYEQYF,2,0.06896551724137931
CASRFAGNYGYTF,2,0.06896551724137931
CASSFDGNTIYF,4,0.13793103448275862
CASSFGEGDTQYF,8,0.27586206896551724
CASSLYDTQYF,2,0.06896551724137931
CASSPSTGVYEQYF,7,0.2413793103448276
CASSQGTEAFF,2,0.06896551724137931
CASSRTGTNTEAFF,2,0.06896551724137931
