CDR3,count,relative.frequency
CARAWGCF,2,0.00975609756097561
CARENKLTF,2,0.00975609756097561
CARGTF,3,0.014634146341463415
CARHHNSGTYF,2,0.00975609756097561
CASYTYSRTLVF,2,0.00975609756097561
CATWDDSLSAFVF,2,0.00975609756097561
CCALVGSLLFGF,2,0.00975609756097561
CCSFRNGGTYVF,2,0.00975609756097561
CCSRDRSGTIVF,2,0.00975609756097561
CCSYAGGF,2,0.00975609756097561
CCSYAGSTTF,2,0.00975609756097561
CCTYTGTYVF,4,0.01951219512195122
CESASYPEGNF,6,0.02926829268292683
CGSLWGGGGF,3,0.014634146341463415
CGSPEAF,36,0.17560975609756097
CHHYTSFSRTF,2,0.00975609756097561
CHQYDNWLQTF,2,0.00975609756097561
CHQYGNSRTF,4,0.01951219512195122
CHQYGRALWTF,2,0.00975609756097561
CHQYNDWYTF,8,0.03902439024390244
CHQYSDYPLTF,3,0.014634146341463415
CHQYSRFSTF,2,0.00975609756097561
CIQTLQSPTF,5,0.024390243902439025
CLLGQNGWHISGF,3,0.014634146341463415
CLQHNIPWTF,3,0.014634146341463415
CLQTNQFPATF,4,0.01951219512195122
CLQYNSWGF,2,0.00975609756097561
CLQYYSYPLNF,2,0.00975609756097561
CMQGSYWPFNF,4,0.01951219512195122
CMQGTLTWTF,4,0.01951219512195122
CMQRLQARTF,4,0.01951219512195122
CNSRDMF,2,0.00975609756097561
CQHFGGSPPYTF,2,0.00975609756097561
CQHFINWAITF,2,0.00975609756097561
CQHSYNIPPTF,2,0.00975609756097561
CQHYASSPLTF,2,0.00975609756097561
CQQFGYSAFTF,2,0.00975609756097561
CQQFVDSVRTF,2,0.00975609756097561
CQQFVSPGLTF,2,0.00975609756097561
CQQLTAYGGTF,4,0.01951219512195122
CQQRFNLFTF,2,0.00975609756097561
CQQRGSWPHNF,2,0.00975609756097561
CQQRRRMWTF,2,0.00975609756097561
CQQSDNSFRTF,2,0.00975609756097561
CQQSFSSTF,2,0.00975609756097561
CQQSYGMSWTF,4,0.01951219512195122
CQQYFFMPYTF,2,0.00975609756097561
CQQYFRPPPTF,3,0.014634146341463415
CQQYGRTF,3,0.014634146341463415
CQQYGTSPRTF,8,0.03902439024390244
CQQYSNVYTF,5,0.024390243902439025
CQQYSTSSPTF,2,0.00975609756097561
CQQYSTYWTF,2,0.00975609756097561
CQQYYTSRDTF,2,0.00975609756097561
CQRHATSHYTF,2,0.00975609756097561
CQRYGRSPRGGF,2,0.00975609756097561
CQSYHDWPATF,2,0.00975609756097561
CREYKSYPINF,4,0.01951219512195122
CSPSDPMVFSSF,2,0.00975609756097561
CSSYSSTNALGF,2,0.00975609756097561
CTSYINDSLNF,2,0.00975609756097561
CVRDRNF,2,0.00975609756097561
