CDR3,count,relative.frequency
CSGANVLTF,2,0.3333333333333333
CSNQPQHF,4,0.6666666666666666
