CDR3,count,relative.frequency
CASADRYNQPQHF,2,0.058823529411764705
CASRETQYF,2,0.058823529411764705
CASRPQGTEAFF,16,0.47058823529411764
CASSEFEELEAFF,2,0.058823529411764705
CASSIGQHYEQYF,3,0.08823529411764706
CASSQGFYGYTF,2,0.058823529411764705
CASVRESYNEQFF,2,0.058823529411764705
CATRAGLMNTEAFF,3,0.08823529411764706
CSVEDGRGETQYF,2,0.058823529411764705
