CDR3,count,relative.frequency
CARGAIF,3,0.022058823529411766
CCSYAGISTLIF,6,0.04411764705882353
CCSYAGNYTLIF,5,0.03676470588235294
CCSYAGRSTLIF,5,0.03676470588235294
CCSYAGSRALIF,4,0.029411764705882353
CCSYAGSRTLIF,25,0.18382352941176472
CCSYASSRTLIF,2,0.014705882352941176
CGSYAGISTLIF,2,0.014705882352941176
CMQTLQRPLIF,2,0.014705882352941176
CMQVLQNPLIF,16,0.11764705882352941
CQQSHYWPFIF,2,0.014705882352941176
CQQYHYWPFIF,11,0.08088235294117647
CQQYYSYPLIF,2,0.014705882352941176
CQQYYTLPLIF,2,0.014705882352941176
CQSFDNRLVIF,2,0.014705882352941176
CQSFDSRLVIF,2,0.014705882352941176
CQSFDSRVEIF,2,0.014705882352941176
CQSFDYRREIF,5,0.03676470588235294
CQTWDRYTIF,2,0.014705882352941176
CQTWDTDTGIF,4,0.029411764705882353
CSSYTSSRTLIF,32,0.23529411764705882
