CDR3,count,relative.frequency
CAGRLDYW,2,0.014598540145985401
CAKDNEFYIDFW,2,0.014598540145985401
CARAYSSSWDYW,4,0.029197080291970802
CARDADVW,2,0.014598540145985401
CARDLDYW,5,0.0364963503649635
CARDLGGGAFDYW,2,0.014598540145985401
CARDWAYAFDVW,3,0.021897810218978103
CARDYFSGFDYW,3,0.021897810218978103
CAREGDAFDIW,32,0.23357664233576642
CAREVYRADYW,3,0.021897810218978103
CARGLNSFDLW,6,0.043795620437956206
CARLFSATNFDGW,2,0.014598540145985401
CARNETGSFDYW,4,0.029197080291970802
CARRYGSSADYW,7,0.051094890510948905
CASSSTSWWFDPW,48,0.35036496350364965
CDPYLDSW,2,0.014598540145985401
CSGGSCYGWFDPW,3,0.021897810218978103
CSGGSCYTPFDYW,5,0.0364963503649635
CTGGSCYPDYW,2,0.014598540145985401
