CDR3,count,relative.frequency
CAASGFIFNNF,2,0.02197802197802198
CARHNF,2,0.02197802197802198
CCSFTGNSFVF,2,0.02197802197802198
CCSYAGLFFVF,2,0.02197802197802198
CCSYAGYYVF,2,0.02197802197802198
CESASYPEGNF,2,0.02197802197802198
CGSSTTSGTWLF,4,0.04395604395604396
CHQDYSAPWTF,2,0.02197802197802198
CHQGHRIPHTF,2,0.02197802197802198
CHQHYRPPQTF,2,0.02197802197802198
CHQSYTVPQTF,2,0.02197802197802198
CHQTYNPPFTF,2,0.02197802197802198
CHQYYTTFWTF,3,0.03296703296703297
CINPKILNF,2,0.02197802197802198
CLQDSSYPVTF,3,0.03296703296703297
CLQYDSLPYTF,2,0.02197802197802198
CLQYNSDRTF,2,0.02197802197802198
CMQGTGLYSF,2,0.02197802197802198
CQAYDKLFTF,2,0.02197802197802198
CQHFNDWPLTF,2,0.02197802197802198
CQHSHNMPYTF,2,0.02197802197802198
CQQSFISPRTF,3,0.03296703296703297
CQQSQTIPLTF,2,0.02197802197802198
CQQSSTTPLTF,2,0.02197802197802198
CQQSYITLITF,2,0.02197802197802198
CQQTYRIPRTF,2,0.02197802197802198
CQQYAFVPWTF,2,0.02197802197802198
CQQYATTPLNF,2,0.02197802197802198
CQQYHRDSGF,2,0.02197802197802198
CQQYMSCWTF,2,0.02197802197802198
CQQYRTF,3,0.03296703296703297
CQQYYNILWTF,2,0.02197802197802198
CQRCDSLFTF,2,0.02197802197802198
CQRYDRYPPTF,2,0.02197802197802198
CQRYGTSVPYTF,2,0.02197802197802198
CQYFSNHFLTF,2,0.02197802197802198
CTASRFAFSNF,9,0.0989010989010989
CVKMGLF,2,0.02197802197802198
CVVSGLTFSTF,2,0.02197802197802198
