CDR3,count,relative.frequency
CAANSDHLNF,2,0.007462686567164179
CAKGF,4,0.014925373134328358
CALVDGCLRGF,2,0.007462686567164179
CAREF,14,0.05223880597014925
CARGEGF,14,0.05223880597014925
CAVPHAYYPSNF,2,0.007462686567164179
CCAYSGTYTF,4,0.014925373134328358
CESASYPEGNF,21,0.07835820895522388
CGSPEAF,2,0.007462686567164179
CGSVCPQSQHF,2,0.007462686567164179
CGSVWCVAWF,8,0.029850746268656716
CGTWDTSLGVVF,2,0.007462686567164179
CHQSGGTF,3,0.011194029850746268
CLHLHSYPLTF,2,0.007462686567164179
CLLPPAAVGF,2,0.007462686567164179
CLQHRSYPPTF,2,0.007462686567164179
CLQTIKDPFTF,2,0.007462686567164179
CLQTIQFPLTF,2,0.007462686567164179
CMQSLDFPPTF,4,0.014925373134328358
CMQTIQLPLTF,3,0.011194029850746268
CMQTLHPPEYTF,4,0.014925373134328358
CQAWDSGNVVF,4,0.014925373134328358
CQEGGTF,9,0.033582089552238806
CQESESMLGTF,15,0.055970149253731345
CQHRSHWPSLTF,2,0.007462686567164179
CQHTNNFLLTF,4,0.014925373134328358
CQHYGGSPYTF,2,0.007462686567164179
CQHYNIFSTF,4,0.014925373134328358
CQHYNTYSSTF,2,0.007462686567164179
CQHYYTVPYTF,2,0.007462686567164179
CQKYNPF,27,0.10074626865671642
CQQCGTAPYTF,2,0.007462686567164179
CQQFGSSPLTF,3,0.011194029850746268
CQQGGTF,9,0.033582089552238806
CQQLNSRYTF,2,0.007462686567164179
CQQRSDWPLTF,3,0.011194029850746268
CQQSYNYVFTF,4,0.014925373134328358
CQQYDGYVWTF,11,0.041044776119402986
CQQYDRYFTF,2,0.007462686567164179
CQQYFTSLTF,5,0.018656716417910446
CQQYNTYLFTF,10,0.03731343283582089
CQQYRNYWTF,2,0.007462686567164179
CQQYSDLVLTF,7,0.026119402985074626
CQQYSKAPYTF,4,0.014925373134328358
CQRGGTF,5,0.018656716417910446
CQRYNPYGTF,6,0.022388059701492536
CQSYDSLTWTF,2,0.007462686567164179
CQSYGSNAWGF,2,0.007462686567164179
CRSLHSLQPPPPGF,2,0.007462686567164179
CSCAGNVVQVF,2,0.007462686567164179
CSDVIIARCGF,3,0.011194029850746268
CSQHNAYPYTF,2,0.007462686567164179
CSQRQNTPYTF,2,0.007462686567164179
CSSLHLWFSGLPFGF,2,0.007462686567164179
CSSYTSGSSYVF,2,0.007462686567164179
CSTASSRPGAGF,2,0.007462686567164179
