CDR3,count,relative.frequency
CARGAIF,38,0.6031746031746031
CATHPAIF,4,0.06349206349206349
CGSYTNNTLIF,6,0.09523809523809523
CHQYFYTPFIF,4,0.06349206349206349
CQKKYMRPLTF,2,0.031746031746031744
CQQNYMRPLTF,5,0.07936507936507936
CRRSNSAPLIF,4,0.06349206349206349
