CDR3,count,relative.frequency
CATWDDGLSLIF,2,0.06896551724137931
CCSYAGSRTLIF,4,0.13793103448275862
CCSYERSRILIF,3,0.10344827586206896
CGTWHSNRGLIF,3,0.10344827586206896
CHHSGYLPYIF,2,0.06896551724137931
CQQYAGPPYIF,5,0.1724137931034483
CQQYQSLPLIF,2,0.06896551724137931
CQRRLSF,2,0.06896551724137931
CQVWDYSTDKVIF,4,0.13793103448275862
CTSYTDTGTLIF,2,0.06896551724137931
