CDR3,count,relative.frequency
CASSFSSSTDTQYF,6,0.14285714285714285
CASSLAGLEETQYF,3,0.07142857142857142
CASSLDRGDKNIQYF,2,0.047619047619047616
CASSLQNTEAFF,3,0.07142857142857142
CASSPRTGEGETQYF,2,0.047619047619047616
CASSPTGLQETQYF,12,0.2857142857142857
CASSSADNYEQYF,2,0.047619047619047616
CASSSPGPFTEAFF,2,0.047619047619047616
CASSYGQGSTYEQYF,4,0.09523809523809523
CSNQPQHF,6,0.14285714285714285
