CDR3,count,relative.frequency
CARDDVPSIF,14,0.08187134502923976
CARDDVPTIF,64,0.3742690058479532
CAREKIF,10,0.05847953216374269
CARGPIF,6,0.03508771929824561
CASARITIF,2,0.011695906432748537
CASDRITIF,2,0.011695906432748537
CASSAGGNTLIF,2,0.011695906432748537
CCSYAGRSVIF,3,0.017543859649122806
CQAWDNRAVIF,2,0.011695906432748537
CQQFHSYPLIF,8,0.04678362573099415
CQQYAKWPLIF,14,0.08187134502923976
CQQYFTSPLIF,3,0.017543859649122806
CQQYGGSPPVIF,35,0.2046783625730994
CVRDDVPTIF,3,0.017543859649122806
CYSVTDKTLIF,3,0.017543859649122806
