CDR3,count,relative.frequency
CARDNGYFEYW,12,0.14814814814814814
CARDYALDVW,6,0.07407407407407407
CARERAMDVW,2,0.024691358024691357
CARETLEWVYFDYW,3,0.037037037037037035
CARGIYYANDYW,2,0.024691358024691357
CARGPLDYW,2,0.024691358024691357
CARGYSRSSFDYW,5,0.06172839506172839
CARLPHSTGWFDPW,2,0.024691358024691357
CARLSSPVDYW,3,0.037037037037037035
CARRFAFDSW,3,0.037037037037037035
CATLLEIFDCW,2,0.024691358024691357
CATLLEIFDYW,2,0.024691358024691357
CAWNRNFDDW,2,0.024691358024691357
CLRRDDDYW,2,0.024691358024691357
CLVRSADFDYW,2,0.024691358024691357
CSRSYYFDYW,2,0.024691358024691357
CTRTNCYGAFDIW,13,0.16049382716049382
CVFFYW,16,0.19753086419753085
