CDR3,count,relative.frequency
CARDLIF,2,0.16666666666666666
CQQSFNTRPLSF,2,0.16666666666666666
CQQYNTYPLIF,6,0.5
CVTMPAIF,2,0.16666666666666666
