CDR3,count,relative.frequency
CAKPRITIF,9,0.035856573705179286
CARGDIF,7,0.027888446215139442
CARRPLTIF,5,0.0199203187250996
CASYARRVIF,5,0.0199203187250996
CASYARSVIF,93,0.3705179282868526
CCSFAGGFTLIF,2,0.00796812749003984
CCSYAIGNTLIF,2,0.00796812749003984
CCSYSTGPTLIF,2,0.00796812749003984
CGSYTTTTTPVIF,7,0.027888446215139442
CLQSYSRPLF,91,0.36254980079681276
CQQFFGRPLTF,2,0.00796812749003984
CQQYGSFPLIF,2,0.00796812749003984
CQSYHGINQLIF,2,0.00796812749003984
CSSYARSVIF,8,0.03187250996015936
CVKGRITIF,14,0.055776892430278883
