CDR3,count,relative.frequency
CAIIVAGQFDYW,2,0.01904761904761905
CAKDSEDGLDYW,15,0.14285714285714285
CAKNPLQEDYFDYW,3,0.02857142857142857
CAREGTFLNFDYW,3,0.02857142857142857
CAREGVAFDIW,2,0.01904761904761905
CAREGVAFDVW,19,0.18095238095238095
CATDTVRAASDYW,2,0.01904761904761905
CATGDYW,31,0.29523809523809524
CATVGAYGDPYFPYW,2,0.01904761904761905
CDALDIW,2,0.01904761904761905
CGTGDYW,3,0.02857142857142857
CHIPGAFDIW,3,0.02857142857142857
CSRTSCYSFDIW,4,0.0380952380952381
CTRARCHDWFDPW,14,0.13333333333333333
