CDR3,count,relative.frequency
CAGESVSNF,3,0.0034207525655644243
CAKDDYGF,2,0.002280501710376283
CALSEAGTYKYIF,5,0.005701254275940707
CARDHETTVTF,2,0.002280501710376283
CAREKLVWF,4,0.004561003420752566
CARENLGF,18,0.020524515393386546
CARGF,2,0.002280501710376283
CARQEHNF,4,0.004561003420752566
CARRPALGF,6,0.0068415051311288486
CASRGQGIGF,14,0.01596351197263398
CASSTGMSPLHF,5,0.005701254275940707
CATHSGNTPLVF,3,0.0034207525655644243
CATSVGF,9,0.010262257696693273
CAYHSGNTPLVF,2,0.002280501710376283
CCSYAGSRTF,2,0.002280501710376283
CESASYPEGNF,555,0.6328392246294184
CFLLLGTKLPRF,2,0.002280501710376283
CGADGRVARPPTTF,2,0.002280501710376283
CGLSEEKAVETF,2,0.002280501710376283
CGSAVSFSGSSNF,2,0.002280501710376283
CGTGCPSVCCAF,2,0.002280501710376283
CHQSYSAPFNF,2,0.002280501710376283
CHQYGTSQYTF,31,0.03534777651083238
CHQYRYTPPTF,2,0.002280501710376283
CHRYGTSQYTF,2,0.002280501710376283
CILPIIVNF,2,0.002280501710376283
CLLLCETCCIF,2,0.002280501710376283
CLSLFILCPGF,3,0.0034207525655644243
CMEGIHAYTF,6,0.0068415051311288486
CMEGIHVYTF,8,0.009122006841505131
CMEGVHAYNF,4,0.004561003420752566
CMHALEPPYTF,3,0.0034207525655644243
CMQATHWPYTF,2,0.002280501710376283
CMQSLQRGTF,2,0.002280501710376283
CMQSTRPWTF,3,0.0034207525655644243
CNSYTSTNTRVF,2,0.002280501710376283
CNSYTTSSTRVF,2,0.002280501710376283
CPADRLTTPF,2,0.002280501710376283
CQEAKTFPLTF,12,0.013683010262257697
CQGSGYNF,4,0.004561003420752566
CQHGGSWPPTF,2,0.002280501710376283
CQHRETF,3,0.0034207525655644243
CQHYDRSRLTF,2,0.002280501710376283
CQHYGNSLWTF,2,0.002280501710376283
CQQAKSFPHTF,2,0.002280501710376283
CQQCDNLPFTF,5,0.005701254275940707
CQQFSSPARTF,2,0.002280501710376283
CQQGTGNPFTF,26,0.029646522234891677
CQQHYAVPWTF,2,0.002280501710376283
CQQSFYTRVTF,4,0.004561003420752566
CQQSHSIWTF,4,0.004561003420752566
CQQSYRSFTF,11,0.012542759407069556
CQQYDNYPSTF,2,0.002280501710376283
CQQYDRSFTF,2,0.002280501710376283
CQQYDTLYTF,6,0.0068415051311288486
CQQYFTTGTF,5,0.005701254275940707
CQQYGVSPQNF,5,0.005701254275940707
CQQYITHWTF,2,0.002280501710376283
CQQYNTHWTF,6,0.0068415051311288486
CQQYSNSRVTF,2,0.002280501710376283
CQQYSRYLRTF,10,0.011402508551881414
CQQYSSQWTF,2,0.002280501710376283
CQQYYGVVRTF,2,0.002280501710376283
CQRYNSFFLTF,2,0.002280501710376283
CQSVDSNYYVF,3,0.0034207525655644243
CQSYSGFPWTF,14,0.01596351197263398
CSQYAYSPWTF,3,0.0034207525655644243
CSSYARGNKLVF,2,0.002280501710376283
CTDPSFFGTLF,2,0.002280501710376283
CVREYF,2,0.002280501710376283
