CDR3,count,relative.frequency
CASIASGASYEQYF,4,0.2222222222222222
CASSLRNTGELFF,2,0.1111111111111111
CASSPRGGETQYF,2,0.1111111111111111
CSASPHEQFF,2,0.1111111111111111
CSASRSNEQYF,4,0.2222222222222222
CSVEGTSDTQYF,2,0.1111111111111111
CSVKRGRNTEAFF,2,0.1111111111111111
