CDR3,count,relative.frequency
CASSLANGGNTEAFF,2,0.3333333333333333
CSGNTIYF,2,0.3333333333333333
CSYNSPLHF,2,0.3333333333333333
