CDR3,count,relative.frequency
CARSTAGGYEQYF,2,0.18181818181818182
CASSLGFNYGYTF,3,0.2727272727272727
CASSTQNTEAFF,6,0.5454545454545454
