CDR3,count,relative.frequency
CASTWTDNYGYTF,2,0.3333333333333333
CGSSYAGSDNTIVF,2,0.3333333333333333
CTSYAGGNTIIF,2,0.3333333333333333
