CDR3,count,relative.frequency
CAASENLDYW,2,0.012269938650306749
CAHRHDPYYFNYW,2,0.012269938650306749
CAKDGRANFDYW,2,0.012269938650306749
CANLLEGFDYW,2,0.012269938650306749
CARDIDWGFDPW,11,0.06748466257668712
CARDLNWGFDYW,10,0.06134969325153374
CARDMDYW,10,0.06134969325153374
CARDYVHNYFDTW,16,0.09815950920245399
CARGAGGFDYW,2,0.012269938650306749
CARGAVPINWFDPW,7,0.04294478527607362
CARGAYYDYW,2,0.012269938650306749
CARGNGWYDPW,5,0.03067484662576687
CARGRWYFDLW,2,0.012269938650306749
CARGSTGWFDPW,5,0.03067484662576687
CARGVYFEKFDSW,2,0.012269938650306749
CARLSNWYKIDYW,7,0.04294478527607362
CARRGDNFDVW,3,0.018404907975460124
CARSLVGGVDYW,2,0.012269938650306749
CARVASSDFYGDYW,2,0.012269938650306749
CASSSIFNIDYW,2,0.012269938650306749
CATGTPIDYW,8,0.049079754601226995
CATLSSLGAFDIW,3,0.018404907975460124
CATSGTWGVPDYW,4,0.024539877300613498
CATSPFFDYW,3,0.018404907975460124
CDYW,2,0.012269938650306749
CEATGVFDFW,5,0.03067484662576687
CLRRRRRDYW,2,0.012269938650306749
CSRTTPWWWFDPW,2,0.012269938650306749
CTNFDYW,2,0.012269938650306749
CTRKHRKDYW,16,0.09815950920245399
CTRNTCFGAYDVW,2,0.012269938650306749
CTRWREDSFDIW,2,0.012269938650306749
CVRDRNFFDIW,4,0.024539877300613498
CVRGGPPPDYW,3,0.018404907975460124
CVRSPSHHWFDPW,5,0.03067484662576687
CYHYFDPW,2,0.012269938650306749
CYVDYW,2,0.012269938650306749
