CDR3,count,relative.frequency
CAAYAGNSNLIF,18,0.11612903225806452
CARAPPLIF,2,0.012903225806451613
CARDWGVPTIF,7,0.04516129032258064
CARQRIKIF,4,0.025806451612903226
CCSYAGRSVIF,2,0.012903225806451613
CDSDTLIF,2,0.012903225806451613
CGSYGSENTPVIF,10,0.06451612903225806
CGSYISDATPMIF,5,0.03225806451612903
CGSYTSDATPMIF,14,0.09032258064516129
CGSYTSDTTPVIF,6,0.03870967741935484
CHVWDNRREIF,2,0.012903225806451613
CHVWDNRSEIF,2,0.012903225806451613
CMQGSYRPLTF,2,0.012903225806451613
CQACDSDTLIF,2,0.012903225806451613
CQAWDSGSLIF,2,0.012903225806451613
CQHYSVYPYIF,3,0.01935483870967742
CQLSYSHPHIF,9,0.05806451612903226
CQQGIIFPLIF,2,0.012903225806451613
CQQHHSRPLTF,2,0.012903225806451613
CQQSYEIPLIF,4,0.025806451612903226
CQQTYGRPYTF,6,0.03870967741935484
CQQYGVSPIIF,2,0.012903225806451613
CQQYHSVRPLSF,3,0.01935483870967742
CQRVTIF,14,0.09032258064516129
CQSYDHGKLIF,4,0.025806451612903226
CQSYDRNILIF,2,0.012903225806451613
CSAYAGDSILIF,2,0.012903225806451613
CSSYTGRNTLIF,2,0.012903225806451613
CTAARPLWF,2,0.012903225806451613
CTASRPLWF,12,0.07741935483870968
CYSYAGGPWIF,6,0.03870967741935484
