CDR3,count,relative.frequency
CAHNILIF,24,0.13714285714285715
CAHNXLIF,2,0.011428571428571429
CAHSNGRTTIF,2,0.011428571428571429
CAIARPTIF,6,0.03428571428571429
CAMARPLVF,5,0.02857142857142857
CARATRRVSIF,4,0.022857142857142857
CAREARPIF,3,0.017142857142857144
CARESRPIF,2,0.011428571428571429
CARGGIF,2,0.011428571428571429
CARGGPLIF,2,0.011428571428571429
CARGSIF,4,0.022857142857142857
CARRTIF,2,0.011428571428571429
CARSEPTIF,3,0.017142857142857144
CARTEPTIF,47,0.26857142857142857
CARVRRITIF,6,0.03428571428571429
CASYTSRSTLLIF,2,0.011428571428571429
CASYTTNSLLIF,5,0.02857142857142857
CASYTTTSTPVIF,2,0.011428571428571429
CAVWHSDTLIF,4,0.022857142857142857
CCSYAGSRPLVF,3,0.017142857142857144
CQAWGRQGIF,3,0.017142857142857144
CQHYHTYPVIF,3,0.017142857142857144
CQLSNTTPVIF,7,0.04
CQQYDHVPLIF,2,0.011428571428571429
CQQYNDVRPLTF,3,0.017142857142857144
CSSYADTNNLIF,4,0.022857142857142857
CSSYIGNNVLIF,4,0.022857142857142857
CTQTLLLPYIF,5,0.02857142857142857
CTRGRIF,7,0.04
CTSYTTTTKWIF,5,0.02857142857142857
CVVWHSDTLIF,2,0.011428571428571429
