CDR3,count,relative.frequency
CAAQLLAKTDGF,3,0.022222222222222223
CAASGFIFYNF,2,0.014814814814814815
CALNVASLGF,2,0.014814814814814815
CANRNNF,2,0.014814814814814815
CAREGPNDF,10,0.07407407407407407
CARGLNVASLGF,2,0.014814814814814815
CARNGF,2,0.014814814814814815
CASYTNDNTLVF,2,0.014814814814814815
CCSYAASYTF,2,0.014814814814814815
CDTGSGHWSLF,2,0.014814814814814815
CESASYPEGNF,34,0.2518518518518518
CGSVRLQSQHF,3,0.022222222222222223
CISFLFFSFF,4,0.02962962962962963
CLLCSSRRAWSRF,2,0.014814814814814815
CLLLCETWRITF,2,0.014814814814814815
CLQYTELPYTF,2,0.014814814814814815
CMQSLRSPRTF,2,0.014814814814814815
CQPYDNLPTF,2,0.014814814814814815
CQQADTFPYTF,2,0.014814814814814815
CQQCERSQTF,4,0.02962962962962963
CQQDDNLPTF,2,0.014814814814814815
CQQFASSLWTF,2,0.014814814814814815
CQQRSDWPETF,2,0.014814814814814815
CQQRSNWPPNNF,3,0.022222222222222223
CQQSHSSLTF,2,0.014814814814814815
CQQTYIPPRTF,2,0.014814814814814815
CQQTYTTPAWTF,2,0.014814814814814815
CQQYEGPLTF,2,0.014814814814814815
CQQYFNIPQTF,11,0.08148148148148149
CQQYLFSPFTF,4,0.02962962962962963
CQQYNTLFTF,3,0.022222222222222223
CQQYYSTPWGF,2,0.014814814814814815
CQSSATF,2,0.014814814814814815
CRWVSPF,2,0.014814814814814815
CSSLLYLCCTF,2,0.014814814814814815
CTAMLAPGF,2,0.014814814814814815
CVQVLQTPLTF,2,0.014814814814814815
CXSASYPEGNF,2,0.014814814814814815
