CDR3,count,relative.frequency
CASGRRGWNTEAFF,2,0.06896551724137931
CASRDGSTQPQHF,3,0.10344827586206896
CASSLGGGTDTQYF,2,0.06896551724137931
CASSLGTEAFF,3,0.10344827586206896
CASSLMGNIQYF,2,0.06896551724137931
CASSLYNTEAFF,2,0.06896551724137931
CATRMGTEAFF,10,0.3448275862068966
CATRTGTEAFF,5,0.1724137931034483
