CDR3,count,relative.frequency
CASGGSYIPTF,2,0.3333333333333333
CQTGANNLFF,2,0.3333333333333333
CTASRYNHVAFPRVLRSTF,2,0.3333333333333333
