CDR3,count,relative.frequency
CATGGWFDPW,3,0.3333333333333333
CATSKYKGYFDSW,2,0.2222222222222222
CSTTSCSSFDYW,4,0.4444444444444444
