CDR3,count,relative.frequency
CARDHDYRITIF,4,0.03278688524590164
CARDRFTIF,2,0.01639344262295082
CARDRYTIF,2,0.01639344262295082
CARDTELIF,2,0.01639344262295082
CASWTTSSTLIF,4,0.03278688524590164
CATWDDTLIF,15,0.12295081967213115
CATWDDTLKQIF,6,0.04918032786885246
CCSHAGSNTLIF,2,0.01639344262295082
CCSYADTDIVIF,11,0.09016393442622951
CMQNLEVPFIF,2,0.01639344262295082
CMRSQAPVIF,6,0.04918032786885246
CNSFADTNKLIF,8,0.06557377049180328
CNSRDRIF,2,0.01639344262295082
CQAWDNTIPYIF,2,0.01639344262295082
CQHSYNTPYIF,14,0.11475409836065574
CQHYDTYPYIF,5,0.040983606557377046
CQQHDDVRPLTF,2,0.01639344262295082
CQQRKDWPPLIF,2,0.01639344262295082
CQQYSARPLTF,2,0.01639344262295082
CQTWDSAPVIF,2,0.01639344262295082
CQVWDRRVIF,4,0.03278688524590164
CQVWDRSAIF,11,0.09016393442622951
CSSYAASRTRIF,6,0.04918032786885246
CSTYTSRSLIF,2,0.01639344262295082
CTKLIF,2,0.01639344262295082
CTSYAATNNLIF,2,0.01639344262295082
