CDR3,count,relative.frequency
CARANDQYFDSW,7,0.0457516339869281
CARANDQYFDYW,5,0.032679738562091505
CARDCYYFDYW,26,0.16993464052287582
CARDHRWSFDCW,2,0.013071895424836602
CARDIW,2,0.013071895424836602
CARDLPWDPEDYW,2,0.013071895424836602
CARDSSADFTFDYW,2,0.013071895424836602
CAREFGSGYTFDYW,2,0.013071895424836602
CARGGLVGGFDYW,20,0.13071895424836602
CARNFDYW,3,0.0196078431372549
CARRRLRWFDPW,2,0.013071895424836602
CARSPIGPLDYW,2,0.013071895424836602
CASDCYYFDFW,2,0.013071895424836602
CATDCYYFDFW,6,0.0392156862745098
CATGVAGAFDMW,3,0.0196078431372549
CATRGTTSSFDHW,2,0.013071895424836602
CATSGSYLADYW,7,0.0457516339869281
CGRDRNALDVW,2,0.013071895424836602
CHYFDYW,2,0.013071895424836602
CLGGYRFDHW,2,0.013071895424836602
CNNFDSW,2,0.013071895424836602
CSGDCTLGWFDPW,3,0.0196078431372549
CSGLQHFDSW,2,0.013071895424836602
CSHFDSW,5,0.032679738562091505
CSRTNCPGWFDPW,15,0.09803921568627451
CSSSHFDYW,2,0.013071895424836602
CSSTSCSFDSW,2,0.013071895424836602
CSTSSCLDYW,2,0.013071895424836602
CTRAGSFADIDYW,2,0.013071895424836602
CVRADYNEIFDFW,2,0.013071895424836602
CVRDSRSEYLFDYW,5,0.032679738562091505
CVRLSDTSFVFDSW,2,0.013071895424836602
CYNFDYW,2,0.013071895424836602
CYSFDSW,2,0.013071895424836602
CYSFDYW,2,0.013071895424836602
CYTFDSW,2,0.013071895424836602
