CDR3,count,relative.frequency
CAAWDDSLNGQVVF,7,0.06542056074766354
CAAWDDSLSGGLF,3,0.028037383177570093
CAAWDDSLSGWVF,5,0.04672897196261682
CATWDDSLNGWVF,2,0.018691588785046728
CCSYAGSYTFVF,6,0.056074766355140186
CGTWDSSLSAVIF,4,0.037383177570093455
CLLYMGSGIWVF,2,0.018691588785046728
CLLYYGGARVF,6,0.056074766355140186
CNSRDSSGNHLEVF,2,0.018691588785046728
CNSYTSSSTLVF,2,0.018691588785046728
CQAWDSSTALYVF,2,0.018691588785046728
CQAWDSSTAVF,2,0.018691588785046728
CQAWDSSTVIF,5,0.04672897196261682
CQAWDSSTVVF,5,0.04672897196261682
CQAWDSTTVLF,2,0.018691588785046728
CQAWDSTTVVF,3,0.028037383177570093
CQAWDTSTALYVF,2,0.018691588785046728
CQSADSSGTSWVF,3,0.028037383177570093
CQSYDSSNQVF,3,0.028037383177570093
CQSYDSTNVVF,4,0.037383177570093455
CQTYDSSLSGWVF,2,0.018691588785046728
CQVWDSSSDHYVF,2,0.018691588785046728
CQVWDSSTGVF,5,0.04672897196261682
CQVWDSTSDHWVF,7,0.06542056074766354
CSAWDDSLSGYVF,3,0.028037383177570093
CSSFTSSSTLVF,5,0.04672897196261682
CSSYTSDSTLVF,4,0.037383177570093455
CSSYTSSSTVIF,2,0.018691588785046728
CSYAGSYTFVF,3,0.028037383177570093
CTSYTSSSTLVF,4,0.037383177570093455
