CDR3,count,relative.frequency
CAITMVRVFDYW,26,0.5416666666666666
CAQSKWTFDYW,4,0.08333333333333333
CARDLVGTGDYW,2,0.041666666666666664
CARDRPHNWFDW,2,0.041666666666666664
CARESNYYFDYW,2,0.041666666666666664
CASFWFDPW,2,0.041666666666666664
CATKPNALYYFDNW,2,0.041666666666666664
CSITSCGGSFDYW,6,0.125
CTTGVCYFDSW,2,0.041666666666666664
