CDR3,count,relative.frequency
CASSGGDGSYGYTF,2,0.3333333333333333
CASSLTYNSPLHF,2,0.3333333333333333
CASSRSGGNQPQHF,2,0.3333333333333333
