CDR3,count,relative.frequency
CAKSGAYYDVDYW,2,0.03225806451612903
CARDRNRFDPW,2,0.03225806451612903
CARRDPFDYW,4,0.06451612903225806
CARVGTNYYFDLW,17,0.27419354838709675
CATGDWNDFQSW,2,0.03225806451612903
CATGKAGAFDIW,2,0.03225806451612903
CATSNAAPFDYW,2,0.03225806451612903
CAWEVAFDMW,4,0.06451612903225806
CNRAEEAVDIW,2,0.03225806451612903
CSGSLCSAFNIW,4,0.06451612903225806
CSRANCYDALDVW,2,0.03225806451612903
CSSDDYW,2,0.03225806451612903
CTRALDYW,2,0.03225806451612903
CTRATTKDYW,5,0.08064516129032258
CTRSSCVDFDYW,2,0.03225806451612903
CTTVAVAAPLDYW,2,0.03225806451612903
CVRAGDSFDFDQW,6,0.0967741935483871
