CDR3,count,relative.frequency
CASRSSYEQYF,3,0.15789473684210525
CASSLGHPGNTIYF,2,0.10526315789473684
CASSLGRGQETQYF,2,0.10526315789473684
CASSLNYGYTF,4,0.21052631578947367
CASSLQGVNGYTF,3,0.15789473684210525
CASSSEPLNEQYF,2,0.10526315789473684
CASTPDPSTGELFF,3,0.15789473684210525
