CDR3,count,relative.frequency
CAANSDHLNF,4,0.0025396825396825397
CALLGMDGF,2,0.0012698412698412698
CARDGF,2,0.0012698412698412698
CARDRF,2,0.0012698412698412698
CASASYPEGNF,2,0.0012698412698412698
CASSPAGF,4,0.0025396825396825397
CATSGTYYF,2,0.0012698412698412698
CCSYGGSRNF,2,0.0012698412698412698
CESASCPEGNF,2,0.0012698412698412698
CESASYAEGNF,2,0.0012698412698412698
CESASYPEGNF,1307,0.8298412698412698
CESASYPGGNF,6,0.0038095238095238095
CESDSYPEGNF,2,0.0012698412698412698
CFSFLFFF,2,0.0012698412698412698
CGACAGLCLLSGF,2,0.0012698412698412698
CGAEAGGVPGGF,4,0.0025396825396825397
CGSASYPEGNF,3,0.0019047619047619048
CGSPEAF,11,0.006984126984126984
CGSVRLQSQHF,3,0.0019047619047619048
CGTGRGQALGF,2,0.0012698412698412698
CHLEVWAGDTF,2,0.0012698412698412698
CHQNYKTPQTF,2,0.0012698412698412698
CHQYFDAPRTF,3,0.0019047619047619048
CHQYGNSPFTF,9,0.005714285714285714
CISFLFFSFF,3,0.0019047619047619048
CKESVCCACF,2,0.0012698412698412698
CKSASYPEGNF,3,0.0019047619047619048
CLCAGSGVVF,2,0.0012698412698412698
CLLFGTQLVFF,3,0.0019047619047619048
CLLLLYIYFSKLF,2,0.0012698412698412698
CLLLYSYLYAANF,2,0.0012698412698412698
CLLPPAAVGF,2,0.0012698412698412698
CLLQHCLQWLGF,2,0.0012698412698412698
CLPSARGCFF,3,0.0019047619047619048
CLQTTQLPQTF,2,0.0012698412698412698
CLQYTGYPHTF,8,0.005079365079365079
CLRALAFQITF,2,0.0012698412698412698
CMHTTDFPYTF,4,0.0025396825396825397
CMQGLQSYTF,6,0.0038095238095238095
CMQGRQIPLTF,2,0.0012698412698412698
CPADRLTTPF,3,0.0019047619047619048
CPSADSDGTYVF,2,0.0012698412698412698
CQKSYFTPFTF,2,0.0012698412698412698
CQQFDGSRYTF,3,0.0019047619047619048
CQQGYSGWTF,2,0.0012698412698412698
CQQRNEWPGTF,2,0.0012698412698412698
CQQRSSGWTF,2,0.0012698412698412698
CQQRTNWPPTF,79,0.05015873015873016
CQQSHNLPYTF,15,0.009523809523809525
CQQYKTYRTF,2,0.0012698412698412698
CQQYNTSRTF,2,0.0012698412698412698
CQQYRTFSTF,2,0.0012698412698412698
CQQYTTYRTF,2,0.0012698412698412698
CQRKDTF,11,0.006984126984126984
CSASCGWSLF,2,0.0012698412698412698
CSDVIIARCGF,4,0.0025396825396825397
CTILNYCLSTF,2,0.0012698412698412698
CTSAVAHLLPGF,2,0.0012698412698412698
CVSFPVSNTF,4,0.0025396825396825397
CYQYTGYPHTF,2,0.0012698412698412698
