CDR3,count,relative.frequency
CARASKAELIF,2,0.011494252873563218
CARDRPLSF,2,0.011494252873563218
CASHTDSRPLIF,2,0.011494252873563218
CASYTISSTLIF,2,0.011494252873563218
CCSYTSGNTLIF,2,0.011494252873563218
CHQASSLPFIF,2,0.011494252873563218
CHSYDTTLIF,3,0.017241379310344827
CLQYFSPPYIF,2,0.011494252873563218
CMIWPRNVIF,3,0.017241379310344827
CNSYAIRNVLIF,2,0.011494252873563218
CNSYAVRNVLIF,2,0.011494252873563218
CNSYTTTTPLIF,2,0.011494252873563218
CNVISRTVIF,2,0.011494252873563218
CQAGDIRSVIF,4,0.022988505747126436
CQAWDTRPIF,2,0.011494252873563218
CQHFDRLPLIF,11,0.06321839080459771
CQQYYRPLTF,45,0.25862068965517243
CQSSNGPVIF,5,0.028735632183908046
CQSWDTSSLIF,2,0.011494252873563218
CQSYDDRTVIF,2,0.011494252873563218
CQSYDTALIF,19,0.10919540229885058
CQTADRTVIF,13,0.07471264367816093
CQVWDRITIF,4,0.022988505747126436
CQVWDSTTDHLIF,2,0.011494252873563218
CQVWDTDSMIF,3,0.017241379310344827
CQVWDTRILIF,13,0.07471264367816093
CSSYAASNGLIF,13,0.07471264367816093
CSSYGGTRNLIF,3,0.017241379310344827
CYCAADNTLIF,5,0.028735632183908046
