CDR3,count,relative.frequency
CALWEAYKKLF,3,0.2727272727272727
CATWDGPWHKKLF,2,0.18181818181818182
CATWNKKLF,6,0.5454545454545454
