CDR3,count,relative.frequency
CAGLGGRDQETQYF,2,0.14285714285714285
CSGANVLTF,2,0.14285714285714285
CSNQPQHF,10,0.7142857142857143
