CDR3,count,relative.frequency
CAEGDCYDDFDYW,8,0.07692307692307693
CARGEMERFDYW,4,0.038461538461538464
CARMGLRYHYFDYW,2,0.019230769230769232
CARSWEDDGMDVW,2,0.019230769230769232
CARVVSGCLDYW,3,0.028846153846153848
CARVVSGSLDYW,67,0.6442307692307693
CARWYKWRVDYW,2,0.019230769230769232
CATWNYVDFW,2,0.019230769230769232
CLNTFHYW,4,0.038461538461538464
CSSVRCYPFDFW,6,0.057692307692307696
CTRDAAMVFFDFW,2,0.019230769230769232
CVRLYARYW,2,0.019230769230769232
