CDR3,count,relative.frequency
CAISEYNEQFF,2,0.10526315789473684
CARETQRF,2,0.10526315789473684
CASSLESRAEQYF,3,0.15789473684210525
CASSLETQYF,3,0.15789473684210525
CASSLTSYNEQFF,3,0.15789473684210525
CASSYQGMGTEAFF,2,0.10526315789473684
CAVCEAFF,2,0.10526315789473684
CSGGSYEQYF,2,0.10526315789473684
