CDR3,count,relative.frequency
CAANSDHLNF,2,0.028169014084507043
CAGTRLRSSYF,3,0.04225352112676056
CAQELGNF,10,0.14084507042253522
CAVGMAAGALF,2,0.028169014084507043
CDTGGCGHYF,2,0.028169014084507043
CESASYPEGNF,23,0.323943661971831
CGSLGGWGGF,2,0.028169014084507043
CHQYYYLPYTF,2,0.028169014084507043
CISFLFFSFF,3,0.04225352112676056
CLLCSSRRAWSRF,2,0.028169014084507043
CLQHDNLPYTF,2,0.028169014084507043
CLQYSCYPYTF,2,0.028169014084507043
CMHALEPPYTF,2,0.028169014084507043
CMIWHNTTYFF,2,0.028169014084507043
CMQSLRPELTF,2,0.028169014084507043
CMQTLQIRWTF,2,0.028169014084507043
CMQTLQLRTF,2,0.028169014084507043
CRQVSHVFTNF,2,0.028169014084507043
CVTVSSHEPHGF,4,0.056338028169014086
