CDR3,count,relative.frequency
CIQALQTPNTF,2,0.014388489208633094
CMQALETPSF,2,0.014388489208633094
CMQALLTPPYTF,2,0.014388489208633094
CMQALQTPYTF,4,0.02877697841726619
CMQGTHWPPTF,4,0.02877697841726619
CMQPLQTPPFTF,4,0.02877697841726619
CMQRLEFPITF,3,0.02158273381294964
CMQTLRTPTF,7,0.050359712230215826
CMQVLQTPLTF,3,0.02158273381294964
CQHSHSTPWTF,5,0.03597122302158273
CQKYNSAPWTF,5,0.03597122302158273
CQNYNDYPCSF,2,0.014388489208633094
CQQCYSSPYSF,2,0.014388489208633094
CQQFNKYPLTF,4,0.02877697841726619
CQQLNSYPFTF,11,0.07913669064748201
CQQRSAWPLTF,2,0.014388489208633094
CQQSYSAPSTF,2,0.014388489208633094
CQQTYTTPSTF,2,0.014388489208633094
CQQYDDLPWTF,3,0.02158273381294964
CQQYDNLPYTF,2,0.014388489208633094
CQQYGISPTWTF,3,0.02158273381294964
CQQYGSSFPTF,2,0.014388489208633094
CQQYGSSLTF,2,0.014388489208633094
CQQYGSSPRTF,7,0.050359712230215826
CQQYGSSPWTF,4,0.02877697841726619
CQQYGTSPPTF,8,0.05755395683453238
CQQYKSFFLTF,3,0.02158273381294964
CQQYNNWPRTF,2,0.014388489208633094
CQQYNNWWTF,2,0.014388489208633094
CQQYNTYPVTF,6,0.04316546762589928
CQQYYSSPLTF,17,0.1223021582733813
CQQYYSTPETF,10,0.07194244604316546
CQQYYSTPLFTF,2,0.014388489208633094
