CDR3,count,relative.frequency
CAHRRMKIF,40,0.41237113402061853
CARFSIF,15,0.15463917525773196
CARGTIF,2,0.020618556701030927
CARLHIF,7,0.07216494845360824
CARRGAIF,2,0.020618556701030927
CARRGIF,3,0.030927835051546393
CARRKIF,2,0.020618556701030927
CCSYAGGYTLIF,2,0.020618556701030927
CCSYAGSDTLIF,2,0.020618556701030927
CCSYAVGRTYIF,4,0.041237113402061855
CCSYEGSSTLIF,2,0.020618556701030927
CCSYTGSYSLIF,2,0.020618556701030927
CQAWTSTSLIF,2,0.020618556701030927
CQHYTERPLTF,4,0.041237113402061855
CQQSDNLPLIF,2,0.020618556701030927
CSSYEGSSNLIF,3,0.030927835051546393
CSSYTDTMIF,3,0.030927835051546393
