CDR3,count,relative.frequency
CQKYSSVPLIF,5,0.2777777777777778
CQQNHWRPLTF,2,0.1111111111111111
CQQYHWRPLTF,11,0.6111111111111112
