CDR3,count,relative.frequency
CAEHWDYW,2,0.04878048780487805
CARAFYGNFDFW,2,0.04878048780487805
CARDSXGYGFDYW,2,0.04878048780487805
CARELYGLWFDPW,7,0.17073170731707318
CARTFEYFFDYW,2,0.04878048780487805
CARWVRGSGYFDSW,2,0.04878048780487805
CASSGRDAFDVW,2,0.04878048780487805
CATIAAGTPFDNW,2,0.04878048780487805
CSGGSCFDYW,2,0.04878048780487805
CSGGSFFDDW,2,0.04878048780487805
CSNSRIFDFW,2,0.04878048780487805
CTGDCSNWFDPW,4,0.0975609756097561
CTSNTCNSFWFDPW,2,0.04878048780487805
CW,6,0.14634146341463414
CYGMDVW,2,0.04878048780487805
