CDR3,count,relative.frequency
CAHRPLDF,4,0.10526315789473684
CARDEVRGTIF,2,0.05263157894736842
CARDPTIF,13,0.34210526315789475
CARDTIF,2,0.05263157894736842
CARMGIF,8,0.21052631578947367
CCSYAGNKLIF,2,0.05263157894736842
CQHSFNSPFIF,2,0.05263157894736842
CQHSFNSPXIF,2,0.05263157894736842
CQQYDRSPIIF,3,0.07894736842105263
