CDR3,count,relative.frequency
CAGGSGWTIDYW,2,0.022222222222222223
CAHDACYRGGDYW,2,0.022222222222222223
CARASYSGNYFDHW,2,0.022222222222222223
CARDFGGSPDYW,20,0.2222222222222222
CARDTFYAFDVW,2,0.022222222222222223
CARGRPRTNWFDSW,4,0.044444444444444446
CARGYGTDAFDVW,2,0.022222222222222223
CARHNDYSFDSW,12,0.13333333333333333
CARLIPVAHFDYW,4,0.044444444444444446
CARRNYFDYW,2,0.022222222222222223
CARSGSAWENYFDYW,2,0.022222222222222223
CATDPFDYW,2,0.022222222222222223
CSGGRCHGPDYW,8,0.08888888888888889
CSGGSCYGHDYW,2,0.022222222222222223
CSGGSCYIDYW,2,0.022222222222222223
CSGTRCYAFDIW,6,0.06666666666666667
CSSTSCYIDYW,2,0.022222222222222223
CTGGVCYGNYW,3,0.03333333333333333
CTTDSYRDFW,2,0.022222222222222223
CVRAHQFGVFDSW,2,0.022222222222222223
CVRPHQFGDFDSW,2,0.022222222222222223
CVSSLTSGAFDIW,3,0.03333333333333333
CYAGDCYAMDVW,2,0.022222222222222223
