CDR3,count,relative.frequency
CALWELPTYYKKLF,2,0.3333333333333333
CATWDGNYYKKLF,2,0.3333333333333333
CATWDSYYKKLF,2,0.3333333333333333
