CDR3,count,relative.frequency
CAAWDVTLSGWGF,2,0.004106776180698152
CALRGQGGGNF,2,0.004106776180698152
CARAGTF,4,0.008213552361396304
CARAVVGFTF,3,0.006160164271047228
CARAVVGLTF,11,0.022587268993839837
CARDGF,2,0.004106776180698152
CAREGF,2,0.004106776180698152
CARSGQVAF,4,0.008213552361396304
CARSGRAAF,18,0.03696098562628337
CARVLRPLGF,8,0.01642710472279261
CASYTNDNTLVF,7,0.014373716632443531
CAVGF,2,0.004106776180698152
CAVWDVTLDAYVF,2,0.004106776180698152
CCSDAESINYVF,2,0.004106776180698152
CCSDAGSINYVF,2,0.004106776180698152
CCSYAGSGTF,2,0.004106776180698152
CCSYTGTYAF,19,0.039014373716632446
CESASYPEGNF,213,0.43737166324435317
CGSHAGTNTF,2,0.004106776180698152
CGSPEAF,26,0.053388090349075976
CGSVCLQSQHF,2,0.004106776180698152
CGTYDSDLSVFFF,2,0.004106776180698152
CHHYGYGRDTF,2,0.004106776180698152
CHQSGSLPYTF,4,0.008213552361396304
CLQYFGTPRTF,3,0.006160164271047228
CMQATNPYTF,3,0.006160164271047228
CMQSLHPPTF,2,0.004106776180698152
CNSYTSSRISLF,2,0.004106776180698152
CQAWDNRTYYVF,3,0.006160164271047228
CQESYSRPYTF,4,0.008213552361396304
CQHYDRFPITF,2,0.004106776180698152
CQHYDTYPWTF,5,0.01026694045174538
CQHYGRSVYTF,2,0.004106776180698152
CQHYSNYPYTF,7,0.014373716632443531
CQLYGASITF,2,0.004106776180698152
CQQGYDDHPTF,2,0.004106776180698152
CQQHYRAPWTF,2,0.004106776180698152
CQQSDALPYTF,47,0.09650924024640657
CQQSYDTPHTF,2,0.004106776180698152
CQQSYTSGF,2,0.004106776180698152
CQQYDTFSTF,2,0.004106776180698152
CQQYHTNPLTF,2,0.004106776180698152
CQQYKSWWTF,4,0.008213552361396304
CQQYSGQWTF,2,0.004106776180698152
CQQYSNYLRTF,4,0.008213552361396304
CQQYYTIPWTF,2,0.004106776180698152
CQYRFQTF,7,0.014373716632443531
CSAYAGANVVLF,2,0.004106776180698152
CSAYAGATTVVF,6,0.012320328542094456
CSCAGNVVQVF,2,0.004106776180698152
CSDVIVARCSF,2,0.004106776180698152
CSSFAGAYTWGF,2,0.004106776180698152
CSSYAGINSYVF,2,0.004106776180698152
CTILRVLSSNF,2,0.004106776180698152
CVREFWEKGF,2,0.004106776180698152
CVRSVQWGF,2,0.004106776180698152
CVVSGFAFRNF,2,0.004106776180698152
CVVSVRTESTF,3,0.006160164271047228
CVVYMGSGVYVF,4,0.008213552361396304
