CDR3,count,relative.frequency
CARVKIF,10,0.3448275862068966
CCSYAGGASLIF,5,0.1724137931034483
CCSYTGTGILIF,2,0.06896551724137931
CRTEIISLIF,4,0.13793103448275862
CSSYAGRDNLIF,4,0.13793103448275862
CSSYVAESLIF,4,0.13793103448275862
