CDR3,count,relative.frequency
CARVRIF,387,0.9508599508599509
CCSYAGTTTLIF,2,0.004914004914004914
CQNYDSAPFIF,2,0.004914004914004914
CQQSDGTPPLIF,5,0.012285012285012284
CQQYNDWPRIF,4,0.009828009828009828
CQQYSDWRPLTF,2,0.004914004914004914
CQVWDRRTGIF,3,0.007371007371007371
CSSYTTKNTLIF,2,0.004914004914004914
