CDR3,count,relative.frequency
CESASYPEGNF,53,0.5578947368421052
CGTRALGAPF,2,0.021052631578947368
CISFLFFSFF,2,0.021052631578947368
CKQSGSLQLTF,2,0.021052631578947368
CMQARQPSWTF,2,0.021052631578947368
CMQATEFPRTF,2,0.021052631578947368
CMQGTQLFTF,2,0.021052631578947368
CQESSTF,2,0.021052631578947368
CQESTTF,6,0.06315789473684211
CQQNYEAPYTF,2,0.021052631578947368
CQQSFTIPYTF,3,0.031578947368421054
CQQTYSWTF,8,0.08421052631578947
CQQYENVLLTF,2,0.021052631578947368
CQSGDSTYTYVF,2,0.021052631578947368
CSSYALRNVLF,2,0.021052631578947368
CTAMLAPGF,3,0.031578947368421054
