CDR3,count,relative.frequency
CAIRGVGDTQYF,3,0.42857142857142855
CASSDIENQPQHF,2,0.2857142857142857
CASSYRGETQYF,2,0.2857142857142857
