CDR3,count,relative.frequency
CAKARAGWGEFDYW,2,0.14285714285714285
CARAPNAFDSW,3,0.21428571428571427
CARGIHLAFDLW,6,0.42857142857142855
CARTFSGWDDYW,3,0.21428571428571427
