CDR3,count,relative.frequency
CASGGSYIPTF,4,0.36363636363636365
CAVERSNDYKLSF,2,0.18181818181818182
CAVYNNNDMRF,3,0.2727272727272727
CQTGANNLFF,2,0.18181818181818182
