CDR3,count,relative.frequency
CAAAPRGLDFNYW,4,0.06451612903225806
CSCVVGTHKFDYW,2,0.03225806451612903
CSRSPPQIDYW,3,0.04838709677419355
CSRSPPQMDYW,2,0.03225806451612903
CSSVVGTHKFDYW,49,0.7903225806451613
CTYYYGMDVW,2,0.03225806451612903
