CDR3,count,relative.frequency
CAKDRKDIF,6,0.015463917525773196
CARDRIMIF,2,0.005154639175257732
CARDRITIF,265,0.6829896907216495
CARDRRAIF,35,0.09020618556701031
CARDTIF,4,0.010309278350515464
CARGIARITIF,37,0.09536082474226804
CCSYAGNSVLIF,2,0.005154639175257732
CCSYAGSPWIF,8,0.020618556701030927
CGSPTITGGLIF,2,0.005154639175257732
CHQFHNRPLTF,5,0.01288659793814433
CHQRFNRPLTF,2,0.005154639175257732
CQHSYSIPLIF,2,0.005154639175257732
CQQLNTYPFIF,3,0.007731958762886598
CQQYDDFPLIF,2,0.005154639175257732
CQSSHYTNPWIF,2,0.005154639175257732
CSRDPPPIF,7,0.01804123711340206
CTGYTTRRTYIF,2,0.005154639175257732
CTRDRRAIF,2,0.005154639175257732
