CDR3,count,relative.frequency
CASLLGGGYEQFF,2,0.07692307692307693
CASSPGGAVWEQYF,6,0.23076923076923078
CASSSGGTEAFF,3,0.11538461538461539
CASSTDPRYTEAFF,2,0.07692307692307693
CASTIGELFF,2,0.07692307692307693
CASYGSTDTLEF,9,0.34615384615384615
CSALGGETQYF,2,0.07692307692307693
