CDR3,count,relative.frequency
CAAAHRAATF,2,0.007220216606498195
CAANSDHLNF,2,0.007220216606498195
CAGPTALLAHEIGF,2,0.007220216606498195
CAKAPNEHCF,2,0.007220216606498195
CAMRRWDSSYKLIF,2,0.007220216606498195
CARTHDYNTGF,2,0.007220216606498195
CASYTFGF,2,0.007220216606498195
CAVTSMLLRTGYF,2,0.007220216606498195
CCSFAGSDTF,4,0.01444043321299639
CCSYAGRGTGVF,2,0.007220216606498195
CCSYSGRGTGDF,2,0.007220216606498195
CCSYSGRGTGVF,8,0.02888086642599278
CCSYTGSKSYVF,2,0.007220216606498195
CESASYPEGNF,17,0.061371841155234655
CFMRENMKEGFGF,2,0.007220216606498195
CGLIRIPLNF,2,0.007220216606498195
CGSPEAF,9,0.032490974729241874
CGSVCPQSQHF,3,0.010830324909747292
CHHSETF,7,0.02527075812274368
CHLAETF,10,0.036101083032490974
CHQLKTYPFTF,2,0.007220216606498195
CHQYDRYPFTF,2,0.007220216606498195
CISFLFFSFF,8,0.02888086642599278
CKASGSHFGNF,2,0.007220216606498195
CKESVCCACF,3,0.010830324909747292
CLQTTQSPHTF,2,0.007220216606498195
CLRYNDYSWTF,6,0.021660649819494584
CMQALQTPYTF,2,0.007220216606498195
CMQAMQLSCTF,8,0.02888086642599278
CMQGSDRPYTF,2,0.007220216606498195
CMQGSLWWTF,2,0.007220216606498195
CMQTTQLLTF,2,0.007220216606498195
CQAWDNNNWGF,2,0.007220216606498195
CQAWDTSTSTF,2,0.007220216606498195
CQEYFSAGVTF,4,0.01444043321299639
CQHASATPLTF,2,0.007220216606498195
CQHCGNSLCTF,2,0.007220216606498195
CQHRDKITF,3,0.010830324909747292
CQHTNGFPRTF,4,0.01444043321299639
CQHYDNLITF,2,0.007220216606498195
CQLLFTF,2,0.007220216606498195
CQLRSSWRGTF,2,0.007220216606498195
CQQDTF,2,0.007220216606498195
CQQFSLTPYTF,2,0.007220216606498195
CQQHSNWPTF,2,0.007220216606498195
CQQIYETPPTF,2,0.007220216606498195
CQQLNDHLYTF,6,0.021660649819494584
CQQRADWSTF,2,0.007220216606498195
CQQRHNWPLTF,2,0.007220216606498195
CQQRLNWPLTF,55,0.19855595667870035
CQQSHSSPRTF,5,0.018050541516245487
CQQSHTPPYTF,3,0.010830324909747292
CQQSYRAPLGF,2,0.007220216606498195
CQQTSTTPWTF,2,0.007220216606498195
CQQYDNYSYTF,3,0.010830324909747292
CQQYHTSSYTF,4,0.01444043321299639
CQQYYLPLTF,3,0.010830324909747292
CQQYYYLFTF,2,0.007220216606498195
CRSSLPWGVSGF,2,0.007220216606498195
CSPSDPMVFSSF,2,0.007220216606498195
CSQLPGSAGF,2,0.007220216606498195
CSSSLPGGGGGF,3,0.010830324909747292
CSSSLPWGGF,2,0.007220216606498195
CSSYTGTTTVF,8,0.02888086642599278
CVKGGF,3,0.010830324909747292
CVVRAMSVGRNGVGF,2,0.007220216606498195
CYLTKDLGF,2,0.007220216606498195
CYSHDDKGF,2,0.007220216606498195
CYSHDNKGF,2,0.007220216606498195
