CDR3,count,relative.frequency
CARAGGSSDHFDYW,2,0.03225806451612903
CARDGGDWFDPW,3,0.04838709677419355
CARDQSLDWFDPW,2,0.03225806451612903
CARGGGVFWSGFDYW,5,0.08064516129032258
CARGGSYDFFDYW,12,0.1935483870967742
CARHHGPARVFDYW,3,0.04838709677419355
CARLGPVHDYW,5,0.08064516129032258
CARPPGGNWFDSW,2,0.03225806451612903
CARRLSAFDIW,2,0.03225806451612903
CARRSVYYFDLW,6,0.0967741935483871
CATGGDYW,4,0.06451612903225806
CATSVLGALDVW,4,0.06451612903225806
CQEYDSYW,2,0.03225806451612903
CSGVDCYRVYW,6,0.0967741935483871
CTRDRDWATFDLW,2,0.03225806451612903
CTTGWGQFDHW,2,0.03225806451612903
