CDR3,count,relative.frequency
CAGHVWYDPFDIW,2,0.007434944237918215
CAGYCSHAFDMW,2,0.007434944237918215
CAKDIPGYGGFDYW,6,0.022304832713754646
CAKDLAGFDYW,3,0.011152416356877323
CAKHQDYW,5,0.01858736059479554
CAKQLQGAYDIW,5,0.01858736059479554
CALTNWFGSW,8,0.02973977695167286
CARAPGSLWYFDYW,6,0.022304832713754646
CARDDSDAFDLW,3,0.011152416356877323
CARDGGAGYMDYW,18,0.06691449814126393
CARDHSDAFDMW,2,0.007434944237918215
CARDPGEDREIDYW,3,0.011152416356877323
CARDPVGPIDYW,3,0.011152416356877323
CARDRNYPDFW,3,0.011152416356877323
CAREWRTGNFDYW,4,0.01486988847583643
CARGDAGDHW,2,0.007434944237918215
CARGRWCDPW,2,0.007434944237918215
CARGVRGDYMDVW,3,0.011152416356877323
CARQGGGDLDYW,4,0.01486988847583643
CARQWDYW,2,0.007434944237918215
CARRGWYFDYW,2,0.007434944237918215
CARRRYFDCW,2,0.007434944237918215
CARRYYYDYAFDIW,2,0.007434944237918215
CARVAAARRDLDYW,5,0.01858736059479554
CARVGSMNALDIW,2,0.007434944237918215
CASDCSHAFDIW,2,0.007434944237918215
CATDGSHWDLDYW,2,0.007434944237918215
CATETTGFDYW,18,0.06691449814126393
CATGSPWSGSCFDYW,2,0.007434944237918215
CATHPSGWYYFESW,2,0.007434944237918215
CATLNYGDYFDYW,29,0.10780669144981413
CATSLDYFTNW,2,0.007434944237918215
CATTLDYFTNW,2,0.007434944237918215
CAVDYW,2,0.007434944237918215
CAVLPELDYW,4,0.01486988847583643
CDTASCAVDYW,5,0.01858736059479554
CFDCW,2,0.007434944237918215
CFDYW,14,0.05204460966542751
CGLDVW,2,0.007434944237918215
CMDVW,5,0.01858736059479554
CSGENCYVFDYW,2,0.007434944237918215
CSGNNCWYYFDFW,2,0.007434944237918215
CSHAFDMW,2,0.007434944237918215
CSKEGWWSDWFDPW,12,0.04460966542750929
CSLASFDYW,2,0.007434944237918215
CSSSKCYYFDYW,3,0.011152416356877323
CTRDPNTSDKVDYW,4,0.01486988847583643
CTTEARDIW,2,0.007434944237918215
CTTYRAFDYW,2,0.007434944237918215
CVKGEMGVDYW,4,0.01486988847583643
CVRDYSGRFFDYW,5,0.01858736059479554
CVRHGVLRSIDYW,5,0.01858736059479554
CVRQSSWSYFDFW,2,0.007434944237918215
CVVLPEFDYW,18,0.06691449814126393
CVYYYYYMDVW,5,0.01858736059479554
CYAYYYMDVW,2,0.007434944237918215
CYFDLW,5,0.01858736059479554
