CDR3,count,relative.frequency
CAKDRSSGFDYW,2,0.03636363636363636
CAKSFDFW,2,0.03636363636363636
CANLAVSWFDPW,16,0.2909090909090909
CARDDSGTYDYW,2,0.03636363636363636
CARDGSGNWFDPW,2,0.03636363636363636
CAREQLGFPYW,23,0.41818181818181815
CAREVADRFDFW,2,0.03636363636363636
CARFFRSYYFDYW,2,0.03636363636363636
CYYYYYMDVW,4,0.07272727272727272
