CDR3,count,relative.frequency
CAGRKTIF,2,0.044444444444444446
CARSRPLTIF,3,0.06666666666666667
CCSYARGIIF,2,0.044444444444444446
CPERDGLIF,2,0.044444444444444446
CQHFGTSPYIF,2,0.044444444444444446
CQQLNIFPLIF,2,0.044444444444444446
CQQLNTFPLIF,6,0.13333333333333333
CQQLNTYPLIF,2,0.044444444444444446
CQVWDRRTIF,2,0.044444444444444446
CSSFTTNLTLIF,2,0.044444444444444446
CSSRDASGRYLIF,2,0.044444444444444446
CSSYSNTHLIF,6,0.13333333333333333
CSSYTTGSPLIF,2,0.044444444444444446
CTPRDTSGRSLIF,2,0.044444444444444446
CTSRDTSGRSLIF,2,0.044444444444444446
CTSRDTSGRYLIF,2,0.044444444444444446
CTSYTSNRNVIF,2,0.044444444444444446
CTSYTTSRSLIF,2,0.044444444444444446
