CDR3,count,relative.frequency
CAVAEYGNKLVF,2,0.3333333333333333
CQTGANNLFF,2,0.3333333333333333
CVVNPSGASGSARQLTF,2,0.3333333333333333
