CDR3,count,relative.frequency
CAKDIQIF,12,0.5
CASSIGAGNTEAFF,2,0.08333333333333333
CASSLTGPGELFF,2,0.08333333333333333
CASSWVPGTEAFF,2,0.08333333333333333
CSAPRDGLNTEAFF,2,0.08333333333333333
CSVRGDFNEKLFF,4,0.16666666666666666
