CDR3,count,relative.frequency
CARVTIF,4,0.17391304347826086
CLQYFDTPYIF,19,0.8260869565217391
