CDR3,count,relative.frequency
CAREAIF,13,0.18840579710144928
CARGGIF,2,0.028985507246376812
CARGRIF,5,0.07246376811594203
CCAYVGSVLIF,2,0.028985507246376812
CCSYAGDPTLIF,2,0.028985507246376812
CHPPEIF,2,0.028985507246376812
CHQYEDLPLIF,3,0.043478260869565216
CHQYNERPLTF,2,0.028985507246376812
CHQYYDIPLIF,2,0.028985507246376812
CLQPLQTPFIF,2,0.028985507246376812
CQHRSNWPLIF,2,0.028985507246376812
CQHYDSYPLIF,2,0.028985507246376812
CQHYGGLPLIF,4,0.057971014492753624
CQQAYRTPLIF,2,0.028985507246376812
CQQCYSPPLIF,2,0.028985507246376812
CQQYDDLPLIF,5,0.07246376811594203
CQQYNDSPLIF,2,0.028985507246376812
CQQYNERPLPF,2,0.028985507246376812
CQQYSDRPLF,2,0.028985507246376812
CQQYYDTPLIF,4,0.057971014492753624
CSSLTTTNTLIF,2,0.028985507246376812
CSSYTTNRDVIF,2,0.028985507246376812
CVREDLIF,3,0.043478260869565216
