CDR3,count,relative.frequency
CEQYYTRPLTF,2,0.2857142857142857
CGSYSSSSTLIF,2,0.2857142857142857
CNCDTDKLYLIF,3,0.42857142857142855
