CDR3,count,relative.frequency
CAHGRIRIF,2,0.015151515151515152
CARALIF,2,0.015151515151515152
CARAPIF,14,0.10606060606060606
CARDKAIF,4,0.030303030303030304
CARDPTIF,26,0.19696969696969696
CARDTIF,11,0.08333333333333333
CARLGIF,2,0.015151515151515152
CARQHIPSIF,4,0.030303030303030304
CARQHIPTIF,10,0.07575757575757576
CARQHVPTIF,6,0.045454545454545456
CARTTIF,5,0.03787878787878788
CASSQVPRLPIF,2,0.015151515151515152
CFSVADNSLIF,2,0.015151515151515152
CGSYSKSLTLIF,4,0.030303030303030304
CHQYYTRPLTF,3,0.022727272727272728
CLQYYAYPLIF,3,0.022727272727272728
CMLSYTGAPVIF,2,0.015151515151515152
CQQTKDFPVIF,2,0.015151515151515152
CQQTSSPPYIF,2,0.015151515151515152
CQQTYTIPYIF,2,0.015151515151515152
CQQYGRPLTF,2,0.015151515151515152
CQQYNDWPLIF,3,0.022727272727272728
CQRFNSSPFIF,2,0.015151515151515152
CQRYNTVPVIF,5,0.03787878787878788
CQSYDNRKMIF,4,0.030303030303030304
CRLKIFELIF,2,0.015151515151515152
CSSYAGHYTLIF,4,0.030303030303030304
CYCARDTIF,2,0.015151515151515152
