CDR3,count,relative.frequency
CASGGSYIPTF,2,0.18181818181818182
CGCENSGGSNYKLTF,2,0.18181818181818182
CQTGANNLFF,4,0.36363636363636365
CVVNPNTGGFKTIF,3,0.2727272727272727
