CDR3,count,relative.frequency
CAIREASGNTIYF,2,0.06451612903225806
CASIGTTEAFF,2,0.06451612903225806
CASSHRPHGYTF,2,0.06451612903225806
CASSIGWTDGYTF,2,0.06451612903225806
CASSLRGAYGYTF,2,0.06451612903225806
CASSPGRGNSPLHF,2,0.06451612903225806
CASSRGTGGYTF,4,0.12903225806451613
CASSRGTLQETQYF,10,0.3225806451612903
CASSSSGGAYEQFF,3,0.0967741935483871
CSVERGGYNEQFF,2,0.06451612903225806
