CDR3,count,relative.frequency
CAGDCYSYFNYW,2,0.013793103448275862
CAKDRGDIW,2,0.013793103448275862
CAKGGDYW,4,0.027586206896551724
CAKGPWHHFDSW,2,0.013793103448275862
CARDEVGFDYW,13,0.0896551724137931
CARDRATLFDYW,3,0.020689655172413793
CARDRPLDYW,4,0.027586206896551724
CARDRSRSLDYW,2,0.013793103448275862
CARDRVRELDYW,2,0.013793103448275862
CARDSGPGYFDYW,3,0.020689655172413793
CARGAVAGYFDYW,3,0.020689655172413793
CARGENWYFDLW,2,0.013793103448275862
CARGGINWFDPW,6,0.041379310344827586
CARGHRLTPDYW,3,0.020689655172413793
CARGHSTSGFDYW,3,0.020689655172413793
CARGTNWKLDYW,2,0.013793103448275862
CARHPDGYFFDSW,2,0.013793103448275862
CARLGWVDYW,5,0.034482758620689655
CARRGAVTPFDYW,2,0.013793103448275862
CARSSWPGDYW,2,0.013793103448275862
CARVGGDAFEIW,2,0.013793103448275862
CATGNWGIDYW,2,0.013793103448275862
CATHYDFNWFDPW,5,0.034482758620689655
CATRRRGAAPFDYW,5,0.034482758620689655
CDYW,10,0.06896551724137931
CGRGWFDSW,10,0.06896551724137931
CMRDRHEFPDYW,4,0.027586206896551724
CQQYYSYW,2,0.013793103448275862
CSDAFDIW,4,0.027586206896551724
CSDDYRYYDLW,2,0.013793103448275862
CSGDSCRWFDPW,4,0.027586206896551724
CSGGSCPFDYW,3,0.020689655172413793
CSGGTCRNWFDPW,2,0.013793103448275862
CSKEQFGPFDYW,2,0.013793103448275862
CSRRNYFDSW,2,0.013793103448275862
CSRRRPLYAMDVW,2,0.013793103448275862
CSRSLIAMDVW,2,0.013793103448275862
CSSPTCSFDYW,2,0.013793103448275862
CTRDEVGFDHW,2,0.013793103448275862
CTRHGYRDGYDYW,4,0.027586206896551724
CTRRGGTDSFDHW,2,0.013793103448275862
CTTTSCYNWFDPW,3,0.020689655172413793
CYYGMDVW,2,0.013793103448275862
