CDR3,count,relative.frequency
CARVQQRSPLF,13,0.37142857142857144
CGSYSSTATLIF,6,0.17142857142857143
CLEYESYPLIF,6,0.17142857142857143
CLEYETYPLIF,2,0.05714285714285714
CLQYETYPLIF,8,0.22857142857142856
