CDR3,count,relative.frequency
CAKDAYRITIF,2,0.008032128514056224
CARDPSIF,14,0.05622489959839357
CARDRRFTIF,4,0.01606425702811245
CARGDTRITIF,20,0.08032128514056225
CARMRIF,12,0.04819277108433735
CARVSGRIAIF,111,0.4457831325301205
CASWDDSLRGLIF,2,0.008032128514056224
CATIKTIF,5,0.020080321285140562
CCAYGGSPWIF,17,0.06827309236947791
CCSYAGGSTLIF,5,0.020080321285140562
CCSYAGSRDVIF,2,0.008032128514056224
CDSRDNSNNLIF,8,0.0321285140562249
CQQHSDRMLIF,2,0.008032128514056224
CQQYDNLPLIF,25,0.10040160642570281
CQQYKTRPLSF,3,0.012048192771084338
CSFGGTNVLIF,4,0.01606425702811245
CSFGTTNILIF,3,0.012048192771084338
CSSYAGAKNLIF,2,0.008032128514056224
CVKDRVTIF,5,0.020080321285140562
CVNSPTIF,3,0.012048192771084338
