CDR3,count,relative.frequency
CASREGIGYEQYF,5,0.5555555555555556
CASSPGQNTEAFF,2,0.2222222222222222
CASSPTGTEAFF,2,0.2222222222222222
