CDR3,count,relative.frequency
CARGHPRYSIF,2,0.01694915254237288
CARGLWF,95,0.8050847457627118
CARISRATIF,3,0.025423728813559324
CEMLLIF,6,0.05084745762711865
CQQYGSSPLIF,2,0.01694915254237288
CTSHTKKNTLIF,2,0.01694915254237288
CVHRFTIF,8,0.06779661016949153
