CDR3,count,relative.frequency
CAKVAVAGMGFDYW,2,0.1111111111111111
CARDTGTGVDYW,4,0.2222222222222222
CARGTGFDYW,4,0.2222222222222222
CARNWFLDYW,3,0.16666666666666666
CARQTVTRFDYW,2,0.1111111111111111
CTRSKGPFVFDIW,3,0.16666666666666666
