CDR3,count,relative.frequency
CAISTRDSGEQYF,2,0.10526315789473684
CASRLTDTQYF,2,0.10526315789473684
CASRPWTGDEQYF,2,0.10526315789473684
CASSAQGGTEAFF,3,0.15789473684210525
CASSLTIQGEAFF,2,0.10526315789473684
CASSPGGLNQPQHF,2,0.10526315789473684
CASSRDGSYGYTF,4,0.21052631578947367
CASSTSTGEQYF,2,0.10526315789473684
