CDR3,count,relative.frequency
CASGGSYIPTF,3,0.2727272727272727
CGCENSGGSNYKLTF,6,0.5454545454545454
CQTGANNLFF,2,0.18181818181818182
