CDR3,count,relative.frequency
CAAEGAAFDIW,10,0.025839793281653745
CAAEGDAFDIW,2,0.00516795865633075
CAKDKQWLVDYW,2,0.00516795865633075
CAKRRKINWYFDLW,12,0.031007751937984496
CARADAYDVW,9,0.023255813953488372
CARALSAFDIW,10,0.025839793281653745
CARDYNYYGMDVW,3,0.007751937984496124
CAREGSGWGYFDYW,2,0.00516795865633075
CARELGPAFDPW,6,0.015503875968992248
CAREVGWDDYW,2,0.00516795865633075
CARGAYYFDFW,2,0.00516795865633075
CARGAYYFDYW,7,0.01808785529715762
CARGGSTTHPFDYW,12,0.031007751937984496
CARGKQLIDYW,3,0.007751937984496124
CARGKQLVDYW,8,0.020671834625323
CARGLTPDYW,4,0.0103359173126615
CARGNLDFFDSW,17,0.04392764857881137
CARGSASDFDYW,2,0.00516795865633075
CARGTYYFDSW,4,0.0103359173126615
CARGVAGGFDIW,3,0.007751937984496124
CARHDYAGYW,3,0.007751937984496124
CARHPNAFDFW,47,0.12144702842377261
CARHRSGSYFDYW,2,0.00516795865633075
CARIWYVTTFDYW,5,0.012919896640826873
CARLPENWFDPW,4,0.0103359173126615
CARLSVRGFDYW,2,0.00516795865633075
CARLVGWNGAFDIW,2,0.00516795865633075
CARPNRKNWFDPW,5,0.012919896640826873
CARPSGGYWYFALW,3,0.007751937984496124
CARRSVVTAIDYW,2,0.00516795865633075
CARRWGGFDLDYW,2,0.00516795865633075
CARRWSGTDYW,46,0.11886304909560723
CARSNEFDVW,2,0.00516795865633075
CARTIPPRTFDSW,9,0.023255813953488372
CASGSSSYFDYW,3,0.007751937984496124
CFAYW,17,0.04392764857881137
CFDPW,4,0.0103359173126615
CGGDCYGDYW,8,0.020671834625323
CKSVTCPYGDFDYW,3,0.007751937984496124
CMSFDYW,6,0.015503875968992248
CSAGRCYPHFDYW,3,0.007751937984496124
CSRFDCW,14,0.03617571059431524
CSRFDLW,10,0.025839793281653745
CSRGLHMDLTWFDPW,2,0.00516795865633075
CSRSSCRFDYW,2,0.00516795865633075
CSVYYYYGMDVW,4,0.0103359173126615
CTLTEFDYW,9,0.023255813953488372
CTSTTCYRTFDYW,3,0.007751937984496124
CTTGYDTWFDLW,3,0.007751937984496124
CVAAGTGDYW,20,0.05167958656330749
CVGHGDYCFAYW,5,0.012919896640826873
CVKAKWELPDYW,3,0.007751937984496124
CW,3,0.007751937984496124
CYAVDVW,3,0.007751937984496124
CYSLPNDYW,2,0.00516795865633075
CYSLYYGMDVW,2,0.00516795865633075
CYVDYW,4,0.0103359173126615
