CDR3,count,relative.frequency
CAKEERGPFDYW,5,0.13513513513513514
CAKRWLNDYW,3,0.08108108108108109
CARDRPGGLDYW,3,0.08108108108108109
CARGESPLFDYW,5,0.13513513513513514
CARGPYGDYYDLW,4,0.10810810810810811
CARMGATWDYW,7,0.1891891891891892
CARSFDFW,2,0.05405405405405406
CLARIDAFDIW,8,0.21621621621621623
