CDR3,count,relative.frequency
CAKNLRATDAFDIW,2,0.011363636363636364
CALGGSLNFDYW,2,0.011363636363636364
CAMYYFDSW,3,0.017045454545454544
CARENRKEEFDYW,18,0.10227272727272728
CARENSKEEFDYW,4,0.022727272727272728
CARGDLERPFQYW,2,0.011363636363636364
CARGFWFDSW,2,0.011363636363636364
CARGLRDAFDVW,2,0.011363636363636364
CARGNALDVW,24,0.13636363636363635
CARGNWGSSDYW,2,0.011363636363636364
CARGRTVFDYW,2,0.011363636363636364
CARHTATTNWFDSW,2,0.011363636363636364
CARLSSGGFDYW,3,0.017045454545454544
CARLTSGPDAFDVW,5,0.028409090909090908
CARNIGFYFDEW,7,0.03977272727272727
CARNVAFYFDFW,4,0.022727272727272728
CARNVAFYFDYW,4,0.022727272727272728
CARPLRGVAGAFDVW,2,0.011363636363636364
CARRKTTVDYW,3,0.017045454545454544
CARSRGDAFDIW,2,0.011363636363636364
CARTWGMVAIDYW,8,0.045454545454545456
CARVTDYSSYFDSW,2,0.011363636363636364
CARVWGGSYFDYW,6,0.03409090909090909
CARVWQLALDVW,2,0.011363636363636364
CATLGTAGFDYW,25,0.14204545454545456
CATTLYSGRYLDHW,2,0.011363636363636364
CATYINNAFESW,6,0.03409090909090909
CNLGTTDYW,2,0.011363636363636364
CSAGSCYPDYW,2,0.011363636363636364
CSRGGWYFDFW,2,0.011363636363636364
CTRGGAADYW,2,0.011363636363636364
CTSGLPGAFDLW,9,0.05113636363636364
CVRDHRWAFDIW,5,0.028409090909090908
CVRGGRNWYFDLW,2,0.011363636363636364
CYLQYW,2,0.011363636363636364
CYYYGMDVW,4,0.022727272727272728
