CDR3,count,relative.frequency
CAKDIW,12,0.06976744186046512
CAKDQEWLPAFDIW,2,0.011627906976744186
CAKDRDWNAFDIW,5,0.029069767441860465
CAKDREWSTYFFDYW,4,0.023255813953488372
CAKDWVDLDYW,6,0.03488372093023256
CAKGWRQNDYW,4,0.023255813953488372
CARDDDGDLDYW,2,0.011627906976744186
CARDGGTKDAFDIW,2,0.011627906976744186
CARDKRDGLDYW,5,0.029069767441860465
CARDQLQIDYW,2,0.011627906976744186
CARGQLWHNWFDPW,7,0.040697674418604654
CARHGEVGPFDPW,3,0.01744186046511628
CARLHSVGATTDYW,4,0.023255813953488372
CARMYYGDPDYW,2,0.011627906976744186
CARRPYGDYVFYW,2,0.011627906976744186
CARSTMARRFDYW,2,0.011627906976744186
CARVWGYGDYW,20,0.11627906976744186
CASREKNAFDIW,5,0.029069767441860465
CSGGDCPSWFDPW,6,0.03488372093023256
CSGGSCYRSDYW,10,0.05813953488372093
CSGQTCYSGYFDSW,8,0.046511627906976744
CSRGSCYRWLDPW,3,0.01744186046511628
CSRLWFDPW,12,0.06976744186046512
CSRLWLDPW,3,0.01744186046511628
CSSTSCYAFDYW,25,0.14534883720930233
CSSTSCYAYFDYW,2,0.011627906976744186
CTFSICHEIDYW,2,0.011627906976744186
CTRAGPEWFDPW,5,0.029069767441860465
CYGHWFDSW,3,0.01744186046511628
CYRSDYW,4,0.023255813953488372
