CDR3,count,relative.frequency
CAAWDASLSGPVF,2,0.014084507042253521
CAAWDDSLKVF,3,0.02112676056338028
CAAWDDSLNAVVF,2,0.014084507042253521
CAAWDDSLNGVLF,2,0.014084507042253521
CAAWDDSLNIYVF,2,0.014084507042253521
CALYMGSGIWVF,2,0.014084507042253521
CASYTSTSTLGVF,8,0.056338028169014086
CCSYAGSYSFVF,2,0.014084507042253521
CCSYTTSSTLVF,4,0.028169014084507043
CGSYAGSSTFVF,2,0.014084507042253521
CGTWDSSLSAGVF,2,0.014084507042253521
CGTWDSSLSAVLF,2,0.014084507042253521
CGVWDSSLSAWVF,5,0.035211267605633804
CMIWHSSAWVF,2,0.014084507042253521
CQAWDGYTAVF,2,0.014084507042253521
CQAWDSSSVVF,2,0.014084507042253521
CQAWDSSTAVF,2,0.014084507042253521
CQAWDSSTGVF,3,0.02112676056338028
CQAWDSSTLVF,4,0.028169014084507043
CQSADSGGYRYVF,2,0.014084507042253521
CQSADSSDTWVF,4,0.028169014084507043
CQSADVSGNYVLF,2,0.014084507042253521
CQSFDSSLSGSVVF,4,0.028169014084507043
CQSPDSTGTYWVF,2,0.014084507042253521
CQSWDSSSVVF,2,0.014084507042253521
CQSYDNSLSGGVF,2,0.014084507042253521
CQSYDSGNVVF,3,0.02112676056338028
CQSYDSSLFVF,3,0.02112676056338028
CQSYDSSLSGVVF,2,0.014084507042253521
CQSYDSSLSGWVF,2,0.014084507042253521
CQSYDSSSRVF,2,0.014084507042253521
CQTWDTAIPVF,2,0.014084507042253521
CQTWDTGIRVF,2,0.014084507042253521
CQVWDSSTGVVF,2,0.014084507042253521
CQVWDSSTVVF,2,0.014084507042253521
CSLSYSGARVF,8,0.056338028169014086
CSSYKSSSTLF,2,0.014084507042253521
CSSYTASSTLF,3,0.02112676056338028
CSSYTNSSTLVVF,7,0.04929577464788732
CSSYTSRSTVIF,4,0.028169014084507043
CSSYTSRTTLVF,2,0.014084507042253521
CSSYTSSNTQVF,2,0.014084507042253521
CSSYTSSSTRVF,3,0.02112676056338028
CSSYTSSSTSVF,4,0.028169014084507043
CSSYTSTSTVVF,2,0.014084507042253521
CYSAADNNPWVF,2,0.014084507042253521
CYSADSSGDHWLF,2,0.014084507042253521
CYSTDSSGNHRVF,10,0.07042253521126761
