CDR3,count,relative.frequency
CASSSGRGAGTF,2,0.0034129692832764505
CESASYPEGNF,507,0.8651877133105802
CESASYPGGNF,2,0.0034129692832764505
CESDSYPEGNF,2,0.0034129692832764505
CGSASYPEGNF,2,0.0034129692832764505
CGSPEAF,22,0.03754266211604096
CHQFGNAPFTF,2,0.0034129692832764505
CHQSTNYPWTF,2,0.0034129692832764505
CISFLFFSFF,3,0.005119453924914676
CLHYHTFPHTF,2,0.0034129692832764505
CQETYTTSSTF,2,0.0034129692832764505
CQKGGTF,4,0.006825938566552901
CQQSFRAPYTF,2,0.0034129692832764505
CQQSYTNIRTF,6,0.010238907849829351
CQQTSSKIPTF,3,0.005119453924914676
CQQYATPYTF,2,0.0034129692832764505
CQQYDDLPTF,3,0.005119453924914676
CQQYENGLTF,2,0.0034129692832764505
CQQYGTSPTF,2,0.0034129692832764505
CQQYHSPLTF,2,0.0034129692832764505
CSFHNLLGRSYYF,2,0.0034129692832764505
CSPSDPMVFSSF,2,0.0034129692832764505
CSSLLYLCCTF,2,0.0034129692832764505
CTAMLAPGF,4,0.006825938566552901
CVVSGFSVSTF,2,0.0034129692832764505
