CDR3,count,relative.frequency
CARDLTGYEPFDYW,3,0.07317073170731707
CARGYASAYLDYW,5,0.12195121951219512
CARHGGASFDYW,2,0.04878048780487805
CARHSSAYNWFDPW,2,0.04878048780487805
CARLSGIEGAFDIW,3,0.07317073170731707
CARSLSGIHDYW,5,0.12195121951219512
CASGFSYDYW,2,0.04878048780487805
CSLDYW,2,0.04878048780487805
CTGGQCYVDYW,2,0.04878048780487805
CTGHVCSEWFDPW,2,0.04878048780487805
CTTDGMDVW,10,0.24390243902439024
CVRHSKWFDPW,3,0.07317073170731707
