CDR3,count,relative.frequency
CAKGGRDAFDFW,2,0.013245033112582781
CALAFQHW,3,0.019867549668874173
CARADALDLW,6,0.039735099337748346
CARARDEYFQHW,3,0.019867549668874173
CARDAPGGVVDYW,3,0.019867549668874173
CARDDYGDFDYW,2,0.013245033112582781
CARDRGYDTYDYW,5,0.033112582781456956
CAREEGGGHFEYW,2,0.013245033112582781
CAREGGSYVWFDPW,2,0.013245033112582781
CARELLEYFDYW,15,0.09933774834437085
CARGDRMDYW,5,0.033112582781456956
CARGNGPLDYW,2,0.013245033112582781
CARGNGVDAFDVW,2,0.013245033112582781
CARGVDGFDYW,4,0.026490066225165563
CARGVFWFDPW,4,0.026490066225165563
CARIAGEDFDYW,2,0.013245033112582781
CARISGGPFDYW,2,0.013245033112582781
CARRGSSPTMDYW,2,0.013245033112582781
CARSNRGHFDYW,2,0.013245033112582781
CARVQGPAADYW,5,0.033112582781456956
CARWAAAGDFFDYW,4,0.026490066225165563
CARWASAGDYFDFW,14,0.09271523178807947
CARYGVLFDYW,8,0.052980132450331126
CATGMTTVTPFEYW,2,0.013245033112582781
CCGEDFDYW,2,0.013245033112582781
CLVGTYEAYW,2,0.013245033112582781
CSDVEPDYW,2,0.013245033112582781
CSGGSCEGDYW,4,0.026490066225165563
CSRDCSFDYW,4,0.026490066225165563
CSSASCSYFDSW,8,0.052980132450331126
CSSASCSYFDYW,3,0.019867549668874173
CSSTSCSYFDYW,3,0.019867549668874173
CSTTSCRNWFDPW,4,0.026490066225165563
CTLLDGDYW,8,0.052980132450331126
CVREKVGGFFDYW,8,0.052980132450331126
CVRRAQWWTVDYW,2,0.013245033112582781
