CDR3,count,relative.frequency
CAAWDDNLNGRVVF,8,0.028268551236749116
CAAWDDSLNGPVF,5,0.0176678445229682
CAAWDDSLNGRVVF,2,0.007067137809187279
CAAWDDSLNGYVF,2,0.007067137809187279
CAAWDDSLSGVGF,2,0.007067137809187279
CAAWDDSVNGWLF,4,0.014134275618374558
CAAWDDTLNGRVF,4,0.014134275618374558
CAAWHDSLNGPVF,4,0.014134275618374558
CASWDDSLNGVVF,2,0.007067137809187279
CATWDSSLSAVVF,8,0.028268551236749116
CCSYAGSSTWVF,3,0.01060070671378092
CCSYSSSSTLVF,2,0.007067137809187279
CETWDSDNYVVF,15,0.053003533568904596
CGAWDDSLNGPVF,4,0.014134275618374558
CGAWDDSLSGPIF,2,0.007067137809187279
CGTWDSSLSVVF,2,0.007067137809187279
CGTWDSSVSVYVF,7,0.024734982332155476
CGTWDTSLSAVYVF,8,0.028268551236749116
CLLSYSGARVF,3,0.01060070671378092
CLLSYTGGRPVF,3,0.01060070671378092
CMIWPSNAWVF,2,0.007067137809187279
CQAWDDTTAVF,4,0.014134275618374558
CQAWDGSTVVF,5,0.0176678445229682
CQAWDRSTAVF,2,0.007067137809187279
CQAWDSDTVVF,3,0.01060070671378092
CQAWDSGTVVF,18,0.0636042402826855
CQAWDSMTVVF,5,0.0176678445229682
CQAWDSSIVVF,2,0.007067137809187279
CQAWDSSTAHYVF,2,0.007067137809187279
CQAWDSSTAQYVF,10,0.0353356890459364
CQAWDSSTGVF,4,0.014134275618374558
CQAWDTTTAVF,16,0.05653710247349823
CQSADSDGTNVVF,2,0.007067137809187279
CQSADSDGTYVVF,4,0.014134275618374558
CQSADSSGTQEVF,2,0.007067137809187279
CQSADSSGTYHVF,2,0.007067137809187279
CQSADTSGNLVF,3,0.01060070671378092
CQSYDRSLHWVF,3,0.01060070671378092
CQSYDSNNVIF,2,0.007067137809187279
CQSYDSSLHWVF,22,0.07773851590106007
CQSYDSSLSGFVVF,4,0.014134275618374558
CQSYDSSLSGGVVF,10,0.0353356890459364
CQSYDSSLSGSLF,5,0.0176678445229682
CQSYDSSLXWVF,4,0.014134275618374558
CQSYDSSYAVF,3,0.01060070671378092
CQSYDTNNHVVF,6,0.02120141342756184
CQSYDTSLSGGLVF,3,0.01060070671378092
CQTWGAGIRVF,2,0.007067137809187279
CQTWGIGIVF,2,0.007067137809187279
CQTWGSGIRVF,4,0.014134275618374558
CQTWGTGIQVF,4,0.014134275618374558
CQTWGTGTNWVF,5,0.0176678445229682
CQVWDGSSDHRIF,5,0.0176678445229682
CQVWDGTSDHVVF,3,0.01060070671378092
CQVWDSDSDHWVF,7,0.024734982332155476
CSSYTRSSSLVF,3,0.01060070671378092
CSSYTRVSTFVF,6,0.02120141342756184
CSSYTSDTTLVF,2,0.007067137809187279
CSYAGSYTSVVF,2,0.007067137809187279
