CDR3,count,relative.frequency
CAHRRVTIF,2,0.023255813953488372
CAKEAPTIF,2,0.023255813953488372
CARDPTIF,6,0.06976744186046512
CAREGVRITIF,18,0.20930232558139536
CAREGVRLTIF,14,0.16279069767441862
CARRITIF,2,0.023255813953488372
CASFTTTSTLIF,2,0.023255813953488372
CAVTPDKLIF,2,0.023255813953488372
CCSNANIDSLIF,2,0.023255813953488372
CCSYAGSFTLIF,4,0.046511627906976744
CQNRNNIF,4,0.046511627906976744
CQQYYHPFPRIF,2,0.023255813953488372
CQSYEGTNLIF,2,0.023255813953488372
CQVWDTDTDHLIF,2,0.023255813953488372
CSSFTTSRPLF,10,0.11627906976744186
CSSYADRHNLIF,4,0.046511627906976744
CSSYAGNNTLIF,4,0.046511627906976744
CSSYTVTDTRIF,2,0.023255813953488372
CVKDRGGIF,2,0.023255813953488372
