CDR3,count,relative.frequency
CAKPFDYVW,68,0.40718562874251496
CAKTLNPNGFDIW,53,0.31736526946107785
CAKTSGTYGFDYW,4,0.023952095808383235
CARDDNHAFDFW,2,0.011976047904191617
CARGGYFVFDYW,3,0.017964071856287425
CARGLRWQPHAFDVW,2,0.011976047904191617
CARHNWFDPW,28,0.16766467065868262
CARVAASGFDSW,7,0.041916167664670656
