CDR3,count,relative.frequency
CAKDRGLAPTIF,2,0.0012254901960784314
CARAPRITIF,79,0.04840686274509804
CARDKTIF,1432,0.8774509803921569
CARDPMIF,4,0.0024509803921568627
CARDQRITIF,67,0.04105392156862745
CARHRPRITIF,8,0.004901960784313725
CARSTIF,2,0.0012254901960784314
CARVRSSIF,2,0.0012254901960784314
CATRVTIF,5,0.0030637254901960784
CQAWDNRTVIF,13,0.007965686274509803
CQQSYSSPLIF,6,0.003676470588235294
CSSYTGRTMIF,8,0.004901960784313725
CVKSHRLTIF,2,0.0012254901960784314
CYCARDKTIF,2,0.0012254901960784314
