CDR3,count,relative.frequency
CAISVGGDEQYF,2,0.15384615384615385
CAKSKGYTF,5,0.38461538461538464
CASIKNTGELFF,2,0.15384615384615385
CASSFWGLETEAFF,2,0.15384615384615385
CASSLGQGREQYF,2,0.15384615384615385
