CDR3,count,relative.frequency
CAKKAGPGNFDYW,2,0.045454545454545456
CARDKLYTFDNW,2,0.045454545454545456
CARDKRSLRDFDYW,4,0.09090909090909091
CAREGYYFDSW,2,0.045454545454545456
CARGWESFDSW,2,0.045454545454545456
CASGFHSGFDYW,2,0.045454545454545456
CATQDILDYW,15,0.3409090909090909
CSRDALHIW,2,0.045454545454545456
CSRWGWFDLW,2,0.045454545454545456
CSSLDYW,2,0.045454545454545456
CTRDTGYQTFDLW,2,0.045454545454545456
CVRDSAWAFDIW,5,0.11363636363636363
CVRSREFDYW,2,0.045454545454545456
