CDR3,count,relative.frequency
CAKTKSQRITIF,2,0.015384615384615385
CARDPTPRIAIF,5,0.038461538461538464
CARESSPPIF,5,0.038461538461538464
CARGILIF,9,0.06923076923076923
CARLGPSIF,9,0.06923076923076923
CARRAIF,2,0.015384615384615385
CARSPIF,2,0.015384615384615385
CARSTIF,33,0.25384615384615383
CARVGIF,3,0.023076923076923078
CASGRRTTIF,10,0.07692307692307693
CASPAIF,4,0.03076923076923077
CASYAGRNTLIF,2,0.015384615384615385
CCSYARSRTLIF,4,0.03076923076923077
CCYGGRSLIF,2,0.015384615384615385
CGSYTTRNTLIF,2,0.015384615384615385
CHQYFSARPLTF,2,0.015384615384615385
CLQCSYAPLTF,2,0.015384615384615385
CQAWDRNSPVIF,2,0.015384615384615385
CQAWDRNTPVIF,3,0.023076923076923078
CQQRDFGRPLTF,6,0.046153846153846156
CQQYASPLITF,5,0.038461538461538464
CQRYSSYSLIF,2,0.015384615384615385
CSSYAGNNYLIF,3,0.023076923076923078
CSSYTSSRDVIF,2,0.015384615384615385
CTRHVRITIF,9,0.06923076923076923
