CDR3,count,relative.frequency
CASSSGLDSGEQYF,4,0.3076923076923077
CESASYEGNF,6,0.46153846153846156
CQYYYTF,3,0.23076923076923078
