CDR3,count,relative.frequency
CLHHNSYPLSF,2,0.07142857142857142
CLQDYNYPFTF,2,0.07142857142857142
CMQVTQFPFTF,2,0.07142857142857142
CQQGYNAPPTF,2,0.07142857142857142
CQQSYSPLWTF,4,0.14285714285714285
CQQSYSTLFTF,2,0.07142857142857142
CQQYDNFPFTF,2,0.07142857142857142
CQQYNNWPPITF,2,0.07142857142857142
CQQYSTSPRTF,4,0.14285714285714285
CQQYYDTPQTF,4,0.14285714285714285
CQQYYSTPTF,2,0.07142857142857142
