CDR3,count,relative.frequency
CASRRQAYGYTF,2,0.07692307692307693
CASSFSQTNTEAFF,2,0.07692307692307693
CASSLEQTYEQYF,6,0.23076923076923078
CASSLGGPEAFF,12,0.46153846153846156
CASSRQGADGYTF,2,0.07692307692307693
CASSWSYGYTF,2,0.07692307692307693
