CDR3,count,relative.frequency
CAKAPTIF,2,0.016666666666666666
CARRVMIF,22,0.18333333333333332
CCSYEGNFRLIF,2,0.016666666666666666
CGRGTIF,2,0.016666666666666666
CHNYGNSPLIF,7,0.058333333333333334
CHQYHYLPLIF,4,0.03333333333333333
CLHYVNYPYIF,2,0.016666666666666666
CLQYATYPIIF,17,0.14166666666666666
CQCDHLIF,3,0.025
CQHLNTPPLIF,3,0.025
CQHYDSFPLIF,19,0.15833333333333333
CQHYHVFPLIF,2,0.016666666666666666
CQVWDRGVIF,2,0.016666666666666666
CSSFSNTLSLIF,2,0.016666666666666666
CSSWDDSLIF,6,0.05
CSSYGGRHNLIF,21,0.175
CSSYTNTNTLIF,2,0.016666666666666666
CTRNYIF,2,0.016666666666666666
