CDR3,count,relative.frequency
CAHFDYW,15,0.0872093023255814
CAKFPLDYW,6,0.03488372093023256
CAKGKIWFFDLW,3,0.01744186046511628
CAKGLRGRALDVW,6,0.03488372093023256
CAKGSGTWFDPW,2,0.011627906976744186
CAPGTDGLDVW,2,0.011627906976744186
CARATDYW,22,0.12790697674418605
CARDRNIPDYW,5,0.029069767441860465
CARDTNWRYFDYW,2,0.011627906976744186
CARDYGWLVDYW,2,0.011627906976744186
CARFVRDAFDIW,2,0.011627906976744186
CARGVFDHW,3,0.01744186046511628
CARLGRSHYIFDYW,2,0.011627906976744186
CARLNILDYYDHW,2,0.011627906976744186
CARQFDYIW,3,0.01744186046511628
CARRNDYGDYW,3,0.01744186046511628
CARSPWGRGDFDYW,3,0.01744186046511628
CARVFSGSDYW,20,0.11627906976744186
CARVRHQFWVDPW,2,0.011627906976744186
CARYGHWFDPW,5,0.029069767441860465
CARYGHWFESW,2,0.011627906976744186
CATGYYPDYW,4,0.023255813953488372
CFDYW,10,0.05813953488372093
CTGSEYVGYW,3,0.01744186046511628
CTTQRVYSGDDYW,3,0.01744186046511628
CVRDPSYFDFW,38,0.22093023255813954
CVRDWSWAFDIW,2,0.011627906976744186
