CDR3,count,relative.frequency
CMQALQTPLIF,2,0.18181818181818182
CQQYHDRPLTF,5,0.45454545454545453
CTSYRIRSIIF,4,0.36363636363636365
