CDR3,count,relative.frequency
CAGRLHIF,13,0.022033898305084745
CARDKRPTIF,5,0.00847457627118644
CARDRNTIF,13,0.022033898305084745
CARPLSF,10,0.01694915254237288
CARRGQIF,2,0.003389830508474576
CARRLQIF,3,0.005084745762711864
CARRRVIF,6,0.010169491525423728
CARRVQIF,425,0.7203389830508474
CATRVQIF,24,0.04067796610169491
CCSYAGYPIIF,37,0.06271186440677966
CNSWDSGNLPLIF,2,0.003389830508474576
CQQYYSSPLIF,2,0.003389830508474576
CSRGKHDSLIF,19,0.03220338983050847
CSSYTRTTTLIF,3,0.005084745762711864
CTSYTSSRPVIF,26,0.04406779661016949
