CDR3,count,relative.frequency
CAKQYVDCW,4,0.008676789587852495
CARDPEYAAFDIW,2,0.004338394793926247
CARDVTAFDYW,9,0.019522776572668113
CAREALFDYVW,2,0.004338394793926247
CAREFTYW,4,0.008676789587852495
CARENWGLDYW,2,0.004338394793926247
CARENWSFDFW,2,0.004338394793926247
CARERERGYYFDYW,5,0.010845986984815618
CARGQFDSW,2,0.004338394793926247
CARGRYFDLW,6,0.013015184381778741
CARVHYDAFDIW,374,0.8112798264642083
CARVLVRTGGFDYW,6,0.013015184381778741
CARVTNRDYFDFW,2,0.004338394793926247
CARYWYFDLW,3,0.006507592190889371
CASRREDFDHW,7,0.015184381778741865
CATGGFQYFAYW,2,0.004338394793926247
CAYYYYYGMDVW,2,0.004338394793926247
CDCMDVW,2,0.004338394793926247
CDYW,4,0.008676789587852495
CSRGWSHFEYW,2,0.004338394793926247
CTSFDYW,3,0.006507592190889371
CVGRSNIFDYW,10,0.021691973969631236
CVRLNFWSVRADYW,3,0.006507592190889371
CYIIDYW,3,0.006507592190889371
