CDR3,count,relative.frequency
CAHIAAPSRFDYW,2,0.004008016032064128
CAHNNDGDFGYW,13,0.026052104208416832
CAHRLGSSFDSW,2,0.004008016032064128
CAHSTMVSNSYDYW,2,0.004008016032064128
CAKATTVTPAFDYW,5,0.01002004008016032
CAKDKAYSSTSFDYW,2,0.004008016032064128
CAKDSSFFDYW,4,0.008016032064128256
CAKGPPYDYW,14,0.028056112224448898
CAKGSGWYVFDYW,3,0.006012024048096192
CALKRVVHFDYW,3,0.006012024048096192
CARAYSSGWYFDLW,5,0.01002004008016032
CARDTVAGELDYW,4,0.008016032064128256
CAREEGHYFDPW,2,0.004008016032064128
CAREGPGLDYFDYW,10,0.02004008016032064
CAREKRKPLDYW,47,0.09418837675350701
CARERNSSSLDYW,5,0.01002004008016032
CARETQATTFDYW,2,0.004008016032064128
CAREVFDYIW,28,0.056112224448897796
CARGAGSGWVDYW,3,0.006012024048096192
CARGDGAFDLW,11,0.022044088176352707
CARGNVGASPFDPW,3,0.006012024048096192
CARGRGADSDYW,2,0.004008016032064128
CARGSGYYVDAFDIW,2,0.004008016032064128
CARGYGNFDYW,13,0.026052104208416832
CARHLGGFDSW,6,0.012024048096192385
CARNGFDIW,2,0.004008016032064128
CARRNPHDSW,6,0.012024048096192385
CARSAAADMHFDFW,6,0.012024048096192385
CARSAAANMHFDYW,8,0.01603206412825651
CARSNPHDSW,34,0.06813627254509018
CARSSYFQRW,2,0.004008016032064128
CARTRSSGIDYW,4,0.008016032064128256
CARVPTWYREDFDYW,8,0.01603206412825651
CARVVLWEHFDSW,3,0.006012024048096192
CARYMRAFDSW,2,0.004008016032064128
CATHSGYLNYW,6,0.012024048096192385
CATQPREGALDYW,10,0.02004008016032064
CFDYW,29,0.05811623246492986
CGVFDYW,26,0.052104208416833664
CLRDRFDYW,5,0.01002004008016032
CPYYFDDW,5,0.01002004008016032
CQTNWFDPW,3,0.006012024048096192
CSDAIDIW,3,0.006012024048096192
CSGGGCFFDYW,4,0.008016032064128256
CSGGSCYPFDYW,6,0.012024048096192385
CSREAVAGLYFDHW,2,0.004008016032064128
CSRGDAGDYW,2,0.004008016032064128
CSSTTCYHFDYW,3,0.006012024048096192
CTDGVCYNWYFDLW,6,0.012024048096192385
CTGGVCSDAIDIW,10,0.02004008016032064
CTRDVFDYIW,5,0.01002004008016032
CTTDYGDYW,9,0.018036072144288578
CVRRLGGSPFDYW,2,0.004008016032064128
CVRRLGSSPFDYW,5,0.01002004008016032
CVTREGGYFDYW,2,0.004008016032064128
CYLDYW,22,0.04408817635270541
CYNWYFDLW,5,0.01002004008016032
CYRDFDNW,8,0.01603206412825651
CYRDFDYW,23,0.04609218436873747
CYRYFDYW,26,0.052104208416833664
CYYYYAMDVW,4,0.008016032064128256
