CDR3,count,relative.frequency
CASNYGPRGEQYF,2,0.1111111111111111
CASRPGTPYGYTF,14,0.7777777777777778
CASSLNYGYTF,2,0.1111111111111111
