CDR3,count,relative.frequency
CAGGRVTIF,2,0.006153846153846154
CAKALPPAIF,2,0.006153846153846154
CAKAPPPAIF,3,0.009230769230769232
CARALPPAIF,260,0.8
CARSPPPAIF,2,0.006153846153846154
CASGRVTIF,48,0.1476923076923077
CASVRVTIF,2,0.006153846153846154
CGRALPPAIF,2,0.006153846153846154
CQIWNPPTDHLIF,4,0.012307692307692308
