CDR3,count,relative.frequency
CMEVLQTPRTF,2,0.012048192771084338
CMQALLTPLTF,2,0.012048192771084338
CMQALQIPFTF,2,0.012048192771084338
CMQALQTHTF,5,0.030120481927710843
CMQALQTMYTF,10,0.060240963855421686
CMQALQTPLTF,2,0.012048192771084338
CMQALQTPRITF,3,0.018072289156626505
CMQALQTPYTF,3,0.018072289156626505
CMQGIHLITF,2,0.012048192771084338
CMQRLEFPLTF,2,0.012048192771084338
CMQSIQQYTF,2,0.012048192771084338
CMQTTHWPYTF,2,0.012048192771084338
CQHYNNWLRTF,2,0.012048192771084338
CQKYNSAPRTF,5,0.030120481927710843
CQPYDNLPTITF,2,0.012048192771084338
CQQCNNWPGYTF,2,0.012048192771084338
CQQFNSDPFTF,2,0.012048192771084338
CQQFNSYPFTF,4,0.024096385542168676
CQQFNTYPRTF,2,0.012048192771084338
CQQFYSSPPTF,6,0.03614457831325301
CQQFYSYPQHTF,2,0.012048192771084338
CQQLNSYSISF,2,0.012048192771084338
CQQRSDWPRTF,4,0.024096385542168676
CQQRSNWPRTF,2,0.012048192771084338
CQQSFSTPYTF,2,0.012048192771084338
CQQSYNIPRTF,2,0.012048192771084338
CQQSYSTPFTF,5,0.030120481927710843
CQQSYSTPLTF,5,0.030120481927710843
CQQSYTTPFTF,9,0.05421686746987952
CQQYDNIPPTF,2,0.012048192771084338
CQQYDNTPPTF,8,0.04819277108433735
CQQYDNWPRTF,2,0.012048192771084338
CQQYNDYPYSF,2,0.012048192771084338
CQQYNDYPYTF,5,0.030120481927710843
CQQYNNWLALSF,2,0.012048192771084338
CQQYNNWPPWTF,3,0.018072289156626505
CQQYNNWPRTF,2,0.012048192771084338
CQQYNNWPYTF,7,0.04216867469879518
CQQYNSPWTF,2,0.012048192771084338
CQQYNSSSRTF,6,0.03614457831325301
CQQYNSYWTF,2,0.012048192771084338
CQQYNTYAATF,3,0.018072289156626505
CQQYRYLPFTF,2,0.012048192771084338
CQQYYRTPLTF,2,0.012048192771084338
CQQYYSTPGTF,6,0.03614457831325301
CQQYYSTPHTF,2,0.012048192771084338
CQQYYSTPLTF,4,0.024096385542168676
CQQYYSTPPTF,2,0.012048192771084338
CQQYYSTPRTF,2,0.012048192771084338
CQQYYTTPYTF,2,0.012048192771084338
CQRYGPSPPVTF,3,0.018072289156626505
