CDR3,count,relative.frequency
CAYYFDSW,2,0.18181818181818182
CQLRAPDYW,2,0.18181818181818182
CTGGGCYSDYW,2,0.18181818181818182
CTLSLHDALPIW,3,0.2727272727272727
CWRRFDYW,2,0.18181818181818182
