CDR3,count,relative.frequency
CAKDMTTGADYW,2,0.014388489208633094
CAKDQYWGFDYW,2,0.014388489208633094
CARASVTTSFFDYW,7,0.050359712230215826
CARDDFGEAFDLW,2,0.014388489208633094
CARDLAWAFDIW,11,0.07913669064748201
CARDLFDYW,6,0.04316546762589928
CARDLSSDADYW,21,0.1510791366906475
CARDPGDDFFDIW,17,0.1223021582733813
CARETRPGYYFDYW,2,0.014388489208633094
CARGKTERVLDYW,2,0.014388489208633094
CARGLDAFVIW,2,0.014388489208633094
CARGMGFFDYW,2,0.014388489208633094
CARGNDVFDIW,2,0.014388489208633094
CARGPKTTAFDYW,3,0.02158273381294964
CARGYGDPSPFDYW,5,0.03597122302158273
CARHGDRGVYFDYW,7,0.050359712230215826
CARKGGDFDYW,2,0.014388489208633094
CARPGGSYSYCDYW,2,0.014388489208633094
CARRLVGTTIDYW,2,0.014388489208633094
CARSPTGASHDYW,15,0.1079136690647482
CDSW,2,0.014388489208633094
CSRGSCHNDYW,2,0.014388489208633094
CSSTSCYAFDIW,2,0.014388489208633094
CTKEDDEDYGDYW,2,0.014388489208633094
CTRKSRSGFDCW,2,0.014388489208633094
CTRSFASGSYSDYW,2,0.014388489208633094
CTTSIAVTTFDYW,5,0.03597122302158273
CTTVHAFDVW,8,0.05755395683453238
