CDR3,count,relative.frequency
CAKDRIMIF,6,0.11538461538461539
CARDRITIF,15,0.28846153846153844
CARGRIF,7,0.1346153846153846
CARQRISIF,2,0.038461538461538464
CARRITIF,2,0.038461538461538464
CHLYGGSPVIF,2,0.038461538461538464
CQAWDRGVIF,2,0.038461538461538464
CQEYNNWPRLIF,2,0.038461538461538464
CQTWDYRTVIF,2,0.038461538461538464
CQVWVSRPVIF,2,0.038461538461538464
CQVWVSSPVIF,2,0.038461538461538464
CSSYTSSRSVIF,2,0.038461538461538464
CTSYAGNNNLIF,6,0.11538461538461539
