CDR3,count,relative.frequency
CARDRGTIF,4,0.05128205128205128
CCSYAGSYSLIF,2,0.02564102564102564
CCSYATGRYVIF,4,0.05128205128205128
CITDPTIF,6,0.07692307692307693
CMEGTYLPLTF,15,0.19230769230769232
CQLSSSPPLIF,4,0.05128205128205128
CQQYDNLPLIF,39,0.5
CSSRDSEPLGIF,2,0.02564102564102564
CVREAIF,2,0.02564102564102564
