CDR3,count,relative.frequency
CARDPYRVTIF,42,0.4883720930232558
CARDTIF,2,0.023255813953488372
CARTGRPIF,4,0.046511627906976744
CCSYTRTDTLIF,4,0.046511627906976744
CMQTLQTPLIF,2,0.023255813953488372
CQASDTNTLIF,2,0.023255813953488372
CQQYHTNPYIF,2,0.023255813953488372
CQQYNSYPLIF,7,0.08139534883720931
CQTWDGRTEIF,2,0.023255813953488372
CRIAIF,6,0.06976744186046512
CRVAIF,2,0.023255813953488372
CSSYEARSTLIF,5,0.05813953488372093
CSSYTSNNTLIF,2,0.023255813953488372
CTSYAHKDKLIF,2,0.023255813953488372
CVRRDAIF,2,0.023255813953488372
