CDR3,count,relative.frequency
CAISGGQFEAFF,4,0.1111111111111111
CASGSGQGVTEAFF,4,0.1111111111111111
CASRENTEAFF,2,0.05555555555555555
CASSFSSFTEAFF,3,0.08333333333333333
CASSLAAGAWETQYF,3,0.08333333333333333
CASSLAPGVGYTF,2,0.05555555555555555
CASSLEGGTDTQYF,2,0.05555555555555555
CASSLGQFTEAFF,5,0.1388888888888889
CASSLTSTQYF,2,0.05555555555555555
CASSYGTETQYF,5,0.1388888888888889
CASSYSGGAYEQFF,2,0.05555555555555555
CSSSNWPYTF,2,0.05555555555555555
