CDR3,count,relative.frequency
CCSYTDISLIF,3,0.11538461538461539
CQHYNSYPYIF,13,0.5
CSSHAEIPMIF,5,0.19230769230769232
CSSHEGRDMIF,3,0.11538461538461539
CSSSIGNSLIF,2,0.07692307692307693
