CDR3,count,relative.frequency
CAKARIAIF,14,0.19718309859154928
CAKARVAIF,14,0.19718309859154928
CAKDRGGIF,2,0.028169014084507043
CARERGAIF,4,0.056338028169014086
CARGPTIF,2,0.028169014084507043
CARSGIF,2,0.028169014084507043
CCSYAGRYTLIF,4,0.056338028169014086
CQEAYISPFIF,3,0.04225352112676056
CQKYDRAPFIF,2,0.028169014084507043
CQQTYRTPYIF,2,0.028169014084507043
CQQYTYRPLTF,15,0.2112676056338028
CSSYAGNNNLIF,3,0.04225352112676056
CSSYSANKTLIF,4,0.056338028169014086
