CDR3,count,relative.frequency
CASSAEPPYEQYF,3,0.2727272727272727
CASSLSDEQYF,2,0.18181818181818182
CASSPPAAYEQYF,2,0.18181818181818182
CASSRGRQETQYF,4,0.36363636363636365
