CDR3,count,relative.frequency
CASGSPQGEAFF,5,0.3333333333333333
CASSEQETQYF,2,0.13333333333333333
CASSKGVEAFF,6,0.4
CASSLAETQYF,2,0.13333333333333333
