CDR3,count,relative.frequency
CASNRAYDTEAFF,6,0.08
CASSETQTHGYTF,6,0.08
CASSFTDASYEQYF,2,0.02666666666666667
CASSGGRDGYTF,2,0.02666666666666667
CASSLAAGRGYTF,9,0.12
CASSLGNEQFF,2,0.02666666666666667
CASSLVEKLFF,2,0.02666666666666667
CASSMGARTEAFF,2,0.02666666666666667
CASSPGLGGYTF,2,0.02666666666666667
CASSQDNYGYTF,2,0.02666666666666667
CASSQGQEAFF,2,0.02666666666666667
CASSRWDGETQYF,2,0.02666666666666667
CLESYGKTF,14,0.18666666666666668
CQQTSSHPGYTF,9,0.12
CSASGGGYNEQFF,2,0.02666666666666667
CSASGGYEQYF,3,0.04
CSASQGSDGYTF,6,0.08
CSVETGAAYEQYF,2,0.02666666666666667
