CDR3,count,relative.frequency
CATWDDRHKKLF,2,0.3333333333333333
CATWDENYYKKLF,2,0.3333333333333333
CATWGSQFYYKKLF,2,0.3333333333333333
