CDR3,count,relative.frequency
CAAWDDSLNGYVF,3,0.08333333333333333
CAAWDYSLSGPWVF,3,0.08333333333333333
CCSYAGSSTWVF,12,0.3333333333333333
CFSYAGSYTSVF,2,0.05555555555555555
CMIWHNSAVVF,2,0.05555555555555555
CQAWDSSTIVVF,6,0.16666666666666666
CQSADTSGTYKVF,2,0.05555555555555555
CQSYESRNWVF,3,0.08333333333333333
CQSYNSSNRHVVF,3,0.08333333333333333
