CDR3,count,relative.frequency
CLQYYSFPPTF,2,0.00437636761487965
CMEGTYWPYTF,2,0.00437636761487965
CMQALQTPLTF,7,0.015317286652078774
CMQALQTPPTF,3,0.006564551422319475
CMQALQTPRTF,5,0.010940919037199124
CMQATQFPYTF,2,0.00437636761487965
CMQGLHWPSF,2,0.00437636761487965
CMQGTHLPRYTF,27,0.05908096280087528
CMQGTHWPSF,2,0.00437636761487965
CMQNLQTPHIF,5,0.010940919037199124
CMQSLQTPITF,4,0.0087527352297593
CMQSVQMPRTF,3,0.006564551422319475
CQHYHSYPYTF,7,0.015317286652078774
CQHYNNYPWTF,10,0.02188183807439825
CQKHNSAPNTF,51,0.11159737417943107
CQKYDSAPLTF,2,0.00437636761487965
CQQANSFPITF,3,0.006564551422319475
CQQFDDYPPLTF,3,0.006564551422319475
CQQFYAYPITF,7,0.015317286652078774
CQQHDTLPYTF,2,0.00437636761487965
CQQHNDYPWTF,9,0.019693654266958426
CQQHNGWPLTF,2,0.00437636761487965
CQQHNNWPHKWSF,3,0.006564551422319475
CQQLNSYPVTF,2,0.00437636761487965
CQQLNTYPFGFTF,24,0.0525164113785558
CQQNNNWPLTF,2,0.00437636761487965
CQQRGNWPPLTF,30,0.06564551422319474
CQQSDNLPFTF,7,0.015317286652078774
CQQSFTTPYTF,2,0.00437636761487965
CQQSGGTPWTF,6,0.01312910284463895
CQQSNSF,26,0.05689277899343545
CQQSYDTPLYTF,13,0.028446389496717725
CQQSYSMPPTF,22,0.04814004376367615
CQQSYSTLWTF,3,0.006564551422319475
CQQSYSTPPYTF,3,0.006564551422319475
CQQTYSTRSF,2,0.00437636761487965
CQQYDNSPITF,24,0.0525164113785558
CQQYDSLPPMYTF,4,0.0087527352297593
CQQYFTSPLTF,2,0.00437636761487965
CQQYGNSPRTF,3,0.006564551422319475
CQQYGSSPFTF,2,0.00437636761487965
CQQYGSSPLTF,2,0.00437636761487965
CQQYGSSPRTF,6,0.01312910284463895
CQQYGSSPTF,4,0.0087527352297593
CQQYGTSPRITF,2,0.00437636761487965
CQQYGTSRLTF,3,0.006564551422319475
CQQYHNWPTMYIF,9,0.019693654266958426
CQQYNDWPPYTF,2,0.00437636761487965
CQQYNGGSWTF,4,0.0087527352297593
CQQYNHWPPWTF,6,0.01312910284463895
CQQYNNWPPITF,2,0.00437636761487965
CQQYNNWPPSYTF,2,0.00437636761487965
CQQYNSFLTF,2,0.00437636761487965
CQQYNVWYSF,2,0.00437636761487965
CQQYTSSSPWTF,2,0.00437636761487965
CQQYVNSPTF,3,0.006564551422319475
CQQYYDTPTF,14,0.030634573304157548
CQQYYNTPQTF,4,0.0087527352297593
CQQYYQWPPLTF,15,0.03282275711159737
CQQYYRYPYTF,3,0.006564551422319475
CQQYYSIPYTF,2,0.00437636761487965
CQQYYSTPPTF,7,0.015317286652078774
CQQYYSTPRTF,19,0.04157549234135667
CQQYYTTPLYTF,2,0.00437636761487965
