CDR3,count,relative.frequency
CAKEWGSSSFDYW,10,0.009910802775024777
CANFVSDYW,35,0.03468780971258672
CANGVCFFDYW,5,0.004955401387512388
CARASGYYNWFDPW,3,0.002973240832507433
CARDGTGGWHFDYW,6,0.005946481665014866
CARDSGNAFDIW,2,0.0019821605550049554
CARDTWDYW,25,0.024777006937561942
CAREGDSSSFDFW,3,0.002973240832507433
CAREVMGFDDW,2,0.0019821605550049554
CARGGLLVPDYW,129,0.1278493557978196
CARGNPYYAMDVW,21,0.02081268582755203
CARGWIHDAFHIW,2,0.0019821605550049554
CARGYGSGNYFDYW,2,0.0019821605550049554
CARILTGPDDYW,3,0.002973240832507433
CARKFSSKDWFDPW,6,0.005946481665014866
CARRAPLSSSFDYW,2,0.0019821605550049554
CARRWAADSFDIW,7,0.006937561942517344
CARVGLGDYLDXW,2,0.0019821605550049554
CARVGLGDYLDYW,40,0.03964321110009911
CARVVTPFDYW,57,0.05649157581764123
CARVVTPFXYW,2,0.0019821605550049554
CARWNPARAFDIW,5,0.004955401387512388
CARXGDSSSFDFW,2,0.0019821605550049554
CARYENWFDPW,2,0.0019821605550049554
CASGAGADYW,9,0.008919722497522299
CATIYYYYGMDVW,2,0.0019821605550049554
CATWFDPW,5,0.004955401387512388
CLHDALPIW,2,0.0019821605550049554
CMDVW,2,0.0019821605550049554
CPRWLDPW,6,0.005946481665014866
CSDANCVWFDSW,2,0.0019821605550049554
CSGGSCHDYW,3,0.002973240832507433
CSPFDYW,2,0.0019821605550049554
CSRDGFGRNTFDSW,4,0.003964321110009911
CSRSNCPTWFDPW,13,0.01288404360753221
CSRTNCPTWFDAW,2,0.0019821605550049554
CSRTNCPTWFDHW,2,0.0019821605550049554
CSRTNCPTWFDPW,296,0.2933597621407334
CSRTNCPTWFDTW,2,0.0019821605550049554
CSRXNCPTWFDPW,5,0.004955401387512388
CSTGRGYPDSW,2,0.0019821605550049554
CSXTNCPTWFDPW,3,0.002973240832507433
CTKDRGMAGYFYYW,2,0.0019821605550049554
CTRHGFGRNTFDSW,2,0.0019821605550049554
CTSGLGDYW,2,0.0019821605550049554
CTTDRPADYW,2,0.0019821605550049554
CTTQRGSLRYFDNW,2,0.0019821605550049554
CTTWFDPW,5,0.004955401387512388
CVDVW,3,0.002973240832507433
CVRALGRPDYW,2,0.0019821605550049554
CVRARGRPDYW,242,0.2398414271555996
CVRAXGRPDYW,2,0.0019821605550049554
CVRDTAESIDYW,6,0.005946481665014866
CVRIGYSSGDDYW,2,0.0019821605550049554
CVXDTAESIDYW,2,0.0019821605550049554
