CDR3,count,relative.frequency
CAEGGYADYFHGW,3,0.013157894736842105
CAGDVW,3,0.013157894736842105
CAHDYW,4,0.017543859649122806
CAKDLVGGGLDYW,8,0.03508771929824561
CAKGLTPDYW,3,0.013157894736842105
CAKVSIDWFFDLW,4,0.017543859649122806
CARARDQEFEYW,2,0.008771929824561403
CARDFSGCFDYW,2,0.008771929824561403
CARDLESTSWFDPW,5,0.021929824561403508
CARDLSGPFDYW,3,0.013157894736842105
CARDQTTVTAFDIW,5,0.021929824561403508
CARDRSLDYW,11,0.04824561403508772
CARDRTYGGAFDIW,16,0.07017543859649122
CARETSSGFDIW,6,0.02631578947368421
CARGDPTVFDYW,2,0.008771929824561403
CARGGDRKLDLFDIW,9,0.039473684210526314
CARGGLEEFDPW,16,0.07017543859649122
CARGIAAFDYW,2,0.008771929824561403
CARGWKQWLIDYW,22,0.09649122807017543
CARGWQRNYFDYW,8,0.03508771929824561
CARHFDYW,4,0.017543859649122806
CARHWRVHSPFDYW,3,0.013157894736842105
CARLRAAHFDYW,3,0.013157894736842105
CARPRAGNWYFDLW,3,0.013157894736842105
CARRRYSWRFDPW,12,0.05263157894736842
CARSLVKHLFDYW,10,0.043859649122807015
CARSVARGTVDYW,3,0.013157894736842105
CARTHQLAFDIW,13,0.05701754385964912
CARTTDFDFW,3,0.013157894736842105
CATGDRDFDHW,2,0.008771929824561403
CHSDAFDIW,2,0.008771929824561403
CSAGSCYFGYW,25,0.10964912280701754
CSDGSCYRFDYW,2,0.008771929824561403
CSGGSCYWGRFDYW,2,0.008771929824561403
CTTTSCYLESFFDYW,2,0.008771929824561403
CVRGWLRSYFDYW,5,0.021929824561403508
