CDR3,count,relative.frequency
CALNGLGNF,2,0.03076923076923077
CALRAVLSVTMTF,4,0.06153846153846154
CALVDGCLRGF,2,0.03076923076923077
CAYSLSPIPF,2,0.03076923076923077
CESASYPEGNF,19,0.2923076923076923
CISFLFFSFF,4,0.06153846153846154
CLLLLYIYFSKLF,3,0.046153846153846156
CLQHDSFPLTF,2,0.03076923076923077
CLSLVMPPLF,2,0.03076923076923077
CMQVVQTSITF,9,0.13846153846153847
CQQGFTTPGTF,4,0.06153846153846154
CQQSCASYTF,2,0.03076923076923077
CQRYDDYPITF,2,0.03076923076923077
CSRKPVARSTGF,2,0.03076923076923077
CSSLLYLCCTF,2,0.03076923076923077
CTSAVAHLLPGF,2,0.03076923076923077
CVTVSSHEPHGF,2,0.03076923076923077
