CDR3,count,relative.frequency
CARDRQTYYDFW,9,0.11842105263157894
CARTTVIMRWFDPW,4,0.05263157894736842
CASDRGLHYFDYW,27,0.35526315789473684
CASDRGLQYFDYW,18,0.23684210526315788
CSSSTCKFDPW,2,0.02631578947368421
CTRAVFNDYW,11,0.14473684210526316
CVRDGDRWNFDYW,3,0.039473684210526314
CYVVYW,2,0.02631578947368421
