CDR3,count,relative.frequency
CAAWDDRLNGVVF,4,0.018691588785046728
CAAWDDSLHGPVF,3,0.014018691588785047
CAAWDDSLKGYVF,2,0.009345794392523364
CAAWDDSLNGLVF,2,0.009345794392523364
CAAWDDTLSGWVF,4,0.018691588785046728
CATWDDSLNGVVF,4,0.018691588785046728
CCSYAGSYTEVF,3,0.014018691588785047
CCSYAGSYTWVF,4,0.018691588785046728
CETWDNNIRVF,5,0.02336448598130841
CGTWDSSLSAGVF,3,0.014018691588785047
CLLSYNGAGVF,2,0.009345794392523364
CQAWDSSTHVVF,16,0.07476635514018691
CQAWDSSTVVF,5,0.02336448598130841
CQAWDSSTYIF,38,0.17757009345794392
CQAWDSSTYVF,7,0.03271028037383177
CQAWDSSYVVF,2,0.009345794392523364
CQAWDTSTAVF,2,0.009345794392523364
CQSADSSGDYVVF,4,0.018691588785046728
CQSADYFGSYVF,6,0.028037383177570093
CQSFDSSLSGWVF,4,0.018691588785046728
CQSPDSSGTFVVF,3,0.014018691588785047
CQSYDFSHRVVF,3,0.014018691588785047
CQSYDNSLSGYWVF,2,0.009345794392523364
CQSYDSRTIVF,3,0.014018691588785047
CQSYDSSLGGRVF,2,0.009345794392523364
CQTWGTGIWVF,2,0.009345794392523364
CQVWDNSTVVF,14,0.06542056074766354
CQVWDPSTWVF,2,0.009345794392523364
CQVWDRSSDHYVF,5,0.02336448598130841
CQVWDRSTDVVF,2,0.009345794392523364
CQVWDSNSDHVVF,6,0.028037383177570093
CQVWDSRFALF,2,0.009345794392523364
CQVWDSSSDHYVF,3,0.014018691588785047
CQVWDSTSDHVVF,3,0.014018691588785047
CSSYAGSNNLVF,3,0.014018691588785047
CSSYGGSNNFWVF,18,0.08411214953271028
CSSYTISSTLVF,3,0.014018691588785047
CSSYTSSRTLRVF,2,0.009345794392523364
CSSYTSSSSYVVF,2,0.009345794392523364
CSSYTSSSTLRVF,3,0.014018691588785047
CSSYTSSSTWVF,4,0.018691588785046728
CSSYTTSSTLVF,2,0.009345794392523364
CSYAGSATLVF,3,0.014018691588785047
CYSTDSSNDYRVF,2,0.009345794392523364
