CDR3,count,relative.frequency
CARHAWIRPIF,2,0.006968641114982578
CARHHWLRPIF,3,0.010452961672473868
CARHRLIIF,4,0.013937282229965157
CARHRPLWF,3,0.010452961672473868
CARVTIF,13,0.04529616724738676
CASDPQDRRTIF,4,0.013937282229965157
CATDQLFF,8,0.027874564459930314
CCSYASSGTLIF,2,0.006968641114982578
CCSYATALLIF,108,0.37630662020905925
CCSYATSSPLIF,2,0.006968641114982578
CCSYTAALLIF,16,0.05574912891986063
CHQRRTRPLTF,4,0.013937282229965157
CLHYKTYPYIF,2,0.006968641114982578
CLQYNDDPYIF,2,0.006968641114982578
CMQGTYWPLIF,4,0.013937282229965157
CQAWDNRTVIF,4,0.013937282229965157
CQHYANLPLIF,2,0.006968641114982578
CQIWDTTGLIF,16,0.05574912891986063
CQKYDNYPLIF,2,0.006968641114982578
CQQHHTYPLIF,2,0.006968641114982578
CQQYSERPLTF,7,0.024390243902439025
CQVWHNAALIF,4,0.013937282229965157
CQYYTSVPIIF,2,0.006968641114982578
CSSSVLGLLIF,9,0.0313588850174216
CSSYGGTDKLVF,46,0.1602787456445993
CSSYMNSNPLIF,4,0.013937282229965157
CSSYMNSNTLIF,12,0.041811846689895474
