CDR3,count,relative.frequency
CASIRNRGEAFF,2,0.18181818181818182
CASSSSDTDTQYF,3,0.2727272727272727
CASSWTDTGELFF,4,0.36363636363636365
CASTTGDNQPQHF,2,0.18181818181818182
