CDR3,count,relative.frequency
CASSSGQGRGYTF,2,0.10526315789473684
CASSSGQINGYTF,3,0.15789473684210525
CASSVSGYPQETQYF,2,0.10526315789473684
CASSYARGYNEQFF,2,0.10526315789473684
CASSYGGSTEAFF,10,0.5263157894736842
