CDR3,count,relative.frequency
CAAWDDRLNGWVF,3,0.017241379310344827
CAAWDDSLHGVIF,2,0.011494252873563218
CAAWDDSLIGPVF,2,0.011494252873563218
CAAWDDSLNGFVF,2,0.011494252873563218
CAAWDDSLNGLWVF,2,0.011494252873563218
CAAWDDSLNGWVF,4,0.022988505747126436
CAAWDDSLNGYVF,2,0.011494252873563218
CAAWDDSLSGRVF,3,0.017241379310344827
CCSYAGSSLYVF,2,0.011494252873563218
CCSYAGSSTLVF,3,0.017241379310344827
CCSYAGSSTRVF,5,0.028735632183908046
CCSYAGSSTWVF,2,0.011494252873563218
CETWDSEARWVF,2,0.011494252873563218
CETWDSGNRGVF,2,0.011494252873563218
CGTWDSSLSAGVF,2,0.011494252873563218
CISYTSSITLVF,2,0.011494252873563218
CLLYYGGARVF,2,0.011494252873563218
CNSRDSSGDWVF,3,0.017241379310344827
CNSRDSSGNHLEVF,2,0.011494252873563218
CNSRDSSGNHVVF,9,0.05172413793103448
CNSRDSSGNWVF,2,0.011494252873563218
CNSRDTSGNHLGF,2,0.011494252873563218
CNSRDTSGNHLVF,6,0.034482758620689655
CQAWDSRTVLF,2,0.011494252873563218
CQAWDSSTAVF,4,0.022988505747126436
CQAWDSSTGVF,4,0.022988505747126436
CQAWDSSTVVF,7,0.040229885057471264
CQAWDSSTVVVF,3,0.017241379310344827
CQSADSAETLWVF,2,0.011494252873563218
CQSADSSGTCAVF,2,0.011494252873563218
CQSADSSGTYKVF,4,0.022988505747126436
CQSADSSGTYLLF,2,0.011494252873563218
CQSADSSNTYVVF,2,0.011494252873563218
CQSADSTGSYVF,2,0.011494252873563218
CQSTDNSGTVF,3,0.017241379310344827
CQSTDSSGIYVF,2,0.011494252873563218
CQSYASTNWVF,2,0.011494252873563218
CQSYDRSLVGSVF,2,0.011494252873563218
CQSYDSRNVIF,2,0.011494252873563218
CQSYDSSLSGLVF,2,0.011494252873563218
CQSYDSSLSGWVF,3,0.017241379310344827
CQSYDSSLSWVF,2,0.011494252873563218
CQSYDSSLTGSVF,3,0.017241379310344827
CQSYDSSNHNWVF,2,0.011494252873563218
CQSYDSSNRVF,2,0.011494252873563218
CQSYDSTNQRVF,4,0.022988505747126436
CQTWGSGTWVF,2,0.011494252873563218
CQTWGTGFVVF,2,0.011494252873563218
CQTWGTGIWVF,4,0.022988505747126436
CQTWVKGIHWVF,2,0.011494252873563218
CQTWVTGIRVF,3,0.017241379310344827
CSAWDTTLRAWVF,2,0.011494252873563218
CSSRDSSGNHRLF,2,0.011494252873563218
CSSYAGSNNVVF,3,0.017241379310344827
CSSYTSSSTLVF,2,0.011494252873563218
CSSYTSSSYVF,7,0.040229885057471264
CSSYTSTSTLVF,2,0.011494252873563218
CSSYTTSSTWVF,2,0.011494252873563218
CSYAGGSTLF,2,0.011494252873563218
CSYAGSSTLVF,3,0.017241379310344827
CSYAGSSTLWVF,2,0.011494252873563218
CSYAGSSTRVF,5,0.028735632183908046
