CDR3,count,relative.frequency
CESASYPEGNF,62,0.7045454545454546
CGSFWGWGGF,2,0.022727272727272728
CGTWDSNLSVFVF,5,0.056818181818181816
CISFLFFSFF,5,0.056818181818181816
CLPSARGCFF,2,0.022727272727272728
CQQYDSWWTF,2,0.022727272727272728
CQVRDTSSDHYVF,4,0.045454545454545456
CSSYTSSNTF,6,0.06818181818181818
