CDR3,count,relative.frequency
CAKDRLAIF,10,0.04854368932038835
CARDLGRLTIF,2,0.009708737864077669
CARDLWF,19,0.09223300970873786
CARDVRISIF,10,0.04854368932038835
CARERIF,2,0.009708737864077669
CARERQRSTIF,3,0.014563106796116505
CARRAIF,67,0.32524271844660196
CARSGRNAIF,2,0.009708737864077669
CATRATIF,6,0.02912621359223301
CCSFAGNPYIF,4,0.019417475728155338
CCSYTLTDILIF,2,0.009708737864077669
CCSYTLTGILIF,55,0.2669902912621359
CHHYGNSPYIF,2,0.009708737864077669
CLQLHMYPIIF,2,0.009708737864077669
CMQALQTPPIF,2,0.009708737864077669
CMQTRQNPLIF,2,0.009708737864077669
CQAWDSPYIF,8,0.038834951456310676
CQQTYIIPYIF,2,0.009708737864077669
CQQYFLRPLTF,6,0.02912621359223301
