CDR3,count,relative.frequency
CARDKERLTIF,2,0.014705882352941176
CARVPIF,2,0.014705882352941176
CARVPVAPTIF,9,0.0661764705882353
CARVPVSPTIF,38,0.27941176470588236
CASYTRYTTLIF,5,0.03676470588235294
CGSYTHYTTLIF,6,0.04411764705882353
CQHYGDTPLISF,2,0.014705882352941176
CQLWDSTSDPLIF,2,0.014705882352941176
CQTWDARTLIF,5,0.03676470588235294
CQTWDGRTLIF,7,0.051470588235294115
CQTWDSRTLIF,52,0.38235294117647056
CQVSDTDHVIF,2,0.014705882352941176
CSSYVGSDNLIF,4,0.029411764705882353
