CDR3,count,relative.frequency
CASYTTIYTLIF,4,0.2857142857142857
CQQSYSPLIAF,2,0.14285714285714285
CSSFTTSTTLIF,8,0.5714285714285714
