CDR3,count,relative.frequency
CASGPNIGSTF,2,0.11764705882352941
CASGSGSTGELFF,2,0.11764705882352941
CASRPQGATYGYTF,3,0.17647058823529413
CASSGLQDYGYTF,4,0.23529411764705882
CASSLIRDGYTF,2,0.11764705882352941
CASSPAGTGELFF,2,0.11764705882352941
CSYNSPLHF,2,0.11764705882352941
