CDR3,count,relative.frequency
CAALSVGYSFGF,4,0.0005307151386493299
CAARVAFSEALVF,4,0.0005307151386493299
CAAWDGSLSTVVF,8,0.0010614302772986599
CASASYPEGNF,4,0.0005307151386493299
CASYPEGNF,2,0.00026535756932466497
CDSASYPEGNF,9,0.0011941090619609924
CESASCPEGNF,2,0.00026535756932466497
CESASFPGGNF,4,0.0005307151386493299
CESASYPDGNF,2,0.00026535756932466497
CESASYPEANF,3,0.0003980363539869975
CESASYPEENF,13,0.0017248242006103224
CESASYPEGNF,7283,0.9662995886957676
CESASYPEGTF,11,0.0014594666312856574
CESASYPEVNF,4,0.0005307151386493299
CESASYPGGNF,22,0.002918933262571315
CESASYREGNF,3,0.0003980363539869975
CETASYPEGNF,3,0.0003980363539869975
CGGGFSLRGF,2,0.00026535756932466497
CGSASYPEGNF,7,0.0009287514926363275
CGSPEAF,15,0.0019901817699349874
CHQSHTMPATF,2,0.00026535756932466497
CISFLFFSFF,4,0.0005307151386493299
CKSASYPEGNF,6,0.000796072707973995
CLHYGTSQFTF,3,0.0003980363539869975
CMQGRQHPYTF,4,0.0005307151386493299
CMQRRRGYTF,2,0.00026535756932466497
CQHYDAWRTF,3,0.0003980363539869975
CQHYDSWRTF,2,0.00026535756932466497
CQHYGNSHTF,19,0.0025208969085843175
CQHYSYSPKTF,2,0.00026535756932466497
CQKYGTSLTF,2,0.00026535756932466497
CQQFGSTF,4,0.0005307151386493299
CQQFRLSQITF,3,0.0003980363539869975
CQQHEDLPVTF,2,0.00026535756932466497
CQQLRTF,3,0.0003980363539869975
CQQNYNYLTF,2,0.00026535756932466497
CQQRDNGLTF,4,0.0005307151386493299
CQQSHAIPRTF,2,0.00026535756932466497
CQQSLSVPRTF,2,0.00026535756932466497
CQQTFDTPSTF,2,0.00026535756932466497
CQQYDAWRTF,2,0.00026535756932466497
CQQYDSWRTF,3,0.0003980363539869975
CQQYGGRPITF,3,0.0003980363539869975
CQQYKHILTF,2,0.00026535756932466497
CQQYNERLYTF,2,0.00026535756932466497
CQQYSGLGTF,2,0.00026535756932466497
CQQYSTSSSTF,3,0.0003980363539869975
CQQYTDWRTF,3,0.0003980363539869975
CQSASYPEGNF,5,0.0006633939233116624
CSDVIIARYGF,3,0.0003980363539869975
CSLQPPPPGF,3,0.0003980363539869975
CSNISPRRVEIGF,2,0.00026535756932466497
CSSLLYLCCTF,2,0.00026535756932466497
CTAMLAPGF,10,0.001326787846623325
CTASGFTFGTF,4,0.0005307151386493299
CVLLQVQEDGF,2,0.00026535756932466497
CVTAVCFRHFDPNF,2,0.00026535756932466497
CVYCGDNWSENF,2,0.00026535756932466497
CYQHSGDATF,2,0.00026535756932466497
CYSASYPEGNF,2,0.00026535756932466497
