CDR3,count,relative.frequency
CAKGPAAHLIF,2,0.03389830508474576
CARGRIF,2,0.03389830508474576
CARGTIF,39,0.6610169491525424
CISYGGNNNLIF,8,0.13559322033898305
CQHRARPLTF,3,0.05084745762711865
CQNQLIF,3,0.05084745762711865
CQQSFTTPLIF,2,0.03389830508474576
