CDR3,count,relative.frequency
CAPNREQYF,2,0.02631578947368421
CASRRGGANVLTF,4,0.05263157894736842
CASSDDSLYGYTF,2,0.02631578947368421
CASSEAGTDTQYF,2,0.02631578947368421
CASSFTGPTGELFF,2,0.02631578947368421
CASSILESGYTF,4,0.05263157894736842
CASSLDGTGELFF,3,0.039473684210526314
CASSLESDQETQYF,2,0.02631578947368421
CASSLGDREETQYF,2,0.02631578947368421
CASSLKETQYF,4,0.05263157894736842
CASSLNSYEQYF,4,0.05263157894736842
CASSLRLYGYTF,16,0.21052631578947367
CASSLVGGNEQFF,3,0.039473684210526314
CASSQETGSYEQYF,2,0.02631578947368421
CASSQGLGPETQYF,2,0.02631578947368421
CASSQGRASYEQYF,2,0.02631578947368421
CASSQSENQPQHF,4,0.05263157894736842
CASSRDRVYGYTF,3,0.039473684210526314
CASSSSQYEQYF,2,0.02631578947368421
CASTPGSNTEAFF,4,0.05263157894736842
CATSDGGRGGYTF,3,0.039473684210526314
CSAGRGEETQYF,2,0.02631578947368421
CSVNRGDYGYTF,2,0.02631578947368421
