CDR3,count,relative.frequency
CAGAGADYW,4,0.007936507936507936
CAKGGVNSFDTW,203,0.4027777777777778
CAQGDSFDMW,2,0.003968253968253968
CARAPLVGADFDYW,4,0.007936507936507936
CARASARGTSFDYW,2,0.003968253968253968
CARDAADYW,7,0.013888888888888888
CARDDFDYW,6,0.011904761904761904
CARDDHDSMDVW,2,0.003968253968253968
CARDEEVAGFDYW,2,0.003968253968253968
CARDNQFESSFDYW,5,0.00992063492063492
CARDWAAALDYW,2,0.003968253968253968
CAREARNYFDYW,10,0.01984126984126984
CAREARSYYDYW,2,0.003968253968253968
CAREDAGYFDFW,2,0.003968253968253968
CAREDYTFDCW,45,0.08928571428571429
CARGDAFDIW,3,0.005952380952380952
CARGDNYDALDIW,8,0.015873015873015872
CARGDSFDIW,2,0.003968253968253968
CARGFDDW,19,0.037698412698412696
CARGFNNNYFYAW,4,0.007936507936507936
CARGGDWFDPW,2,0.003968253968253968
CARGGWMHPDYW,2,0.003968253968253968
CARGLSWPPHFDYW,3,0.005952380952380952
CARGLWGSGAFDIW,6,0.011904761904761904
CARGNFDYW,5,0.00992063492063492
CARGPPDYW,4,0.007936507936507936
CARGTGGDYW,5,0.00992063492063492
CARHDDTFDIW,3,0.005952380952380952
CARKRLGYFDSW,3,0.005952380952380952
CARMYSGFDHW,2,0.003968253968253968
CARPANWNYGNYW,4,0.007936507936507936
CARQGTYNWFDPW,2,0.003968253968253968
CARRKADDAFDIW,6,0.011904761904761904
CARTVSNDYMDVW,43,0.08531746031746032
CARWSAADPDYW,2,0.003968253968253968
CATASGVYPIYDYW,6,0.011904761904761904
CATLRSAFDIW,2,0.003968253968253968
CCDYW,5,0.00992063492063492
CHLQYFQLW,2,0.003968253968253968
CMDVW,2,0.003968253968253968
CSGSSCFDYW,11,0.021825396825396824
CSREGSMNWPFDFW,2,0.003968253968253968
CSRGRYPADYW,2,0.003968253968253968
CSRTSCSFDYW,5,0.00992063492063492
CSTSREMDYFEYW,4,0.007936507936507936
CTGESCYYLGYW,2,0.003968253968253968
CTGTNCHDSW,2,0.003968253968253968
CTMSSGFDYW,2,0.003968253968253968
CVKGGATILDAFDMW,2,0.003968253968253968
CVKGGVNSFDTW,2,0.003968253968253968
CVKGSNFALFDPW,4,0.007936507936507936
CVRAGNYFHYW,2,0.003968253968253968
CVRGKDGNYFDYW,3,0.005952380952380952
CVTHRWFDPW,7,0.013888888888888888
CVTSRGKGYFAYW,2,0.003968253968253968
CYSEDAFDLW,9,0.017857142857142856
