CDR3,count,relative.frequency
CAAWDDSLHGWVF,2,0.006514657980456026
CAAWDGSLNGWVF,10,0.03257328990228013
CAAWDNSLNGWAF,2,0.006514657980456026
CETWDINTRVF,2,0.006514657980456026
CKSADSSGTYWVF,11,0.035830618892508145
CLLLAQQNF,67,0.2182410423452769
CLLYHGGAWVF,5,0.016286644951140065
CLLYYDGVQVF,2,0.006514657980456026
CLLYYHGVQVF,9,0.029315960912052116
CMIWHSSAWVF,2,0.006514657980456026
CNSRDSRGSHVVF,8,0.026058631921824105
CQAWDSGTVF,3,0.009771986970684038
CQAWDSNTVVF,2,0.006514657980456026
CQAWDSSNVVF,8,0.026058631921824105
CQAWDSSSWVF,3,0.009771986970684038
CQAWDSSTVF,2,0.006514657980456026
CQAWDSSTVVF,4,0.013029315960912053
CQSADHSGTYWVF,18,0.05863192182410423
CQSADNSDSYVVF,4,0.013029315960912053
CQSADSSASYVVF,2,0.006514657980456026
CQSADSSDSYVVF,5,0.016286644951140065
CQSADSSGTYVVF,2,0.006514657980456026
CQSADSSGTYWVF,80,0.26058631921824105
CQSADSSSSYWVF,4,0.013029315960912053
CQSPDSSGSYHVVF,3,0.009771986970684038
CQSTDSSGNYVVF,4,0.013029315960912053
CQSTDSSGTYQVF,2,0.006514657980456026
CQSYDGSNQVF,3,0.009771986970684038
CQSYDSSLSASVVF,4,0.013029315960912053
CQSYDSSNHVVF,4,0.013029315960912053
CQTWGTGIRVF,2,0.006514657980456026
CQTWGTGIVVF,2,0.006514657980456026
CQTWGTYWVF,2,0.006514657980456026
CQTWNTGIRVVF,2,0.006514657980456026
CQVWDSSIVLF,2,0.006514657980456026
CQVWDYSTVVF,2,0.006514657980456026
CSAWDSSLSAWVF,4,0.013029315960912053
CSSYAGSNNPYWVF,5,0.016286644951140065
CSSYTSSSTVVF,7,0.02280130293159609
CYSTDSSGNHWVF,2,0.006514657980456026
