CDR3,count,relative.frequency
CAASYGEGWFDPW,2,0.0029411764705882353
CAKDHVGYSSGFDYW,5,0.007352941176470588
CAKETSGYIDNW,8,0.011764705882352941
CARASDDQEDFDYW,2,0.0029411764705882353
CARASGANRLDSW,6,0.008823529411764706
CARASGANRLDYW,6,0.008823529411764706
CARASGTNRLDYW,13,0.01911764705882353
CARDITGPFDSW,2,0.0029411764705882353
CARDPDVDYFDLW,11,0.016176470588235296
CARDPDVDYFDYW,161,0.23676470588235293
CARDRDVDYFDYW,3,0.004411764705882353
CARDRGGSYYVDYW,96,0.1411764705882353
CARDTGSDSVFDYW,2,0.0029411764705882353
CARDTTGYLDKW,8,0.011764705882352941
CAREINGYFDNW,2,0.0029411764705882353
CAREISGYFDKW,17,0.025
CAREMLRGKAFDVW,2,0.0029411764705882353
CARENSGYIDNW,2,0.0029411764705882353
CARERGGYFDKW,6,0.008823529411764706
CARERRGYFDKW,2,0.0029411764705882353
CARESNAYFDKW,3,0.004411764705882353
CARESNAYFDQW,2,0.0029411764705882353
CARESSGYCDNW,23,0.033823529411764704
CARESSGYFDNW,2,0.0029411764705882353
CARESTGYFDNW,2,0.0029411764705882353
CARETGGYFDTW,2,0.0029411764705882353
CARETSGYFDNW,46,0.06764705882352941
CARETSGYIDNW,110,0.16176470588235295
CARGGRGPFDFW,2,0.0029411764705882353
CARGGVVGAPFDYW,12,0.01764705882352941
CARGPPFDHW,2,0.0029411764705882353
CARGRSWFDPW,12,0.01764705882352941
CARGSGWAQLDYW,2,0.0029411764705882353
CARIKLGAAADYW,2,0.0029411764705882353
CARKPWGIFDYW,3,0.004411764705882353
CARPTLYYAFDIW,4,0.0058823529411764705
CARQSGGYFDNW,6,0.008823529411764706
CARRSGRYFDYW,2,0.0029411764705882353
CARSRTPDASDIW,9,0.013235294117647059
CARSVTPREFDYW,2,0.0029411764705882353
CARVGWASSFEYW,2,0.0029411764705882353
CARWEVQVDGLDVW,9,0.013235294117647059
CASPGDWFDPW,2,0.0029411764705882353
CATDRSGTYYFDYW,5,0.007352941176470588
CRSLNVGFDAW,2,0.0029411764705882353
CSGGDCYDFDYW,2,0.0029411764705882353
CSGGTCKFHYW,2,0.0029411764705882353
CSRTSCLVFFDYW,2,0.0029411764705882353
CTRAMDVW,4,0.0058823529411764705
CTRDAQTSVAFDSW,2,0.0029411764705882353
CTRELQVFGDYW,5,0.007352941176470588
CTTDIRWTDSW,2,0.0029411764705882353
CTTRYPISQFDFW,9,0.013235294117647059
CTTSSVFDVW,2,0.0029411764705882353
CTTYDWNDAFDMW,8,0.011764705882352941
CVKAGVLAFDLW,2,0.0029411764705882353
CVKEGPERRFDLW,2,0.0029411764705882353
CVKEVYDYVLDYW,2,0.0029411764705882353
CVRESRGYFDTW,2,0.0029411764705882353
CVRETPHTRFFDYW,2,0.0029411764705882353
CVRTLRALDYW,4,0.0058823529411764705
CYSSLSRWIDPW,4,0.0058823529411764705
