CDR3,count,relative.frequency
CARDHRPIF,4,0.0425531914893617
CARDSIF,9,0.09574468085106383
CAREFRTTIF,6,0.06382978723404255
CCSNAGTYTLIF,3,0.031914893617021274
CCSYAGSDILIF,2,0.02127659574468085
CCSYTTSMTLIF,2,0.02127659574468085
CHQYAASPLIF,2,0.02127659574468085
CHQYAVSPLIF,11,0.11702127659574468
CMNGIYLPLIF,3,0.031914893617021274
CQEYLDTPHIF,2,0.02127659574468085
CQHYNSYPLIF,3,0.031914893617021274
CQHYYNYPYIF,2,0.02127659574468085
CQQFGSSPYIF,2,0.02127659574468085
CQQRAAWPLIF,2,0.02127659574468085
CSASAGDNNLIF,2,0.02127659574468085
CSSFGGTSILIF,10,0.10638297872340426
CSSFSRTTPVIF,2,0.02127659574468085
CSSYAGGYTLIF,2,0.02127659574468085
CSSYAGTYTLIF,2,0.02127659574468085
CTRAPSIF,13,0.13829787234042554
CTSYTTTSPVIF,2,0.02127659574468085
CYCAAGKNLIF,2,0.02127659574468085
CYSYAGSGTLIF,2,0.02127659574468085
CYSYAGSPVIF,4,0.0425531914893617
