CDR3,count,relative.frequency
CARDRSTIF,5,0.45454545454545453
CARDVRATIF,2,0.18181818181818182
CARHLIF,2,0.18181818181818182
CQQYHHWRPLSF,2,0.18181818181818182
