CDR3,count,relative.frequency
CAGGF,2,0.008298755186721992
CAVSEGSGNQFYF,2,0.008298755186721992
CESASYPEGNF,204,0.8464730290456431
CGLYLGSGLWVF,2,0.008298755186721992
CGTASANFAANF,2,0.008298755186721992
CHQYYKWPETF,2,0.008298755186721992
CHQYYNTFWTF,2,0.008298755186721992
CMAGLQTQRTF,4,0.016597510373443983
CPPRPRNPGF,2,0.008298755186721992
CQHHDNLSITF,2,0.008298755186721992
CQQNDISPYTF,2,0.008298755186721992
CQQRGKWSPTF,3,0.012448132780082987
CQQTYKPPFTF,5,0.02074688796680498
CSFHPILMKIF,2,0.008298755186721992
CSLYVGSGTWVF,2,0.008298755186721992
CSPWTGGGSGF,3,0.012448132780082987
