CDR3,count,relative.frequency
CALSPECCGF,2,0.01015228426395939
CARDRYF,6,0.030456852791878174
CAREAGGF,16,0.08121827411167512
CARGNGPLF,18,0.09137055837563451
CASHTSTALYVF,3,0.015228426395939087
CASTTAPVAGGF,2,0.01015228426395939
CCSYTSRTTLVF,2,0.01015228426395939
CESASYPEGNF,15,0.07614213197969544
CGTWDTRLSVSLF,2,0.01015228426395939
CHQFESSPFTF,9,0.04568527918781726
CHQSYGFPLTF,6,0.030456852791878174
CHQYHTVPLTF,2,0.01015228426395939
CISFLFFSFF,4,0.02030456852791878
CLLSPFWIIGYGF,2,0.01015228426395939
CLQASHWPGTF,4,0.02030456852791878
CLQVDNFPLTF,2,0.01015228426395939
CLQVLQAPLTF,7,0.03553299492385787
CLQWGTF,3,0.015228426395939087
CMQALQTPITF,4,0.02030456852791878
CMQSLQRNTF,2,0.01015228426395939
CQHYSTYSWTF,2,0.01015228426395939
CQQDSTYAWTF,3,0.015228426395939087
CQQF,2,0.01015228426395939
CQQFSAYPVTF,3,0.015228426395939087
CQQGYTPPRTF,8,0.04060913705583756
CQQSEDTPITF,22,0.1116751269035533
CQQSFTSITF,2,0.01015228426395939
CQQSHSVLLTF,4,0.02030456852791878
CQQSYNTPRTF,3,0.015228426395939087
CQQSYSGPRTF,3,0.015228426395939087
CQQYATAPWTF,2,0.01015228426395939
CQQYDTRITF,2,0.01015228426395939
CQQYDYWWTF,2,0.01015228426395939
CQQYGNSPRGF,2,0.01015228426395939
CQQYRLWYTF,2,0.01015228426395939
CSDVIIACCGF,2,0.01015228426395939
CSSFTNSGTWVF,2,0.01015228426395939
CSSYTSINTGVF,3,0.015228426395939087
CTAMLAPGF,7,0.03553299492385787
CVQGTRFITF,2,0.01015228426395939
CVQTLQPPWTF,2,0.01015228426395939
CVSFSLMTF,3,0.015228426395939087
CVVSVRTESTF,3,0.015228426395939087
