CDR3,count,relative.frequency
CAKDRGKIF,11,0.017915309446254073
CAKDRGRIF,525,0.8550488599348535
CAKDRGSIF,10,0.016286644951140065
CARDGVFRIAIF,2,0.003257328990228013
CARDTIF,3,0.004885993485342019
CARGAIF,3,0.004885993485342019
CARPRRITIF,2,0.003257328990228013
CARSPMIF,22,0.035830618892508145
CCAYGGNLIF,2,0.003257328990228013
CCSFAGGSLIF,2,0.003257328990228013
CCSYGGSYNLIF,16,0.026058631921824105
CGSYVGSNTLIF,9,0.014657980456026058
CQAWDTDTVIF,2,0.003257328990228013
CSLKILQLIF,3,0.004885993485342019
CTAHTSSSPVIF,2,0.003257328990228013
