CDR3,count,relative.frequency
CASQTLSTDTQYF,4,0.16666666666666666
CASSLAKEAGELFF,6,0.25
CASSYGYNSPLHF,2,0.08333333333333333
CASTEATF,8,0.3333333333333333
CATSSPGTGLYEQYF,2,0.08333333333333333
CSYNSPLHF,2,0.08333333333333333
