CDR3,count,relative.frequency
CAKGRITIF,4,0.05714285714285714
CAKSRITIF,41,0.5857142857142857
CARGPLIF,8,0.11428571428571428
CARRVSIF,10,0.14285714285714285
CCSYAGTYSLIF,2,0.02857142857142857
CCSYAGTYTLIF,3,0.04285714285714286
CQQRYSYPLIF,2,0.02857142857142857
