CDR3,count,relative.frequency
CAAWDDNLNGWVF,2,0.010810810810810811
CAAWDDSLPGRVF,3,0.016216216216216217
CAAWDDSLSGWVF,2,0.010810810810810811
CAAWDDSLTGWVF,29,0.15675675675675677
CAAWDNGLNGVF,2,0.010810810810810811
CAAWHDSLSGPGVF,2,0.010810810810810811
CALYVGSGIWVF,2,0.010810810810810811
CATWDDRLNGVF,2,0.010810810810810811
CAVWDDSLNGVVF,2,0.010810810810810811
CETWDSRVF,5,0.02702702702702703
CGTWDSGLSAGVF,3,0.016216216216216217
CGTWDSSLSVVVF,2,0.010810810810810811
CLLSYSGATWVF,2,0.010810810810810811
CNSRDSSGNHLNWVF,2,0.010810810810810811
CQAWDASTGLF,2,0.010810810810810811
CQAWDGSTVIF,2,0.010810810810810811
CQAWDSSTVVF,3,0.016216216216216217
CQSADNSGTYPVF,2,0.010810810810810811
CQSADSSGTYEVF,2,0.010810810810810811
CQSADSSGTYWVF,8,0.043243243243243246
CQSADSSSSSWVF,2,0.010810810810810811
CQSADSTGTYEVF,7,0.03783783783783784
CQSADTSDTYRVF,2,0.010810810810810811
CQSADTSGTWVF,2,0.010810810810810811
CQSADTSGYYDVF,2,0.010810810810810811
CQSFDSFNRGVF,2,0.010810810810810811
CQSFDSSLSGPIF,2,0.010810810810810811
CQSFDSSLSGPVF,2,0.010810810810810811
CQSLDSSNSYWVF,2,0.010810810810810811
CQSSDSSGNPVVF,2,0.010810810810810811
CQSTDNSGDYVF,4,0.021621621621621623
CQSYDGNNWVF,2,0.010810810810810811
CQSYDISLSGWVF,2,0.010810810810810811
CQSYDSIVVF,2,0.010810810810810811
CQSYDSNMSGVF,2,0.010810810810810811
CQSYDSRLSGSVF,2,0.010810810810810811
CQSYDSSLISWVF,2,0.010810810810810811
CQSYDSSLSAWVF,2,0.010810810810810811
CQSYDSSVRVF,2,0.010810810810810811
CQTWGSGIQVF,2,0.010810810810810811
CQTWGTGISVF,3,0.016216216216216217
CQTWGTGIVVF,3,0.016216216216216217
CQTWGTGTVVF,2,0.010810810810810811
CQTWGTGTWVF,3,0.016216216216216217
CQVFDSATAFF,2,0.010810810810810811
CQVWDSGTGVF,2,0.010810810810810811
CQVWDSSGDHHVVF,2,0.010810810810810811
CSSYTARSTLVF,2,0.010810810810810811
CSSYTGSSTYVF,2,0.010810810810810811
CSSYTPSTTLVF,2,0.010810810810810811
CSSYTSGSTLYVF,2,0.010810810810810811
CSSYTSSRTRVF,2,0.010810810810810811
CSSYTSSSTLVVF,2,0.010810810810810811
CSSYTTSSTLIF,2,0.010810810810810811
CVAWDDSLSGPVF,14,0.07567567567567568
CVLYLGGGISVF,4,0.021621621621621623
CVLYMGSGVWVF,2,0.010810810810810811
CYSAADHTLVF,2,0.010810810810810811
CYSAADMSLGVF,2,0.010810810810810811
CYSIDSSGQHGVF,4,0.021621621621621623
