CDR3,count,relative.frequency
CARDLEF,24,0.8888888888888888
CATYGIRITIF,3,0.1111111111111111
