CDR3,count,relative.frequency
CAAHGGALDYW,14,0.0782122905027933
CAGDCSHTFDVW,8,0.0446927374301676
CAKGGRGKDVPDVW,2,0.0111731843575419
CAKNSSQTSFDSW,2,0.0111731843575419
CARAKLAHAFDLW,4,0.0223463687150838
CARDGSFDYW,10,0.055865921787709494
CARDYYYYMDVW,2,0.0111731843575419
CAREASTAFDIW,2,0.0111731843575419
CAREGGSAAFDIW,2,0.0111731843575419
CARELTGRTDYW,2,0.0111731843575419
CAREPYLRHTYFDLW,2,0.0111731843575419
CARERETLGFDSW,2,0.0111731843575419
CARGAPYGDNFDYW,4,0.0223463687150838
CARGEAFDMW,2,0.0111731843575419
CARGISVADYW,4,0.0223463687150838
CARGITMWGRFDSW,4,0.0223463687150838
CARGLVDYW,10,0.055865921787709494
CARGNAGKDYW,7,0.03910614525139665
CARGTQLFDYW,5,0.027932960893854747
CARGTTYFESW,2,0.0111731843575419
CARHNRCDSW,2,0.0111731843575419
CARIGTSMAFDFW,6,0.0335195530726257
CARINTALAFDFW,2,0.0111731843575419
CARLDYNFDYW,2,0.0111731843575419
CARMRRDAFDIW,4,0.0223463687150838
CARRSGVDYW,2,0.0111731843575419
CARTLSYRNFDYW,2,0.0111731843575419
CARVSSSGWYYDLW,2,0.0111731843575419
CARVWGSFDYW,4,0.0223463687150838
CARWNFAFDIW,2,0.0111731843575419
CASGYRTLDYW,2,0.0111731843575419
CASRRPSDYW,5,0.027932960893854747
CLADLDYW,2,0.0111731843575419
CRGPSCYYFDNW,6,0.0335195530726257
CSALTCYSDYW,2,0.0111731843575419
CSGTICDYYDYW,3,0.01675977653631285
CSRTACYPDFW,3,0.01675977653631285
CSRTNCYVFDRW,3,0.01675977653631285
CTRAPSLDYW,4,0.0223463687150838
CTRGEYYFDYW,4,0.0223463687150838
CTRQPVFDYW,3,0.01675977653631285
CTSYSCPYYFDYW,3,0.01675977653631285
CTTAGLDNWFDPW,3,0.01675977653631285
CVKDGGEWDPDYW,4,0.0223463687150838
CVKDIDYAFEIW,3,0.01675977653631285
CVRMLSNSHFDSW,2,0.0111731843575419
CVRPDWLDPW,2,0.0111731843575419
CVRTPSGWYYFDYW,2,0.0111731843575419
CYADLDYW,5,0.027932960893854747
