CDR3,count,relative.frequency
CAHLPDYW,3,0.010309278350515464
CAKEEVGFDYW,2,0.006872852233676976
CAKGSGNHYFDYW,2,0.006872852233676976
CARADSWSYAMDVW,2,0.006872852233676976
CARDAGSYYFDFW,4,0.013745704467353952
CARDDFWSGYYDYW,2,0.006872852233676976
CARDNPPMGDALDIW,3,0.010309278350515464
CARDRADYCDYW,19,0.06529209621993128
CARELWWSRDYW,4,0.013745704467353952
CARGGFAHGFDVW,3,0.010309278350515464
CARGGGYSYAFDIW,9,0.030927835051546393
CARGNPGDYW,2,0.006872852233676976
CARGRGGDYWLDPW,2,0.006872852233676976
CARGSTLFDSW,2,0.006872852233676976
CARLVRGGAFHVW,2,0.006872852233676976
CARQTGDNAFDIW,2,0.006872852233676976
CARQTVRYFDYW,4,0.013745704467353952
CARTEQWGDPFDLW,3,0.010309278350515464
CARVKIALTGGFDYW,2,0.006872852233676976
CARVYSTFDYW,17,0.058419243986254296
CASYGGHWYFDLW,5,0.01718213058419244
CATFGYSGYPDYW,7,0.024054982817869417
CATGVAGFDNW,6,0.020618556701030927
CATTSVVAYYFNYW,2,0.006872852233676976
CAYGDYGDYW,2,0.006872852233676976
CDYW,3,0.010309278350515464
CFAEYFRLW,2,0.006872852233676976
CGIVADYW,4,0.013745704467353952
CKGANCYGWFDPW,2,0.006872852233676976
CLRVDHAMDVW,2,0.006872852233676976
CLVMGWWDYW,35,0.12027491408934708
CSGGSCYSDYW,4,0.013745704467353952
CSGRVCSPLFDHW,2,0.006872852233676976
CSRNFYYYYGMDVW,2,0.006872852233676976
CSRNYYYYYGMDVW,78,0.26804123711340205
CSTPFCYAGFDFW,2,0.006872852233676976
CTRDADWDGFDYW,2,0.006872852233676976
CTRGSGRFEYW,4,0.013745704467353952
CTRWGSSFDYW,3,0.010309278350515464
CVGQSFDFW,2,0.006872852233676976
CVRDIESADYNDFW,2,0.006872852233676976
CVRGPWEGYFDSW,2,0.006872852233676976
CVRQGYWAFDLW,11,0.037800687285223365
CVRVPQWGDPFDLW,4,0.013745704467353952
CVRVTYYYGMDVW,10,0.03436426116838488
CWVMGWWDYW,2,0.006872852233676976
CYYGRDVW,2,0.006872852233676976
