CDR3,count,relative.frequency
CALHSFDYW,2,0.0196078431372549
CARDNKGDPW,2,0.0196078431372549
CARDSFGDAFDFW,2,0.0196078431372549
CAREDSYYCPDYW,4,0.0392156862745098
CAREGLVTAFDFW,2,0.0196078431372549
CARGPMRGWFDPW,16,0.1568627450980392
CARGYSGFFYW,8,0.0784313725490196
CARSTVTGTSDYW,2,0.0196078431372549
CPDYW,4,0.0392156862745098
CSGGSCYSSDYW,37,0.3627450980392157
CTLGICPFDPW,17,0.16666666666666666
CTTERGGHHLDYW,2,0.0196078431372549
CTTRGNFDYW,2,0.0196078431372549
CVLTTKYYFDYW,2,0.0196078431372549
