CDR3,count,relative.frequency
CALVGGDYW,2,0.11764705882352941
CARGFGDYFDYW,5,0.29411764705882354
CARGWSFDNW,3,0.17647058823529413
CARGYGGNLDYW,4,0.23529411764705882
CW,3,0.17647058823529413
