CDR3,count,relative.frequency
CAFDIW,8,0.036036036036036036
CAKSFNGFDVW,3,0.013513513513513514
CAKYGRNPHFDSW,2,0.009009009009009009
CALTTDNWFDPW,5,0.02252252252252252
CARANEWGAFDLW,4,0.018018018018018018
CARAVTISAFDIW,2,0.009009009009009009
CARDGRHAFDIW,3,0.013513513513513514
CARDNEAFDIW,2,0.009009009009009009
CARDSRGEFDYW,14,0.06306306306306306
CARDTGWFVYW,2,0.009009009009009009
CAREASGVFDVW,4,0.018018018018018018
CAREDEGGAFDFW,2,0.009009009009009009
CARGIAELDYW,2,0.009009009009009009
CARGIVAAAFDIW,2,0.009009009009009009
CARGTFQSFFDYW,6,0.02702702702702703
CARHGGYFDFW,2,0.009009009009009009
CARNGGFYFDYW,3,0.013513513513513514
CARVDTVPNAFDIW,2,0.009009009009009009
CARYTRRFDYW,2,0.009009009009009009
CATRDYTDNW,8,0.036036036036036036
CAYYYYYYYMDVW,2,0.009009009009009009
CGVAMDYW,21,0.0945945945945946
CMAPFVYW,3,0.013513513513513514
CQQYFDAW,2,0.009009009009009009
CSGGSCYFDSW,2,0.009009009009009009
CSGGSCYFDYW,19,0.08558558558558559
CSGSSCYLDSW,2,0.009009009009009009
CSGSSCYLDYW,2,0.009009009009009009
CSGSTCYLDYW,3,0.013513513513513514
CSNGVCHTWFDPW,4,0.018018018018018018
CSNWFDSW,13,0.05855855855855856
CSSTICSNWFDSW,2,0.009009009009009009
CTARADYW,4,0.018018018018018018
CTRHDPFDFW,15,0.06756756756756757
CTRRDAFDIW,2,0.009009009009009009
CTTARNDYW,2,0.009009009009009009
CTTPHNDYW,15,0.06756756756756757
CVRATYYYYMDVW,2,0.009009009009009009
CVRDPHYAFDIW,4,0.018018018018018018
CW,25,0.11261261261261261
