CDR3,count,relative.frequency
CAAAGSSCNDYW,6,0.04580152671755725
CADCYSDAFDVW,4,0.030534351145038167
CALW,2,0.015267175572519083
CARDIRFLEWFDPW,2,0.015267175572519083
CARDKDYGDYDYW,19,0.1450381679389313
CARDPESSXFDYW,4,0.030534351145038167
CARDPIRRFDYW,2,0.015267175572519083
CARDRIIGLAFDVW,2,0.015267175572519083
CARDSSSWTSDYW,7,0.05343511450381679
CARDTVTTFDYW,2,0.015267175572519083
CAREGAAADFFDFW,2,0.015267175572519083
CARGLQSLAFDIW,2,0.015267175572519083
CARGRGFDPW,13,0.09923664122137404
CARGSSFRGFDYW,3,0.022900763358778626
CARGWGELDYW,3,0.022900763358778626
CARRDILTGFFDYW,3,0.022900763358778626
CARRRVNSGAFDIW,2,0.015267175572519083
CARRTGNSKIDYW,4,0.030534351145038167
CARTQLAHFDLW,8,0.061068702290076333
CARWREGFDYW,12,0.0916030534351145
CASSTGNGFDFW,7,0.05343511450381679
CFDIW,7,0.05343511450381679
CKLNYYFADW,2,0.015267175572519083
CLGAGDYW,2,0.015267175572519083
CQQYNSYW,3,0.022900763358778626
CQQYNTYW,2,0.015267175572519083
CSRTSCFDIW,2,0.015267175572519083
CVKEDDAFDMW,2,0.015267175572519083
CW,2,0.015267175572519083
