CDR3,count,relative.frequency
CHQRSDWPLTF,2,0.006535947712418301
CHQYSSVPFTF,7,0.02287581699346405
CHQYYTTPWTF,2,0.006535947712418301
CLQHNSYPYTF,3,0.00980392156862745
CLQRNSSPLTF,2,0.006535947712418301
CMQALQTPITF,2,0.006535947712418301
CMQALQTPKTF,5,0.016339869281045753
CMQALQTPLTF,8,0.026143790849673203
CMQATQFPRTF,43,0.14052287581699346
CMQGTHWLPVTF,5,0.016339869281045753
CMQGTQFPRTF,2,0.006535947712418301
CMQGTQWPITF,2,0.006535947712418301
CMQGTRWPWTF,2,0.006535947712418301
CMQNLQTPLTF,2,0.006535947712418301
CMQPLQTPYTF,2,0.006535947712418301
CMQRIEYPNTF,4,0.013071895424836602
CMQVLQTVCTF,2,0.006535947712418301
CNQYKSYPFAF,2,0.006535947712418301
CQHFNDYPHVYTF,2,0.006535947712418301
CQHYNNWPPWTF,2,0.006535947712418301
CQHYNSHPWTF,4,0.013071895424836602
CQQFYTTPCSF,2,0.006535947712418301
CQQGNSFPLTF,2,0.006535947712418301
CQQGYSSPVTF,2,0.006535947712418301
CQQHGNSPRTF,3,0.00980392156862745
CQQNNKWPETF,3,0.00980392156862745
CQQRVSWPPFTF,2,0.006535947712418301
CQQSVNTPFTF,9,0.029411764705882353
CQQSYSMFITF,2,0.006535947712418301
CQQSYSTEVTF,2,0.006535947712418301
CQQSYSTPITF,4,0.013071895424836602
CQQSYSTPLTF,4,0.013071895424836602
CQQSYSTPRTF,6,0.0196078431372549
CQQSYSTPTTF,10,0.032679738562091505
CQQSYSTPYTF,2,0.006535947712418301
CQQSYYGPWTF,2,0.006535947712418301
CQQTYSIPFTF,2,0.006535947712418301
CQQYADSPTWTF,2,0.006535947712418301
CQQYDNLPITF,2,0.006535947712418301
CQQYDNLPLTF,2,0.006535947712418301
CQQYDNLPPTF,2,0.006535947712418301
CQQYDNWPLTF,3,0.00980392156862745
CQQYDSYSGLTF,2,0.006535947712418301
CQQYGSSLTF,2,0.006535947712418301
CQQYGSSPALTF,2,0.006535947712418301
CQQYGSSPCSF,30,0.09803921568627451
CQQYGSSPTF,2,0.006535947712418301
CQQYGSSPTWTF,3,0.00980392156862745
CQQYHNLPLSF,2,0.006535947712418301
CQQYHNLPLTF,22,0.0718954248366013
CQQYHSGPITF,2,0.006535947712418301
CQQYHSYPPTF,2,0.006535947712418301
CQQYNDWPRTF,5,0.016339869281045753
CQQYNDYIYSF,2,0.006535947712418301
CQQYNNWGTF,11,0.03594771241830065
CQQYNNWPPITF,2,0.006535947712418301
CQQYNNWVYTF,2,0.006535947712418301
CQQYNSYSRTF,3,0.00980392156862745
CQQYSNLPPWTF,2,0.006535947712418301
CQQYVTSPYTF,10,0.032679738562091505
CQQYYATPLTF,2,0.006535947712418301
CQQYYGTPWTF,2,0.006535947712418301
CQQYYRTPPTF,3,0.00980392156862745
CQQYYSTPPTF,2,0.006535947712418301
CQQYYSTPYTF,11,0.03594771241830065
CQQYYSTSRTF,3,0.00980392156862745
CQRSYGTPLTF,2,0.006535947712418301
CQYYGSSPFTF,2,0.006535947712418301
