CDR3,count,relative.frequency
CASGLGGAGTEAFF,2,0.04878048780487805
CASSFRGAEAFF,2,0.04878048780487805
CASSGQDWDGYTF,3,0.07317073170731707
CASSGRNEQYF,3,0.07317073170731707
CASSKDPGSYEQYF,2,0.04878048780487805
CASSLEGPTGELFF,3,0.07317073170731707
CASSLKMGTEAFF,4,0.0975609756097561
CASSLLSSNQPQHF,4,0.0975609756097561
CASSPRGEKLFF,2,0.04878048780487805
CASSSGDTGELFF,4,0.0975609756097561
CASSVGQGYGYTF,2,0.04878048780487805
CASSYSQGYEQYF,2,0.04878048780487805
CASYAGNNGYVF,2,0.04878048780487805
CQAWDNGIAFF,2,0.04878048780487805
CSAAGGAVYNEQFF,4,0.0975609756097561
