CDR3,count,relative.frequency
CAKDSLIF,2,0.028985507246376812
CCSYAGSRTLIF,2,0.028985507246376812
CCSYARSSIF,11,0.15942028985507245
CMQSKEFPYIF,14,0.2028985507246377
CQAWASDTVLIF,2,0.028985507246376812
CQQYSEWPLIF,8,0.11594202898550725
CSSYGSDNNLIF,14,0.2028985507246377
CSSYSGSGPLIF,3,0.043478260869565216
CSSYTGVNALIF,2,0.028985507246376812
CTSWTSSATLIF,3,0.043478260869565216
CTSWTTTATLIF,5,0.07246376811594203
CTSYTRSRTLIF,3,0.043478260869565216
