CDR3,count,relative.frequency
CARAYSSRDGMDVW,2,0.013605442176870748
CARDGGPNWFDTW,5,0.034013605442176874
CARDKYNFDYW,5,0.034013605442176874
CARDQRTHYLDFW,3,0.02040816326530612
CARDWQQPFDYW,2,0.013605442176870748
CAREKGNYGFDLW,2,0.013605442176870748
CARHPNGAFDVW,3,0.02040816326530612
CARHSNGAFDVW,61,0.41496598639455784
CARKRGGDIDYW,3,0.02040816326530612
CARTISDYW,18,0.12244897959183673
CARTSRDYW,6,0.04081632653061224
CARVAGGYFSFDYW,4,0.027210884353741496
CARWMGGFDPW,2,0.013605442176870748
CATGIFDYW,4,0.027210884353741496
CGMDVW,2,0.013605442176870748
CSGGFCYVDYW,3,0.02040816326530612
CSRRRRSNWFDPW,5,0.034013605442176874
CSSSNCWPDSW,3,0.02040816326530612
CSYYGMDVW,2,0.013605442176870748
CTKWFDSW,3,0.02040816326530612
CVALFPDYW,6,0.04081632653061224
CVKEDGGFDAW,3,0.02040816326530612
