CDR3,count,relative.frequency
CASSPSNVQAANYGYTF,4,0.4444444444444444
CASSYGGEGNTIYF,2,0.2222222222222222
CSYEQYF,3,0.3333333333333333
