CDR3,count,relative.frequency
CARDPTIF,17,0.12408759124087591
CARDRKPTIF,2,0.014598540145985401
CARFTIF,18,0.13138686131386862
CARGPKIF,13,0.0948905109489051
CARYRSTIF,27,0.19708029197080293
CAYTSALIF,3,0.021897810218978103
CMQGSQRPLTF,14,0.10218978102189781
CQCQQDGRSPLIF,2,0.014598540145985401
CQQYVMRPLTF,2,0.014598540145985401
CTTDPPTIF,3,0.021897810218978103
CVAVPPRIRIF,34,0.24817518248175183
CVKHAPSIF,2,0.014598540145985401
