CDR3,count,relative.frequency
CARDPTIF,22,0.11764705882352941
CARDRIF,57,0.3048128342245989
CARRPSIF,5,0.026737967914438502
CGTVRLPIF,6,0.03208556149732621
CGTWDSRLIF,2,0.0106951871657754
CHRYDSPDIF,73,0.39037433155080214
CQQCSDRPLTF,2,0.0106951871657754
CQQSQDRPLTF,4,0.0213903743315508
CQQSYSKPYIF,5,0.026737967914438502
CQQYFRSPFIF,2,0.0106951871657754
CQVWDSRPIF,9,0.0481283422459893
