CDR3,count,relative.frequency
CIQATQFPLTF,3,0.0036809815950920245
CLQATQFPLPF,2,0.00245398773006135
CLQDYNSPGTF,3,0.0036809815950920245
CLQDYNYPGSF,3,0.0036809815950920245
CLQDYNYPGTF,4,0.0049079754601227
CMQALQTPGTF,4,0.0049079754601227
CMQALQTPPLF,3,0.0036809815950920245
CMQALQTPYTF,7,0.008588957055214725
CMQAPQFPLTF,5,0.006134969325153374
CMQAQQAPYTF,5,0.006134969325153374
CMQASQFPLTF,3,0.0036809815950920245
CMQATQFPLTF,676,0.8294478527607362
CMQATQFPMTF,2,0.00245398773006135
CMQATQFPRTF,13,0.015950920245398775
CMQATQFPYTF,2,0.00245398773006135
CMQATQFSLTF,3,0.0036809815950920245
CMQATQSPLTF,2,0.00245398773006135
CMQGSQFPRTF,11,0.013496932515337423
CMQGTHWPPTF,3,0.0036809815950920245
CMQGTHWPPWTF,3,0.0036809815950920245
CMQGTQFPRTF,2,0.00245398773006135
CMQPLQSPYTF,3,0.0036809815950920245
CQEYYTFPITF,2,0.00245398773006135
CQKYNSATRTF,2,0.00245398773006135
CQQAHTFPLTF,2,0.00245398773006135
CQQCGSSLTF,2,0.00245398773006135
CQQSYTTPYTF,6,0.007361963190184049
CQQYDNLPLTF,2,0.00245398773006135
CQQYGASLWTF,4,0.0049079754601227
CQQYGSSFRTF,2,0.00245398773006135
CQQYGSSPRTF,2,0.00245398773006135
CQQYNNWPPTF,2,0.00245398773006135
CQQYNNWPPYTF,2,0.00245398773006135
CQQYNSYSLYTF,2,0.00245398773006135
CQQYRSSPYTF,2,0.00245398773006135
CQQYYSFPITF,4,0.0049079754601227
CQQYYSPPLTF,2,0.00245398773006135
CQQYYSTPLTF,2,0.00245398773006135
CQQYYTFPITF,4,0.0049079754601227
CQQYYYTPLTF,3,0.0036809815950920245
CRQATQFPLTF,4,0.0049079754601227
CVQATQFPRTF,2,0.00245398773006135
