CDR3,count,relative.frequency
CAKGAQDLIF,3,0.005555555555555556
CARDDRIKIF,17,0.03148148148148148
CARDDRITIF,8,0.014814814814814815
CARDDRMKIF,3,0.005555555555555556
CARDWPTIF,2,0.003703703703703704
CARRIKIF,2,0.003703703703703704
CARVPRVTIF,12,0.022222222222222223
CCSYAGGSTLIF,3,0.005555555555555556
CQHYHSQYLIF,13,0.024074074074074074
CQHYQTFPLIF,10,0.018518518518518517
CQQFGSLLIF,3,0.005555555555555556
CQQPPIF,2,0.003703703703703704
CQQYQTFPLIF,7,0.012962962962962963
CQSYDNRSVIF,2,0.003703703703703704
CSSFRGPGIF,3,0.005555555555555556
CSSFRSPGIF,192,0.35555555555555557
CSSFRSPRIF,9,0.016666666666666666
CSSYISPGIF,2,0.003703703703703704
CSSYISPKIF,66,0.12222222222222222
CSSYRGSTILIF,4,0.007407407407407408
CSSYVSPEIF,118,0.21851851851851853
CSSYVSPKIF,56,0.1037037037037037
CTGRTTIF,3,0.005555555555555556
