CDR3,count,relative.frequency
CAASSWFDAFDIW,3,0.004694835680751174
CAILGDYW,22,0.03442879499217527
CAKAHGFNEGFDYW,5,0.00782472613458529
CAKDIHWYAADVW,2,0.003129890453834116
CAKDLYELFTVDYW,2,0.003129890453834116
CAKFYGQYW,9,0.014084507042253521
CAKNIGLIGFFDYW,2,0.003129890453834116
CAKRGGDYW,4,0.006259780907668232
CAKVHGFNEGFDYW,3,0.004694835680751174
CAKYYGLYW,2,0.003129890453834116
CAKYYGQYW,35,0.054773082942097026
CANGNYFDYW,21,0.03286384976525822
CANGNYFEYW,3,0.004694835680751174
CARAWLQLSFDYW,2,0.003129890453834116
CARDDGFDIW,11,0.017214397496087636
CARDFYHAMDVW,2,0.003129890453834116
CARDGWWDYW,2,0.003129890453834116
CARDQGYKDAFDFW,6,0.009389671361502348
CARDREAVSFDYW,4,0.006259780907668232
CARDRGAGAFDIW,13,0.02034428794992175
CARDTASDYW,2,0.003129890453834116
CAREFFHAFDIW,3,0.004694835680751174
CARELGYFDYW,9,0.014084507042253521
CARGEVTDFDSW,3,0.004694835680751174
CARGFWQHLFDYW,3,0.004694835680751174
CARGGYFDYW,73,0.11424100156494522
CARGPGWFDPW,163,0.25508607198748046
CARGRRDYW,9,0.014084507042253521
CARIALSGIYIDYW,2,0.003129890453834116
CARITGTTSFDYW,3,0.004694835680751174
CARKIYAFDIW,9,0.014084507042253521
CARLRAFDQW,14,0.02190923317683881
CARLWLQLSLDYW,9,0.014084507042253521
CARRSFAYYFDYW,2,0.003129890453834116
CARTVAGPIDYW,7,0.010954616588419406
CARVHGFNEGFDYW,3,0.004694835680751174
CARVWLELSFDYW,40,0.06259780907668232
CARYYGQYW,2,0.003129890453834116
CASAVVLSYFDYW,8,0.012519561815336464
CASGYYHDYW,5,0.00782472613458529
CATDNWFDPW,2,0.003129890453834116
CATGPLDYW,10,0.01564945226917058
CGGVGVIGAFDIW,4,0.006259780907668232
CSGGSCYFGWFDPW,2,0.003129890453834116
CSIPNCYVVDYW,2,0.003129890453834116
CSRGSGGNTGDYW,2,0.003129890453834116
CSRIYSYLFFDYW,2,0.003129890453834116
CSSPNCYVVDYW,26,0.0406885758998435
CSVGSCYPDYW,3,0.004694835680751174
CVAAKADFDYW,2,0.003129890453834116
CVAGFDYW,5,0.00782472613458529
CVKGGDFDYW,6,0.009389671361502348
CVLGSWGDYW,11,0.017214397496087636
CVRVAEWLAFDYW,6,0.009389671361502348
CVRVENQNDAFDIW,4,0.006259780907668232
CVRYANYMDVW,3,0.004694835680751174
CW,4,0.006259780907668232
CYFDPW,8,0.012519561815336464
CYW,15,0.023474178403755867
