CDR3,count,relative.frequency
CACLRSYFDYW,3,0.0410958904109589
CAKNSDFDSW,5,0.0684931506849315
CARDIVAGTDFDYW,4,0.0547945205479452
CARDLADYW,3,0.0410958904109589
CAREGVGPDYW,3,0.0410958904109589
CARGDTSTYWFYW,2,0.0273972602739726
CARGGPFDYW,12,0.1643835616438356
CARGPREYADYW,3,0.0410958904109589
CARGQRINYFDSW,6,0.0821917808219178
CARGQRINYFDYW,6,0.0821917808219178
CARGYSSPDYW,2,0.0273972602739726
CARLYGYRDPFDFW,2,0.0273972602739726
CARRSGSWQWDYW,2,0.0273972602739726
CARSYGGFDYW,2,0.0273972602739726
CASVPGYAFDIW,4,0.0547945205479452
CATGDYGDYVDYW,3,0.0410958904109589
CLGGLRFDSW,6,0.0821917808219178
CSRYYAMDVW,3,0.0410958904109589
CTTGDYGDYVDYW,2,0.0273972602739726
