CDR3,count,relative.frequency
CASRQGSGYTF,6,0.1111111111111111
CASSLARGANYGYTF,3,0.05555555555555555
CASSLEFNEQFF,5,0.09259259259259259
CASSLGGNTEAFF,2,0.037037037037037035
CASSLVPGAEAFF,7,0.12962962962962962
CASSPGTENEKLFF,2,0.037037037037037035
CASSSGQHYEQYF,2,0.037037037037037035
CASSSGTMNTEAFF,2,0.037037037037037035
CASSVSSWEQYF,2,0.037037037037037035
CASVTGYNEQFF,4,0.07407407407407407
CATWDGSYEQYF,4,0.07407407407407407
CSAPGQGDTEAFF,3,0.05555555555555555
CSVEAAGGGYTF,12,0.2222222222222222
