CDR3,count,relative.frequency
CAKEDYYRFDYW,2,0.0136986301369863
CARDKRRYFDYW,2,0.0136986301369863
CARDQTDIW,3,0.02054794520547945
CARDRGGVAVADYW,2,0.0136986301369863
CARDRMSNWFHPW,2,0.0136986301369863
CARERFGGFDPW,3,0.02054794520547945
CARGANQLDYW,2,0.0136986301369863
CARGDALDVW,4,0.0273972602739726
CARGGAPRDAFDVW,2,0.0136986301369863
CARGGFNHGFDLW,2,0.0136986301369863
CARGYLDYW,6,0.0410958904109589
CARPTVGGFDYW,6,0.0410958904109589
CARRFIATPYFDSW,2,0.0136986301369863
CARVGALAFDYW,5,0.03424657534246575
CARVNDGDYAEDYW,5,0.03424657534246575
CARVPDWFGPW,21,0.14383561643835616
CARWRPMYYFDYW,7,0.04794520547945205
CASWTNGGLDYW,5,0.03424657534246575
CATNGDYGKWYFDFW,3,0.02054794520547945
CATSHPTFGYW,2,0.0136986301369863
CATSYPAYWYFDVW,2,0.0136986301369863
CATYREEENHFDYW,3,0.02054794520547945
CAVLLWFGEFDPW,10,0.0684931506849315
CFDSW,5,0.03424657534246575
CSRTSCYEYFDYW,6,0.0410958904109589
CSTHGLSYDFDIW,6,0.0410958904109589
CTRGSPNDYW,4,0.0273972602739726
CTRGVFDYW,7,0.04794520547945205
CTTERRWGYYDYW,2,0.0136986301369863
CTTPVGFSIDYW,3,0.02054794520547945
CTTYNSTMITFGYW,2,0.0136986301369863
CVRDLNAGGAYDVW,10,0.0684931506849315
