CDR3,count,relative.frequency
CAEGDYPYSFDHW,2,0.0026595744680851063
CAKAALRTFDYW,2,0.0026595744680851063
CAKDIW,31,0.041223404255319146
CAKDRGAFDIW,3,0.003989361702127659
CAKGGSFDSW,2,0.0026595744680851063
CAKGGVGAIEYFQHW,2,0.0026595744680851063
CAKGHYSDYW,23,0.030585106382978722
CAKSSPLTGTFDFW,2,0.0026595744680851063
CANHQGRKFDPW,2,0.0026595744680851063
CANLITLDYW,2,0.0026595744680851063
CARAVPGQDAFDIW,7,0.009308510638297872
CARDKSGSYTMDYW,2,0.0026595744680851063
CARDLRWGFDSW,2,0.0026595744680851063
CARDRSFQIFDNW,2,0.0026595744680851063
CARESGSPGTFDNW,2,0.0026595744680851063
CARFPPYGDHDYW,3,0.003989361702127659
CARGAKGWFDPW,224,0.2978723404255319
CARGEDYW,14,0.018617021276595744
CARGENIHDSW,77,0.1023936170212766
CARGFDYW,3,0.003989361702127659
CARGGSWAYYFDFW,3,0.003989361702127659
CARGHHRAFDYW,5,0.006648936170212766
CARGLDTVTYFDNW,2,0.0026595744680851063
CARGPVRYYFDHW,6,0.007978723404255319
CARGVGNWPFDYW,3,0.003989361702127659
CARHTYYYYGMDVW,4,0.005319148936170213
CARKSIAAADYW,6,0.007978723404255319
CARLAYFFEYW,15,0.0199468085106383
CARRAYTYDYW,2,0.0026595744680851063
CARRGDWQNWFDPW,4,0.005319148936170213
CARRQGNSKTDYW,3,0.003989361702127659
CARVGSDYSFDYW,2,0.0026595744680851063
CARVQKYEGHFDSW,2,0.0026595744680851063
CATFPVTYYFEHW,4,0.005319148936170213
CATNSAYRFAYW,2,0.0026595744680851063
CGMDVW,3,0.003989361702127659
CLRAASYRLDYW,2,0.0026595744680851063
CSGGKCFDPW,2,0.0026595744680851063
CSGGSCYGDYW,4,0.005319148936170213
CSRASTTDYW,3,0.003989361702127659
CSRGSCSFNYW,7,0.009308510638297872
CSSECYYDYW,2,0.0026595744680851063
CSTDPRRLDYW,6,0.007978723404255319
CSVSTCYVPDYW,6,0.007978723404255319
CTGRDYYYGFDVW,2,0.0026595744680851063
CTRDRRYHFDYW,5,0.006648936170212766
CTTGDDYW,29,0.03856382978723404
CTTSRNFGDYFDYW,18,0.023936170212765957
CVKDGIGIKTFDSW,6,0.007978723404255319
CVKEKMNAGVDYW,2,0.0026595744680851063
CVRAANYRLDYW,20,0.026595744680851064
CVRAASYRLDYW,127,0.16888297872340424
CVRDHLWAFDYW,3,0.003989361702127659
CVRDRDGDYTFDYW,7,0.009308510638297872
CVREADSFDLW,2,0.0026595744680851063
CVRGGSRPDYW,3,0.003989361702127659
CVRGLQHFDHW,3,0.003989361702127659
CVRLAYFFEYW,2,0.0026595744680851063
CVSGAGDYW,14,0.018617021276595744
CYGMDVW,2,0.0026595744680851063
CYTETIFDTW,2,0.0026595744680851063
