CDR3,count,relative.frequency
CARAGIF,2,0.02857142857142857
CARDSIF,3,0.04285714285714286
CARRTIF,3,0.04285714285714286
CARVPTIF,8,0.11428571428571428
CCSYAGNKNLIF,3,0.04285714285714286
CHQPYRRPLTF,2,0.02857142857142857
CQQNYRRPLTF,6,0.08571428571428572
CQQYYNIPFIF,2,0.02857142857142857
CQQYYNSPFIF,41,0.5857142857142857
