CDR3,count,relative.frequency
CARGLGYTF,5,0.4166666666666667
CASSYAGAGELFF,2,0.16666666666666666
CQETYTF,3,0.25
CSLSSYEIRF,2,0.16666666666666666
