CDR3,count,relative.frequency
CAKEYGYAF,2,0.058823529411764705
CASSARRAEAFF,3,0.08823529411764706
CASSFPGGNGYTF,2,0.058823529411764705
CASSLNRGLYGYTF,4,0.11764705882352941
CASSLQVNYGYTF,4,0.11764705882352941
CASSPEFQTDTQYF,17,0.5
CAWSLGSDNSPLHF,2,0.058823529411764705
