CDR3,count,relative.frequency
CASYTGSSTLIF,6,0.06666666666666667
CCSYAGSGALIF,2,0.022222222222222223
CCSYAGSGTLIF,18,0.2
CCSYSGSGTLIF,3,0.03333333333333333
CEKYNSAPYIF,2,0.022222222222222223
CETWDTKSLIF,3,0.03333333333333333
CMQHLQSPFIF,4,0.044444444444444446
CMQHLQTPFIF,44,0.4888888888888889
CQHYANLPLIF,2,0.022222222222222223
CQHYYRIPIIF,2,0.022222222222222223
CSSYAGSDSLIF,4,0.044444444444444446
