CDR3,count,relative.frequency
CAKERRVTIF,3,0.012048192771084338
CAREPRITIF,2,0.008032128514056224
CARNSRITIF,6,0.024096385542168676
CARSTIF,23,0.09236947791164658
CARSVIF,141,0.5662650602409639
CCSYAGSLTLIF,2,0.008032128514056224
CCSYTAYDTLIF,2,0.008032128514056224
CMHALEPPYIF,2,0.008032128514056224
CQAWDNRIVIF,22,0.08835341365461848
CQDYNNWPLIF,22,0.08835341365461848
CQEYNKRPLTF,2,0.008032128514056224
CQEYNKWPLIF,10,0.040160642570281124
CQQTYGSRPLTF,2,0.008032128514056224
CQTWDNRIVIF,4,0.01606425702811245
CSSYTSTTKPIF,2,0.008032128514056224
CSSYVGINNLIF,4,0.01606425702811245
