CDR3,count,relative.frequency
CAGDIGDYW,2,0.16666666666666666
CARDGGQWRDAFDIW,2,0.16666666666666666
CARGDGVIGYLDYW,2,0.16666666666666666
CARLYGVDSFDIW,2,0.16666666666666666
CARLYGVDVFDIW,2,0.16666666666666666
CVRRGGVGYFDLW,2,0.16666666666666666
