CDR3,count,relative.frequency
CARGYEEYF,11,0.4230769230769231
CASSLGREAFF,2,0.07692307692307693
CASSLSSYEQYF,3,0.11538461538461539
CAWSFSDYEQYF,2,0.07692307692307693
CSARARSAGEQYF,2,0.07692307692307693
CSARDHPSYEQYF,2,0.07692307692307693
CSASSGETQYF,2,0.07692307692307693
CSVDPAEVETQYF,2,0.07692307692307693
