CDR3,count,relative.frequency
CAFMPNDYKLSF,2,0.013605442176870748
CAKDTGGF,9,0.061224489795918366
CALRGQGGGNF,2,0.013605442176870748
CAMRENYGQNFVF,2,0.013605442176870748
CARGLRAYYF,4,0.027210884353741496
CAVPGGSYIPTF,2,0.013605442176870748
CAVYTDKLIF,2,0.013605442176870748
CESASYPEGNF,24,0.16326530612244897
CGADHGSGSHYVF,2,0.013605442176870748
CHHRSDSGTF,2,0.013605442176870748
CHQSYSTPLTF,4,0.027210884353741496
CHQYYGTPPTF,12,0.08163265306122448
CIHRDKLGSF,2,0.013605442176870748
CLLNFLGPQGF,2,0.013605442176870748
CLQLNTLPLTF,2,0.013605442176870748
CLVLSLPFLGF,2,0.013605442176870748
CMHYNDWPRTF,8,0.05442176870748299
CMIWHNSVYVF,3,0.02040816326530612
CNGSVNFTVLF,2,0.013605442176870748
CQHSRTF,10,0.06802721088435375
CQHYNGYSRTF,2,0.013605442176870748
CQLYDSSRYTF,10,0.06802721088435375
CQQCGRTPWTF,2,0.013605442176870748
CQQFGSSYTF,2,0.013605442176870748
CQQFQTWVSTF,2,0.013605442176870748
CQQNDDFPLTF,2,0.013605442176870748
CQQRNDGFTF,3,0.02040816326530612
CQQSARSPWTF,3,0.02040816326530612
CQQTYSKRTF,7,0.047619047619047616
CQQTYTIQGTF,3,0.02040816326530612
CQQYNIFWTF,2,0.013605442176870748
CQQYSAFSLTF,3,0.02040816326530612
CSGTYLQSQHF,2,0.013605442176870748
CSSLLYLCCTF,2,0.013605442176870748
CTASGFHFFNF,2,0.013605442176870748
CWSDLLRWIQF,2,0.013605442176870748
