CDR3,count,relative.frequency
CASRLGHASYEQYF,2,0.014925373134328358
CASSDAYGYTF,2,0.014925373134328358
CASSILGGETQYF,2,0.014925373134328358
CASSLQGNTIYF,2,0.014925373134328358
CASSLTASEQYF,2,0.014925373134328358
CASSQFGEQYF,3,0.022388059701492536
CASSSPPDTEAFF,2,0.014925373134328358
CASSYHGAGNTIYF,2,0.014925373134328358
CATAGNDEKLFF,2,0.014925373134328358
CQEYGETF,110,0.8208955223880597
CSAIGQNTEAFF,2,0.014925373134328358
CSYNEQFF,3,0.022388059701492536
