CDR3,count,relative.frequency
CAATNWFDPW,12,0.03488372093023256
CAGDCYSSFDIW,11,0.03197674418604651
CAGYCQDAFDVW,7,0.020348837209302327
CAKRGSWVDSW,2,0.005813953488372093
CAKTQGDRFDRW,2,0.005813953488372093
CALTNWFDPW,5,0.014534883720930232
CAMGGEFQYW,3,0.00872093023255814
CARAPSIDYW,38,0.11046511627906977
CARAPSLDYW,2,0.005813953488372093
CARDEDGGYYFQHW,2,0.005813953488372093
CARDGGTSVFDSW,2,0.005813953488372093
CARDRGDYLDHW,2,0.005813953488372093
CAREDGYNFDYW,9,0.02616279069767442
CAREKQLAVIDYW,4,0.011627906976744186
CARELTVHYPAFDIW,2,0.005813953488372093
CARERASIGDFEYW,2,0.005813953488372093
CARERVSGYHDYW,4,0.011627906976744186
CARFDGYYYDSW,2,0.005813953488372093
CARFQNGNWFDPW,9,0.02616279069767442
CARGAGYIVDYW,2,0.005813953488372093
CARGPRGIDAFDIW,6,0.01744186046511628
CARGRAVDIW,10,0.029069767441860465
CARGVGHYFDPW,3,0.00872093023255814
CARILSMVTFDYW,7,0.020348837209302327
CARKLYWLKYFDWW,2,0.005813953488372093
CARLHNSNWFDPW,2,0.005813953488372093
CARLKELALDYW,4,0.011627906976744186
CARLQNSNWFDPW,2,0.005813953488372093
CARPPSRRLDYW,4,0.011627906976744186
CARTCSYYPCFDYW,5,0.014534883720930232
CARVMGVSGFDYW,2,0.005813953488372093
CARYDSGSFDYW,7,0.020348837209302327
CATCYTDYFDSW,4,0.011627906976744186
CATSENAFEVW,6,0.01744186046511628
CCRLRYIVDALDIW,3,0.00872093023255814
CDSW,4,0.011627906976744186
CLRDGFDIW,2,0.005813953488372093
CLRDPPDYW,2,0.005813953488372093
CMDVW,8,0.023255813953488372
CSGDCYFDSW,10,0.029069767441860465
CSGGRCHTPFDYW,5,0.014534883720930232
CSGGSCHTPFDYW,2,0.005813953488372093
CSGGTCPVWFDYW,5,0.014534883720930232
CSGSSCYVDRW,6,0.01744186046511628
CSRGFDPW,2,0.005813953488372093
CSRSYYFDSW,40,0.11627906976744186
CSSGGCHHAFDIW,2,0.005813953488372093
CSTVSCYVDYW,3,0.00872093023255814
CTQFDYW,2,0.005813953488372093
CTREGADEASDVW,2,0.005813953488372093
CTRLAEGGFDYW,2,0.005813953488372093
CTRTLSIQLEMDYW,2,0.005813953488372093
CVALDIW,2,0.005813953488372093
CVFGSLSLYFDNW,2,0.005813953488372093
CVKALGAPRNDYW,2,0.005813953488372093
CVKALGTPRNDYW,7,0.020348837209302327
CVKGFWTIDYW,4,0.011627906976744186
CVKSGPDYFASW,5,0.014534883720930232
CVKSGPNFFASW,2,0.005813953488372093
CVKSGPNYFASW,9,0.02616279069767442
CVLTNWFNPW,4,0.011627906976744186
CVRSGGLLFDSW,2,0.005813953488372093
CVRWIDPW,7,0.020348837209302327
CVYYYYYMDAW,4,0.011627906976744186
CYSRLDYW,6,0.01744186046511628
