CDR3,count,relative.frequency
CDNNNDMRF,3,0.3333333333333333
CNPSATFPGKATEASGLAHSTF,2,0.2222222222222222
CQTGANNLFF,2,0.2222222222222222
CVVLTGNQFYF,2,0.2222222222222222
