CDR3,count,relative.frequency
CASLNFRSTGELFF,4,0.13793103448275862
CASRRGNSYEQYF,2,0.06896551724137931
CASSDGQAYGYTF,2,0.06896551724137931
CASSLIGLYEQFF,2,0.06896551724137931
CASSLSGSYGYTF,3,0.10344827586206896
CASSLVRGVYEQYF,2,0.06896551724137931
CASSPGDSNEQYF,2,0.06896551724137931
CASSSQGLYGYTF,7,0.2413793103448276
CASSYGPYEQYF,3,0.10344827586206896
CSSYASGNTLVF,2,0.06896551724137931
