CDR3,count,relative.frequency
CALWEANYYKKLF,2,0.06666666666666667
CASWEVGDYKKLF,2,0.06666666666666667
CATPNYYKKLF,2,0.06666666666666667
CATWDKRDYKKLF,2,0.06666666666666667
CATWDRRDYKKLF,22,0.7333333333333333
