CDR3,count,relative.frequency
CAHYWNSGFDYW,2,0.012903225806451613
CAIPSGDFDYW,5,0.03225806451612903
CAKESDAFDIW,2,0.012903225806451613
CANGDFSLDYW,3,0.01935483870967742
CARAGSSAFDYW,17,0.10967741935483871
CARDFRGDYSFDYW,5,0.03225806451612903
CARDGQQERAFDIW,3,0.01935483870967742
CARDKDHALDYW,3,0.01935483870967742
CARDLDDYGDYDYW,2,0.012903225806451613
CARDVW,2,0.012903225806451613
CAREPSSDDGFDVW,3,0.01935483870967742
CARGDLWLDYW,5,0.03225806451612903
CARGIDYGDAFDIW,9,0.05806451612903226
CARHDLWFDPW,2,0.012903225806451613
CARVARDLYFDPW,2,0.012903225806451613
CARVLTTDXFYIW,16,0.1032258064516129
CASAPDVW,10,0.06451612903225806
CATMDILFDLW,2,0.012903225806451613
CIDYW,2,0.012903225806451613
CLYYFDNW,3,0.01935483870967742
CMDVW,3,0.01935483870967742
CNGRKCFFDYW,3,0.01935483870967742
CSDTSCYFDLW,2,0.012903225806451613
CSGDVCVDYW,6,0.03870967741935484
CTGDICVDYW,2,0.012903225806451613
CTGGECGLDYW,3,0.01935483870967742
CTGGVCSFDYW,10,0.06451612903225806
CTTGVVGATDYW,3,0.01935483870967742
CVDYW,2,0.012903225806451613
CVRDDDYW,16,0.1032258064516129
CVRYDDYW,5,0.03225806451612903
CYCDYW,2,0.012903225806451613
