CDR3,count,relative.frequency
CASSPRAGASYNEQFF,3,0.42857142857142855
CSNQPQHF,2,0.2857142857142857
CSYNSPLHF,2,0.2857142857142857
