CDR3,count,relative.frequency
CAKDNRLHWFDYW,18,0.08955223880597014
CALYRDNW,2,0.009950248756218905
CARDAFDFW,4,0.01990049751243781
CARDDGDNAFDIW,5,0.024875621890547265
CARDHDGAGDVW,2,0.009950248756218905
CARDRDRLFDYW,2,0.009950248756218905
CARDVPFGYW,3,0.014925373134328358
CAREGGRLVDYW,2,0.009950248756218905
CARENRGGVFDYW,10,0.04975124378109453
CARGPSPSFDYW,6,0.029850746268656716
CARGPTGNSPFDYW,3,0.014925373134328358
CARGVRGDFDIW,2,0.009950248756218905
CARGYYDPFFDHW,2,0.009950248756218905
CARLWFGDLNFDYW,2,0.009950248756218905
CARRDYGDSW,5,0.024875621890547265
CARRGNYRDYW,7,0.03482587064676617
CARWARRTYFDPW,3,0.014925373134328358
CASQSFDYW,7,0.03482587064676617
CATHYNFWDYFDYW,12,0.05970149253731343
CATKTGTPGYFQHW,2,0.009950248756218905
CSGGSCYSAFDYW,7,0.03482587064676617
CSRGIDYW,2,0.009950248756218905
CSRTSCHFDFW,14,0.06965174129353234
CTRGGYTRFDYW,4,0.01990049751243781
CTRGSGRFEYW,17,0.0845771144278607
CTRVGFDYW,21,0.1044776119402985
CTTMATGRFEYW,4,0.01990049751243781
CVGESEAFDIW,15,0.07462686567164178
CVKDRGGYFDYW,7,0.03482587064676617
CVRDGANDFEYW,2,0.009950248756218905
CVRDGTHFDLW,2,0.009950248756218905
CYTEAVWFDSW,7,0.03482587064676617
