CDR3,count,relative.frequency
CAGRITIF,13,0.11016949152542373
CARETIF,4,0.03389830508474576
CCAYAGSSTLIF,8,0.06779661016949153
CCSYAGNNNLIF,5,0.0423728813559322
CLLFSGRAVIF,2,0.01694915254237288
CQHYNERPLTF,7,0.059322033898305086
CQQADTFPLIF,2,0.01694915254237288
CQSPDTNDKLIF,2,0.01694915254237288
CQSVGNTDKVIF,2,0.01694915254237288
CQSVGSTDKVIF,7,0.059322033898305086
CQSVGTTDKVIF,4,0.03389830508474576
CTSYAGNNNLIF,2,0.01694915254237288
CTSYRSRTVIF,4,0.03389830508474576
CTSYTSRTVIF,7,0.059322033898305086
CTTDWKIF,49,0.4152542372881356
