CDR3,count,relative.frequency
CAISKGGQETQYF,2,0.1111111111111111
CASSLVATQYF,6,0.3333333333333333
CQAWDNTIAFF,2,0.1111111111111111
CQHGYTF,5,0.2777777777777778
CQNYGTF,3,0.16666666666666666
