CDR3,count,relative.frequency
CASSLDNYGFPF,2,0.18181818181818182
CASSLFWGNTEAFF,2,0.18181818181818182
CASSLGRTDTQYF,3,0.2727272727272727
CASTAGSQETQYF,2,0.18181818181818182
CGSYRSGNTITF,2,0.18181818181818182
