CDR3,count,relative.frequency
CAAFDLW,8,0.1111111111111111
CARETYAMDIW,3,0.041666666666666664
CARNDDDFDYW,9,0.125
CARSEAYSDPFDSW,4,0.05555555555555555
CASSLLFSFDYW,2,0.027777777777777776
CATFSYEAFHVW,2,0.027777777777777776
CATFTGTHFDYW,2,0.027777777777777776
CFDYW,3,0.041666666666666664
CNALDSW,2,0.027777777777777776
CSRPFDPW,14,0.19444444444444445
CSRPFDSW,5,0.06944444444444445
CTDGLCYPWFDPW,4,0.05555555555555555
CTRSDLAAFDLW,2,0.027777777777777776
CTTHYGDDYGGYW,4,0.05555555555555555
CVRGRPGNYFDFW,2,0.027777777777777776
CVRGRPGNYFDYW,2,0.027777777777777776
CYGMDVW,2,0.027777777777777776
CYVDPW,2,0.027777777777777776
