CDR3,count,relative.frequency
CAKVNIQWYFDSW,2,0.0196078431372549
CANGAMDVW,16,0.1568627450980392
CARAGDPPMDFDYW,3,0.029411764705882353
CARDATGDLDYW,2,0.0196078431372549
CARDGGLAAYDIW,4,0.0392156862745098
CARGEYYFDVW,2,0.0196078431372549
CARGGAADYW,11,0.10784313725490197
CARGRGDYAFEIW,2,0.0196078431372549
CARGYSYFDYW,4,0.0392156862745098
CARHSGYAYFDCW,2,0.0196078431372549
CARLRSGYNDYW,4,0.0392156862745098
CARLTTDWFDHW,2,0.0196078431372549
CARRKLGGDFDYW,6,0.058823529411764705
CARTDGGPFDFW,3,0.029411764705882353
CASPDYW,12,0.11764705882352941
CFDVW,2,0.0196078431372549
CSRGSCYLFDSW,21,0.20588235294117646
CVAANPTSDYW,2,0.0196078431372549
CVREKEGGHFDYW,2,0.0196078431372549
