CDR3,count,relative.frequency
CGSYVGFSSLIF,2,0.18181818181818182
CHQYGGSPPFIF,2,0.18181818181818182
CRRLSIF,3,0.2727272727272727
CSSCAGTRSVIF,2,0.18181818181818182
CSSYTRSGSLIF,2,0.18181818181818182
