CDR3,count,relative.frequency
CAARVAFSEALVF,5,0.020242914979757085
CAAWDDRLKGGVF,2,0.008097165991902834
CAGESVSNF,3,0.012145748987854251
CAKDNLPTF,10,0.04048582995951417
CARDEGRGF,5,0.020242914979757085
CARDWGF,4,0.016194331983805668
CARGYGF,3,0.012145748987854251
CAVQDSGNTPLVF,2,0.008097165991902834
CESASYPEGNF,18,0.0728744939271255
CGSVRLQSQHF,2,0.008097165991902834
CHQSSSYPWTF,13,0.05263157894736842
CHQTHSAPQTF,2,0.008097165991902834
CHQYDTSPFTF,4,0.016194331983805668
CHQYKVYPWTF,2,0.008097165991902834
CKNGGRLTHF,7,0.02834008097165992
CLLGQNGWHISGF,2,0.008097165991902834
CLQSLQTPNF,2,0.008097165991902834
CLQYNTYFPTF,3,0.012145748987854251
CLQYSTFPRTF,3,0.012145748987854251
CMQALQTPTF,5,0.020242914979757085
CMQGIDLPLTF,2,0.008097165991902834
CMQGLRIPWTF,2,0.008097165991902834
CMQSLQNLTF,3,0.012145748987854251
CQAWDIRNVGF,2,0.008097165991902834
CQAWHSNTGVF,2,0.008097165991902834
CQETYSTTF,2,0.008097165991902834
CQHNYRPPYTF,2,0.008097165991902834
CQHRINF,14,0.05668016194331984
CQHYGGSSTF,2,0.008097165991902834
CQHYYNSPQTF,2,0.008097165991902834
CQKYNSAPLTF,2,0.008097165991902834
CQKYNSAPRTF,3,0.012145748987854251
CQLRGTLLTF,2,0.008097165991902834
CQQAWTF,3,0.012145748987854251
CQQCDTYPYTF,2,0.008097165991902834
CQQFGVSAHTF,4,0.016194331983805668
CQQFRTF,2,0.008097165991902834
CQQHFSTRLSF,2,0.008097165991902834
CQQLHSFGVTF,2,0.008097165991902834
CQQLRTF,2,0.008097165991902834
CQQRETF,2,0.008097165991902834
CQQSYRVPWTF,23,0.0931174089068826
CQQTYRSWTF,2,0.008097165991902834
CQQYAHLITF,2,0.008097165991902834
CQQYDNWSRTF,2,0.008097165991902834
CQQYDRSPITF,5,0.020242914979757085
CQQYETTVTF,2,0.008097165991902834
CQQYFDIPYTF,2,0.008097165991902834
CQQYGITSWTF,4,0.016194331983805668
CQQYKNKGTF,3,0.012145748987854251
CQQYKTEPWTF,8,0.032388663967611336
CQQYNERYTF,6,0.024291497975708502
CQQYSDLTGTF,8,0.032388663967611336
CQQYSTQSRTF,2,0.008097165991902834
CQRFGSALWTF,2,0.008097165991902834
CQTWGSGIWGF,2,0.008097165991902834
CSSYLYNRATF,6,0.024291497975708502
CSTAMQKPGF,2,0.008097165991902834
CTAMLAPGF,3,0.012145748987854251
CVGRETF,2,0.008097165991902834
CVQHAKSPEIGF,3,0.012145748987854251
CYQSSSLPLTF,2,0.008097165991902834
