CDR3,count,relative.frequency
CAKDRITIF,5,0.14285714285714285
CARGERITIF,13,0.37142857142857144
CARTTIF,3,0.08571428571428572
CARVRRRGPIF,2,0.05714285714285714
CASLPERLSIF,2,0.05714285714285714
CCSYAGSNTLIF,4,0.11428571428571428
CQQYVTYPLIF,2,0.05714285714285714
CQQYYSSPLIF,2,0.05714285714285714
CQSYHTNNPWIF,2,0.05714285714285714
