CDR3,count,relative.frequency
CAKDLRITIF,7,0.09722222222222222
CARPRISIF,4,0.05555555555555555
CCSFATSRTLIF,59,0.8194444444444444
CKSYTSTSILIF,2,0.027777777777777776
