CDR3,count,relative.frequency
CASNHMAEAFF,2,0.07692307692307693
CASSFFSYGYTF,2,0.07692307692307693
CASSLDSRETQSF,4,0.15384615384615385
CASSLFSRTGELFF,2,0.07692307692307693
CASSLGREAFF,6,0.23076923076923078
CASSLVHRNTAAFF,10,0.38461538461538464
