CDR3,count,relative.frequency
CAAWDVSLNILIF,2,0.2222222222222222
CSAYAGNDKLIF,2,0.2222222222222222
CSSYADTDNLIF,2,0.2222222222222222
CSSYADYNKLIF,3,0.3333333333333333
