CDR3,count,relative.frequency
CAAWDDSLNGPVF,4,0.017857142857142856
CAAWDDSLNGRVF,4,0.017857142857142856
CAAWDDSLSGPVF,3,0.013392857142857142
CAAWDDSLSGWGF,2,0.008928571428571428
CAAWDDSLSGWVF,3,0.013392857142857142
CCSYAGSSTSVVF,2,0.008928571428571428
CETWDSNTQVF,2,0.008928571428571428
CETWDSNTRVF,6,0.026785714285714284
CGSRDSSGNHVVF,3,0.013392857142857142
CGTWDSVLSAGVF,2,0.008928571428571428
CLLSYSGARVF,2,0.008928571428571428
CQAWDPSTGVVF,2,0.008928571428571428
CQSADSSDTWVF,3,0.013392857142857142
CQSYDDSIWVF,97,0.4330357142857143
CQSYDSDNSWVF,2,0.008928571428571428
CQSYDSGLSGVVF,2,0.008928571428571428
CQSYDSGLSVVF,2,0.008928571428571428
CQSYDSSLSGSVF,8,0.03571428571428571
CQSYDSSLSGVF,2,0.008928571428571428
CQSYDSSLSGWVF,3,0.013392857142857142
CQSYDSSPVF,32,0.14285714285714285
CQTWGSGINWVF,4,0.017857142857142856
CQTWGTDIQVF,2,0.008928571428571428
CQTWGTGTQVVF,2,0.008928571428571428
CQVWDSSSYHRVF,2,0.008928571428571428
CSSYAGSDNYVF,2,0.008928571428571428
CSSYAGSNMEVF,3,0.013392857142857142
CSSYAGSSFWVF,3,0.013392857142857142
CSSYTSSSTSWVF,2,0.008928571428571428
CSSYTSSSTWVF,3,0.013392857142857142
CSSYTSSSTYVF,5,0.022321428571428572
CYSAADNKNLF,10,0.044642857142857144
