CDR3,count,relative.frequency
CAAREALTFRPF,2,0.005249343832020997
CAARVAFSEALVF,5,0.013123359580052493
CARGKGF,20,0.05249343832020997
CARGRGGF,4,0.010498687664041995
CARLITF,3,0.007874015748031496
CARRHYDSGF,2,0.005249343832020997
CASYSNNNPHGGF,2,0.005249343832020997
CCSFATVYVF,4,0.010498687664041995
CCSRAGRTPYVF,2,0.005249343832020997
CCSRTNDSPYVF,2,0.005249343832020997
CCSYTGRGGGF,4,0.010498687664041995
CESASYPEGNF,163,0.42782152230971127
CESASYPGGNF,2,0.005249343832020997
CGASEWQGCGF,2,0.005249343832020997
CGMISDAGAGF,2,0.005249343832020997
CGSPEAF,4,0.010498687664041995
CHQYYEWPQTF,2,0.005249343832020997
CHQYYGDWTF,4,0.010498687664041995
CISFLFFSFF,2,0.005249343832020997
CLLLNSYPRTF,2,0.005249343832020997
CLQGSDFPLTF,2,0.005249343832020997
CLQYAGSPETF,2,0.005249343832020997
CMATLDTPYTF,2,0.005249343832020997
CMEALQSFTF,2,0.005249343832020997
CMQALQTPYTF,22,0.05774278215223097
CMQAVQTPYTF,2,0.005249343832020997
CNGSVNFTVLF,2,0.005249343832020997
CPQFGPGTF,4,0.010498687664041995
CQAVDPQRQTGF,2,0.005249343832020997
CQHYDHWPPTF,2,0.005249343832020997
CQHYGISYTF,2,0.005249343832020997
CQHYGVFFTF,2,0.005249343832020997
CQQF,19,0.049868766404199474
CQQFGPGTF,26,0.06824146981627296
CQQGQRFSTF,2,0.005249343832020997
CQQRSAWPYTF,2,0.005249343832020997
CQQSYSSPYTF,3,0.007874015748031496
CQQYDDYPWTF,6,0.015748031496062992
CQQYDEWYTF,4,0.010498687664041995
CQQYFGSATF,2,0.005249343832020997
CQQYHTIPYTF,2,0.005249343832020997
CQQYMNYVYTF,4,0.010498687664041995
CQQYSGQPTF,4,0.010498687664041995
CQQYVNSITF,2,0.005249343832020997
CQRYDRAPHTF,2,0.005249343832020997
CQSFDSSTATF,3,0.007874015748031496
CQTWDSSTATF,2,0.005249343832020997
CQYYDPFLTF,2,0.005249343832020997
CQYYDTFLTF,2,0.005249343832020997
CRTGDSWGKLQF,2,0.005249343832020997
CSQLLFVPLVGF,2,0.005249343832020997
CTSYGGRRNLGF,2,0.005249343832020997
CTSYTPSGTLGF,2,0.005249343832020997
CVQHAKSPEIGF,4,0.010498687664041995
CVQPAKSPEIGF,3,0.007874015748031496
