CDR3,count,relative.frequency
CASSLGFEQYF,6,0.42857142857142855
CASSWRDSDGYTF,4,0.2857142857142857
CAWRPQDYEHYF,4,0.2857142857142857
