CDR3,count,relative.frequency
CAAYSGISFDSW,2,0.013888888888888888
CAGDTSGSFDLW,4,0.027777777777777776
CAHNGYSSGKFDYW,2,0.013888888888888888
CAHSRLQNWFDPW,2,0.013888888888888888
CAKDLMESYARYW,2,0.013888888888888888
CARDFGGPEDYW,3,0.020833333333333332
CARDPGLSYFDTW,4,0.027777777777777776
CARDSAWAFDIW,2,0.013888888888888888
CAREARYQFDYW,14,0.09722222222222222
CAREVDLHLDYW,2,0.013888888888888888
CARFLNAGGFDLW,2,0.013888888888888888
CARGGGHDAFDVW,2,0.013888888888888888
CARGPFFDPW,2,0.013888888888888888
CARGVALDIW,5,0.034722222222222224
CARGVPGGSYFLYW,4,0.027777777777777776
CARGYSEFDSW,2,0.013888888888888888
CARHYGSNFDYW,5,0.034722222222222224
CARNPGVAANDYW,4,0.027777777777777776
CARQYGSNFDYW,2,0.013888888888888888
CARREGVTVGFDYW,4,0.027777777777777776
CARRTVLTPPDYW,2,0.013888888888888888
CARVPRMTFFDDW,6,0.041666666666666664
CARVSINSGFDSW,2,0.013888888888888888
CATIDIFDYW,2,0.013888888888888888
CSGDGCYSNFDYW,5,0.034722222222222224
CSGGDCYFDGW,2,0.013888888888888888
CSGGSCYFDYW,9,0.0625
CSGGSCYWFDYW,2,0.013888888888888888
CSRGGLDYW,13,0.09027777777777778
CSRGVCYNLDYW,2,0.013888888888888888
CSRVGPVRVIDYW,2,0.013888888888888888
CSSSSCHFDFW,2,0.013888888888888888
CSSTTCELVDYW,2,0.013888888888888888
CTRDLVGYDAFDAW,2,0.013888888888888888
CTRRDGDLDYW,3,0.020833333333333332
CTRRGCPGRFDYW,3,0.020833333333333332
CVKDDKLDYFDHW,2,0.013888888888888888
CVKGQAVAHYFDSW,2,0.013888888888888888
CVKNIGLVEIDYW,5,0.034722222222222224
CVRMWGYDQFDDW,2,0.013888888888888888
CYNLDYW,2,0.013888888888888888
CYPAVLPDYW,3,0.020833333333333332
