CDR3,count,relative.frequency
CACDIW,2,0.0034071550255536627
CACRVTDYFDYW,3,0.005110732538330494
CADTIGDYW,12,0.020442930153321975
CAGGSPCDYW,3,0.005110732538330494
CAHSGRNKWFDPW,18,0.030664395229982964
CAHTLPYAGTYFAYW,3,0.005110732538330494
CAKDNGMGAYDYW,5,0.008517887563884156
CAKGGFNYEFDYW,9,0.015332197614991482
CAKGISARPLYDYW,3,0.005110732538330494
CAKGSGDFDSW,26,0.044293015332197615
CAKQADGIDYW,6,0.010221465076660987
CAKSSGAIDYW,2,0.0034071550255536627
CAKTLGFYFDSW,4,0.0068143100511073255
CANLMVTDVDYW,4,0.0068143100511073255
CARAEVVTGFDYW,3,0.005110732538330494
CARAPGIGDYFDYW,5,0.008517887563884156
CARDAIPHWYLDLW,6,0.010221465076660987
CARDEYSYWYLDLW,2,0.0034071550255536627
CARDLRSYFDYW,2,0.0034071550255536627
CARDQAIVLFDYW,2,0.0034071550255536627
CARDSSSSFDYW,17,0.028960817717206135
CARDTGAAAFDIW,3,0.005110732538330494
CAREGGSSWGFDYW,10,0.017035775127768313
CARERWSQNWFDPW,3,0.005110732538330494
CARFASGTSRNFDYW,5,0.008517887563884156
CARFHGEEDAFDIW,22,0.03747870528109029
CARFMIGDAFDIW,7,0.01192504258943782
CARGAGAFDYW,4,0.0068143100511073255
CARGAGDFDYW,33,0.056218057921635436
CARGAGGGRRLDYW,4,0.0068143100511073255
CARGGHYFDYW,2,0.0034071550255536627
CARGGSAYHFDYW,2,0.0034071550255536627
CARGLRWGDYW,2,0.0034071550255536627
CARGSGGGDLDYW,2,0.0034071550255536627
CARGWGDYGDWFDPW,2,0.0034071550255536627
CARHPDWFDPW,7,0.01192504258943782
CARIPITMFAMDVW,2,0.0034071550255536627
CARRGAVGITFDSW,2,0.0034071550255536627
CARSGSLDYW,3,0.005110732538330494
CARVDFWSGYSDYW,4,0.0068143100511073255
CARVLRIAYMDVW,4,0.0068143100511073255
CARVQLVTGFDYW,4,0.0068143100511073255
CARVSDIDDMDVW,7,0.01192504258943782
CARYSGTSDNWFDPW,2,0.0034071550255536627
CASHPDWFDPW,154,0.262350936967632
CASHPDWVDPW,2,0.0034071550255536627
CASTVTDYFDYW,2,0.0034071550255536627
CATFGAFDSW,37,0.06303236797274275
CATGGYIYGALDYW,8,0.013628620102214651
CATSAVTTFDYW,2,0.0034071550255536627
CATVGNWFDPW,10,0.017035775127768313
CCTTSWDYW,42,0.07155025553662692
CDYW,3,0.005110732538330494
CGMDVW,2,0.0034071550255536627
CLADLDYW,4,0.0068143100511073255
CQQYSSYW,2,0.0034071550255536627
CSFDYW,10,0.017035775127768313
CSGGSCFDPW,3,0.005110732538330494
CSGGSCYDAFDYW,2,0.0034071550255536627
CTTSWDYW,4,0.0068143100511073255
CVDYW,18,0.030664395229982964
CVKEWFDGDTFDIW,3,0.005110732538330494
CVNGECTMGFDYW,2,0.0034071550255536627
CVREGRFQSFDYW,4,0.0068143100511073255
