CDR3,count,relative.frequency
CAFNIW,2,0.009708737864077669
CAGDRFNSGHPDYW,2,0.009708737864077669
CAGGNYYDYW,2,0.009708737864077669
CAKRHFDDYFDYW,3,0.014563106796116505
CARAPNSHGHFDYW,2,0.009708737864077669
CARARGPNDYW,2,0.009708737864077669
CARDMVEGRGFDYW,3,0.014563106796116505
CARDPGSPFDHW,2,0.009708737864077669
CARDRYSDGLDYW,3,0.014563106796116505
CAREYGAFDIW,9,0.043689320388349516
CARGRASDIW,5,0.024271844660194174
CARGRGLGLFDYW,2,0.009708737864077669
CARGRGSLDDYW,2,0.009708737864077669
CARGSRKRAFDIW,5,0.024271844660194174
CARGVFDYW,2,0.009708737864077669
CARHSGSGYFDYW,3,0.014563106796116505
CARHSVTTVDYW,4,0.019417475728155338
CARRALRYFDLW,38,0.18446601941747573
CARSYYDVLTGFDYW,2,0.009708737864077669
CARVGDADDYW,73,0.35436893203883496
CARVGDEADYW,3,0.014563106796116505
CARVHWTDRYFDHW,2,0.009708737864077669
CLDYW,11,0.05339805825242718
CSRTSCYFDSW,5,0.024271844660194174
CSTTTCPFDYW,13,0.06310679611650485
CTRDSHGDVFFDYW,4,0.019417475728155338
CVRESPALDYW,2,0.009708737864077669
