CDR3,count,relative.frequency
CAGSLDAGWFDPW,10,0.060240963855421686
CAKGTLDYW,2,0.012048192771084338
CANSGKGDYW,2,0.012048192771084338
CARDDYASYW,4,0.024096385542168676
CARDFRGSAFDIW,5,0.030120481927710843
CARDGAAPFDYW,2,0.012048192771084338
CARDGLNGDFDYW,2,0.012048192771084338
CARDGNSRDLDYW,19,0.1144578313253012
CARDGYFERW,2,0.012048192771084338
CARDREGTWDYW,6,0.03614457831325301
CARDSVKGWSDYW,7,0.04216867469879518
CARGAAPLHFDYW,2,0.012048192771084338
CARGGATANWLDPW,17,0.10240963855421686
CARGRYYDPW,5,0.030120481927710843
CARGVYFEDW,4,0.024096385542168676
CARISGHGFDIW,2,0.012048192771084338
CARREWMARFDPW,2,0.012048192771084338
CARVAGDIW,17,0.10240963855421686
CARYNPGSFDRW,2,0.012048192771084338
CATLTTVTDDDYW,2,0.012048192771084338
CATQAFDHW,2,0.012048192771084338
CDNW,2,0.012048192771084338
CDSW,8,0.04819277108433735
CGWGRFDPW,2,0.012048192771084338
CNGDSCYEFDIW,2,0.012048192771084338
CSGDTCYSWFDPW,7,0.04216867469879518
CSGGTCYSPDYW,6,0.03614457831325301
CSRGRYYDPW,3,0.018072289156626505
CSTEGEDSGDYW,3,0.018072289156626505
CSTTRCYFFDYW,2,0.012048192771084338
CTTLGGDYDFDHW,3,0.018072289156626505
CVKDWFYTSDYW,8,0.04819277108433735
CYDYW,4,0.024096385542168676
