CDR3,count,relative.frequency
CAAGEFHSHFDFW,2,0.003590664272890485
CAGETGDQAFDIW,2,0.003590664272890485
CAKGSGFDLDYW,4,0.00718132854578097
CARAHDYW,8,0.01436265709156194
CARDGMDIW,4,0.00718132854578097
CARDSGGFDPW,30,0.05385996409335727
CARDTGKFYIDYW,2,0.003590664272890485
CARDVGSEFDYW,7,0.012567324955116697
CARGDYTTWFDPW,4,0.00718132854578097
CARGIPPDYW,4,0.00718132854578097
CARHNFAFDIW,3,0.005385996409335727
CARIPGYGGFDYW,8,0.01436265709156194
CARLDGDYIDLW,3,0.005385996409335727
CARLPDSSSYFDSW,5,0.008976660682226212
CARRRGSHSFDYW,3,0.005385996409335727
CARSVRSAFDIW,5,0.008976660682226212
CARVAAAGPFDYW,4,0.00718132854578097
CASESPYSGYW,10,0.017953321364452424
CASGWTPSWFDPW,2,0.003590664272890485
CATGDAFEIW,5,0.008976660682226212
CAYTFFDYW,2,0.003590664272890485
CGLDVW,3,0.005385996409335727
CMSFDYW,4,0.00718132854578097
CSGGSCYSFDYW,3,0.005385996409335727
CSSVYYSFNYW,4,0.00718132854578097
CTRDRRGYLDYW,7,0.012567324955116697
CTRTRCWARWFDPW,4,0.00718132854578097
CVKSGRSFDYW,6,0.010771992818671455
CVKSGSAFDYW,5,0.008976660682226212
CVKSGSSFDYW,396,0.7109515260323159
CVRDIGSASDYW,8,0.01436265709156194
