CDR3,count,relative.frequency
CARGPSIF,2,0.058823529411764705
CCACTGTNTLIF,2,0.058823529411764705
CCSYAGTSTLIF,2,0.058823529411764705
CCSYARGIIF,8,0.23529411764705882
CLQYNYRPLIF,2,0.058823529411764705
CQAWDRTVIF,2,0.058823529411764705
CQAWDSTLIF,4,0.11764705882352941
CQAWDTDTVIF,2,0.058823529411764705
CQQFGKFPLTF,2,0.058823529411764705
CQQSYGRPLPF,2,0.058823529411764705
CSSFAANNNLIF,2,0.058823529411764705
CTSYRSTNTLIF,2,0.058823529411764705
CYSYARGIIF,2,0.058823529411764705
