CDR3,count,relative.frequency
CARRQRTTIF,32,0.9411764705882353
CQQYGSPALIF,2,0.058823529411764705
