CDR3,count,relative.frequency
CAKHAQYF,2,0.038461538461538464
CAMSGNQFYF,2,0.038461538461538464
CASDSQANYGYTF,4,0.07692307692307693
CASINPSSYEQYF,2,0.038461538461538464
CASKRDGTYEQYF,2,0.038461538461538464
CASSLESYGYTF,2,0.038461538461538464
CASSPEWGTEAFF,2,0.038461538461538464
CATSFGYTF,27,0.5192307692307693
CATXFGYTF,2,0.038461538461538464
CAWSGGSNQPQHF,2,0.038461538461538464
CQEGFYF,2,0.038461538461538464
CVSSGYTF,3,0.057692307692307696
