CDR3,count,relative.frequency
CAHRRSTIF,2,0.006230529595015576
CARAARITIF,2,0.006230529595015576
CARARGGIF,11,0.03426791277258567
CARERFGIF,14,0.04361370716510903
CARMRVSIF,2,0.006230529595015576
CARRGPKIF,2,0.006230529595015576
CARRGPTIF,235,0.7320872274143302
CARVRRGTIF,5,0.01557632398753894
CATVRQRIRIF,5,0.01557632398753894
CCSYADSNTLIF,3,0.009345794392523364
CCSYADSRPLVF,2,0.006230529595015576
CCSYAGSNILIF,6,0.018691588785046728
CCSYAGSNTLIF,2,0.006230529595015576
CCSYAGTNTLIF,4,0.012461059190031152
CQHSDNPPYIF,2,0.006230529595015576
CQKYYRAPLIF,2,0.006230529595015576
CQLYGDVPIIF,3,0.009345794392523364
CQQFFTTPLIF,3,0.009345794392523364
CQQNFNTPFIF,2,0.006230529595015576
CQRGDIF,6,0.018691588785046728
CQYYEGPLIF,2,0.006230529595015576
CTRRGPTIF,6,0.018691588785046728
