CDR3,count,relative.frequency
CHQYYNTPWTF,2,0.00980392156862745
CLQHYKYPRTF,2,0.00980392156862745
CMQALLSPRTF,6,0.029411764705882353
CMQALQSPYTF,17,0.08333333333333333
CMQALQTRRTF,2,0.00980392156862745
CMQALQTRTF,5,0.024509803921568627
CMQATHWPLMYTF,4,0.0196078431372549
CMQATHWPYTF,5,0.024509803921568627
CMQGTYWPPAF,3,0.014705882352941176
CMQHTHWPPYTF,2,0.00980392156862745
CMQLTQFPLTF,2,0.00980392156862745
CQQFGSSLYTF,12,0.058823529411764705
CQQRSNF,2,0.00980392156862745
CQQSFSTRTF,2,0.00980392156862745
CQQSYSALRTF,5,0.024509803921568627
CQQSYSTPLTF,6,0.029411764705882353
CQQSYSTPWTF,2,0.00980392156862745
CQQYDASPETF,2,0.00980392156862745
CQQYDISPITF,2,0.00980392156862745
CQQYDNLPYTF,8,0.0392156862745098
CQQYDSLPLTF,6,0.029411764705882353
CQQYDSYSTF,4,0.0196078431372549
CQQYFQTPYTF,4,0.0196078431372549
CQQYGNSPATF,2,0.00980392156862745
CQQYGNSPSF,51,0.25
CQQYGSSPPTF,3,0.014705882352941176
CQQYGSSSTWTF,2,0.00980392156862745
CQQYHDWPFTF,2,0.00980392156862745
CQQYNSWTF,4,0.0196078431372549
CQQYNSYPYTF,2,0.00980392156862745
CQQYYGYFRTF,2,0.00980392156862745
CQQYYRTPPVTF,15,0.07352941176470588
CQQYYSHPWAF,2,0.00980392156862745
CQQYYSSPWTF,10,0.049019607843137254
CQQYYSTPYTF,2,0.00980392156862745
CQQYYSYWTF,2,0.00980392156862745
