CDR3,count,relative.frequency
CAAGDDKIIF,2,0.0076045627376425855
CAARVAFSEALVF,2,0.0076045627376425855
CAAWDDRLNAYVF,12,0.045627376425855515
CAAWDDRLSAYVF,4,0.015209125475285171
CAAWDDSLRGGGF,2,0.0076045627376425855
CAFLFFFGVF,2,0.0076045627376425855
CAGCRGRDCAGF,2,0.0076045627376425855
CAQSIEGITF,2,0.0076045627376425855
CARDRHFVWGF,3,0.011406844106463879
CASPMMTF,9,0.034220532319391636
CASSLYGGELLHF,2,0.0076045627376425855
CCSYAGTYTF,8,0.030418250950570342
CESASYPEGNF,8,0.030418250950570342
CESASYPGGNF,2,0.0076045627376425855
CGSLLSSQHF,2,0.0076045627376425855
CGSPEAF,4,0.015209125475285171
CGSYTSNTYVF,2,0.0076045627376425855
CHQSEHFPYTF,3,0.011406844106463879
CHQYEDVPYTF,3,0.011406844106463879
CHQYGNSAFTF,2,0.0076045627376425855
CHQYNSFSTF,4,0.015209125475285171
CHQYSEWPKTF,2,0.0076045627376425855
CIQGLQTPPTF,3,0.011406844106463879
CISFLFFSFF,3,0.011406844106463879
CKLYKLLITF,2,0.0076045627376425855
CKYYENSLYTF,2,0.0076045627376425855
CLQRMELPYTF,3,0.011406844106463879
CLQYNSDPYTF,2,0.0076045627376425855
CMHGSHPWTF,2,0.0076045627376425855
CMQASQVGDTF,3,0.011406844106463879
CQESFSTPMITF,2,0.0076045627376425855
CQEYDNVRSWTF,2,0.0076045627376425855
CQHRGTF,2,0.0076045627376425855
CQHYANARYTF,3,0.011406844106463879
CQHYKSDPLTF,2,0.0076045627376425855
CQLGYSIPFTF,2,0.0076045627376425855
CQLYNTNSWTF,2,0.0076045627376425855
CQQFGASPYTF,2,0.0076045627376425855
CQQGFSFPFTF,14,0.053231939163498096
CQQGKSFPYTF,6,0.022813688212927757
CQQIYRTLKTF,2,0.0076045627376425855
CQQSFNALWTF,12,0.045627376425855515
CQQSFTTEWTF,2,0.0076045627376425855
CQQSGTF,2,0.0076045627376425855
CQQSSNTAPTF,2,0.0076045627376425855
CQQSYGTF,2,0.0076045627376425855
CQQSYILWTF,2,0.0076045627376425855
CQQVHSHPITF,2,0.0076045627376425855
CQQVSSFSFTF,3,0.011406844106463879
CQQYANLLYTF,2,0.0076045627376425855
CQQYFRTPLTF,3,0.011406844106463879
CQQYFTLITF,2,0.0076045627376425855
CQQYLRVPYTF,2,0.0076045627376425855
CQRCDDVPLTF,2,0.0076045627376425855
CQSADTF,64,0.24334600760456274
CSSYANNAYVF,5,0.019011406844106463
CSSYARGNNF,6,0.022813688212927757
CSSYTRSNSWGF,4,0.015209125475285171
CTQTGNVLRFF,2,0.0076045627376425855
CYSYAGF,3,0.011406844106463879
