CDR3,count,relative.frequency
CAANSDHLNF,5,0.022123893805309734
CAAWLLAGLLGF,2,0.008849557522123894
CAELLDPFGF,3,0.01327433628318584
CAGESVSNF,3,0.01327433628318584
CALRPGGSYIPTF,2,0.008849557522123894
CAQATQIPRTF,3,0.01327433628318584
CARDFVNVNF,2,0.008849557522123894
CARDRGF,2,0.008849557522123894
CAREGGF,2,0.008849557522123894
CARLGTGTGF,2,0.008849557522123894
CATQNYYKKLF,5,0.022123893805309734
CATRDPAAGRGF,2,0.008849557522123894
CAVAHVCNPSTF,4,0.017699115044247787
CAVGMAAGALF,2,0.008849557522123894
CAVSEGSARQLTF,2,0.008849557522123894
CCSYTSSFTRIF,2,0.008849557522123894
CESASYPEGNF,59,0.2610619469026549
CGSLWGGGGF,2,0.008849557522123894
CGSPEAF,8,0.035398230088495575
CHHYENFRYTF,4,0.017699115044247787
CHHYGTSPCTF,6,0.02654867256637168
CHQYGRSWTF,2,0.008849557522123894
CHQYNSWWTF,3,0.01327433628318584
CHRYDHWPPYTF,2,0.008849557522123894
CIFDRCYITF,2,0.008849557522123894
CITAVCFRHFDPNF,3,0.01327433628318584
CKAASEVDGF,2,0.008849557522123894
CLAPKTLFGGF,2,0.008849557522123894
CLCATVQSCSQRGF,2,0.008849557522123894
CLLFGTQLVFF,2,0.008849557522123894
CLLLAQQNF,2,0.008849557522123894
CLLLCERSGF,4,0.017699115044247787
CLLPYQCMYSSTF,2,0.008849557522123894
CLLSFDGGHLRVF,2,0.008849557522123894
CLLSSTPHEHIF,4,0.017699115044247787
CLSSRLRVSATF,2,0.008849557522123894
CLVTATTENF,2,0.008849557522123894
CMQGLETAYTF,2,0.008849557522123894
CMQTAPFSRTF,3,0.01327433628318584
CPADRLTTPF,2,0.008849557522123894
CPSVKF,2,0.008849557522123894
CQAWDLTTLVF,2,0.008849557522123894
CQHHGSSITF,2,0.008849557522123894
CQHKGTF,2,0.008849557522123894
CQHYSELPPFTF,2,0.008849557522123894
CQNRHNF,2,0.008849557522123894
CQQFFLYGFTF,3,0.01327433628318584
CQQHTGWITF,2,0.008849557522123894
CQQRSKPGTF,2,0.008849557522123894
CQQSGTLITF,2,0.008849557522123894
CQQSYSTPFTF,2,0.008849557522123894
CQQTATPPMTF,2,0.008849557522123894
CQQVDRFPYNF,2,0.008849557522123894
CQQYGDSPWTF,2,0.008849557522123894
CQQYGTSPYTF,2,0.008849557522123894
CQQYSTYEKTF,5,0.022123893805309734
CQQYSYLWTF,2,0.008849557522123894
CQQYYRGYTF,3,0.01327433628318584
CSHLNGYPITF,2,0.008849557522123894
CSHLYFKF,3,0.01327433628318584
CSLLLSLVVLTSF,2,0.008849557522123894
CTAMLAPGF,4,0.017699115044247787
CVDAAGGNF,2,0.008849557522123894
CVETNNGAGF,2,0.008849557522123894
CVMQMCPGF,3,0.01327433628318584
