CDR3,count,relative.frequency
CARGGTEAFF,2,0.06896551724137931
CASRDGASLEQYF,7,0.2413793103448276
CASSFGAGGYTF,4,0.13793103448275862
CASSLGDVPLGYTF,4,0.13793103448275862
CASSPDCNGYTF,2,0.06896551724137931
CASSQERGYGYTF,2,0.06896551724137931
CASVAGASNTEAFF,2,0.06896551724137931
CAWSRTDYGYTF,2,0.06896551724137931
CSAKAPYGNTIYF,2,0.06896551724137931
CSAPTATYGYTF,2,0.06896551724137931
