CDR3,count,relative.frequency
CCSYAGSGLIF,2,0.18181818181818182
CCSYGKGDKLVF,2,0.18181818181818182
CQHYNHQPLIF,3,0.2727272727272727
CQSFDRRHVIF,2,0.18181818181818182
CSSFSTTNTLIF,2,0.18181818181818182
