CDR3,count,relative.frequency
CAGRKKIF,2,0.04081632653061224
CARDSRITIF,4,0.08163265306122448
CARGRGTIF,2,0.04081632653061224
CCSYAGSRILIF,17,0.3469387755102041
CERDPRTTIF,2,0.04081632653061224
CHQYGGSRPLTF,2,0.04081632653061224
CLAATHWPPAIF,2,0.04081632653061224
CQQYDSSSLIF,2,0.04081632653061224
CQQYDTLPLIF,7,0.14285714285714285
CQVWDPRVIIF,5,0.10204081632653061
CTTDRITIF,2,0.04081632653061224
CYQYGGSRPLTF,2,0.04081632653061224
