CDR3,count,relative.frequency
CARLGIF,4,0.6666666666666666
CARVTIF,2,0.3333333333333333
