CDR3,count,relative.frequency
CASGGGYYGYTF,2,0.14285714285714285
CASGSFLQGEQYF,2,0.14285714285714285
CASSLGESQPQHF,4,0.2857142857142857
CASSLGQAYEQYF,2,0.14285714285714285
CASSPNFGSYEQDF,2,0.14285714285714285
CASSPNFGSYEQYF,2,0.14285714285714285
