CDR3,count,relative.frequency
CARRKETYYF,14,0.14285714285714285
CASHPSVNTEAFF,2,0.02040816326530612
CASRNTGELFF,5,0.05102040816326531
CASSLEGGGTQYF,4,0.04081632653061224
CASSLEPVGGYTF,2,0.02040816326530612
CASSLGNTEAFF,34,0.3469387755102041
CASSLGPNQPQHF,2,0.02040816326530612
CASSLGQGGGYTF,2,0.02040816326530612
CASSLPSGEQYF,2,0.02040816326530612
CASSPKGLGETQYF,15,0.15306122448979592
CASSSQGYEQYF,5,0.05102040816326531
CASSYDGGYGYTF,9,0.09183673469387756
CSSYTSGNTWLF,2,0.02040816326530612
