CDR3,count,relative.frequency
CASYSSDRISIF,2,0.05555555555555555
CASYTSDRISIF,16,0.4444444444444444
CCSYASGNTLIF,2,0.05555555555555555
CSSFARTNTLIF,4,0.1111111111111111
CSTDALWF,8,0.2222222222222222
CVRRPLLF,4,0.1111111111111111
