CDR3,count,relative.frequency
CAMFSSYSWF,2,0.00047058823529411766
CESASDPEGNF,3,0.0007058823529411765
CESASFPEGNF,2,0.00047058823529411766
CESASHPEGNF,2,0.00047058823529411766
CESASSPEGNF,2,0.00047058823529411766
CESASYAEGNF,6,0.001411764705882353
CESASYHEGNF,2,0.00047058823529411766
CESASYLEGNF,3,0.0007058823529411765
CESASYPDGNF,2,0.00047058823529411766
CESASYPEENF,2,0.00047058823529411766
CESASYPEGNF,4029,0.948
CESASYPERNF,2,0.00047058823529411766
CESASYPGGNF,3,0.0007058823529411765
CESASYSEGNF,10,0.002352941176470588
CESASYTEGNF,11,0.0025882352941176473
CESDSYPEGNF,2,0.00047058823529411766
CGAEAGGVPGGF,3,0.0007058823529411765
CGSPEAF,5,0.001176470588235294
CGTGRGQALGF,2,0.00047058823529411766
CHQFESSPQTF,2,0.00047058823529411766
CLQRDNGFTF,4,0.0009411764705882353
CLQTYSLRNTF,3,0.0007058823529411765
CMQALPPFTF,2,0.00047058823529411766
CQQFYTTPFTF,2,0.00047058823529411766
CQQRSNWPLTF,128,0.03011764705882353
CQQSFLAPYTF,3,0.0007058823529411765
CQQSLRVPYTF,3,0.0007058823529411765
CQQSNIYPPTF,2,0.00047058823529411766
CQQSYSAPYTF,2,0.00047058823529411766
CQQTYRTLWTF,2,0.00047058823529411766
CRQVSHVFTNF,2,0.00047058823529411766
CSFSFCWSWSIF,2,0.00047058823529411766
