CDR3,count,relative.frequency
CASSFLQSGELFF,2,0.16666666666666666
CASSLLNYGYTF,4,0.3333333333333333
CASSPGNVYGYTF,2,0.16666666666666666
CASSYRGLNTEAFF,2,0.16666666666666666
CSSFTSDNTILF,2,0.16666666666666666
