CDR3,count,relative.frequency
CAKDRITIF,2,0.030303030303030304
CARGGRISIF,11,0.16666666666666666
CARGGRITIF,2,0.030303030303030304
CLHSGNPPYIF,51,0.7727272727272727
