CDR3,count,relative.frequency
CAKGFDPW,4,0.026845637583892617
CARAISGPLDYW,2,0.013422818791946308
CARALAVEDFDYW,2,0.013422818791946308
CARALTPRGAFDVW,2,0.013422818791946308
CARATSADYW,2,0.013422818791946308
CARDNADQIIDYW,5,0.03355704697986577
CARDRYPVGFDIW,2,0.013422818791946308
CARDVWKYSDYW,3,0.020134228187919462
CAREAAAELNFDYW,2,0.013422818791946308
CAREEEHFSFDYW,3,0.020134228187919462
CAREFMFDYW,13,0.087248322147651
CARGGWQHAFDVW,6,0.040268456375838924
CARGPREFDSW,8,0.053691275167785234
CARGREWFGPW,2,0.013422818791946308
CARGRFFDHW,12,0.08053691275167785
CARLLRSTANFDYW,15,0.10067114093959731
CARMYSGLGYFDYW,2,0.013422818791946308
CARRDGFDFW,10,0.06711409395973154
CARRDVFDIW,4,0.026845637583892617
CARREYDAFDVW,2,0.013422818791946308
CARSYVTSRPLDYW,2,0.013422818791946308
CARVSLGGDYMFDYW,2,0.013422818791946308
CATDGDNDAIDYW,2,0.013422818791946308
CATDRNWFDPW,2,0.013422818791946308
CATKPCSYFDSW,4,0.026845637583892617
CATTGASYFTFDYW,2,0.013422818791946308
CATVVAEYFDFW,4,0.026845637583892617
CAVGAFDYW,5,0.03355704697986577
CGSDCYSFDSW,2,0.013422818791946308
CLRPVSWFDPW,6,0.040268456375838924
CLYVDHW,3,0.020134228187919462
CSGGGCSFDSW,2,0.013422818791946308
CSKWGCPGDYW,2,0.013422818791946308
CVIYGDYRGFDYW,4,0.026845637583892617
CVRKGAYGGFDPW,2,0.013422818791946308
CVRSWGEWFDPW,2,0.013422818791946308
CVRTYRTRLDYW,2,0.013422818791946308
