CDR3,count,relative.frequency
CAAGGYYEQYF,2,0.043478260869565216
CASGRGEASYNEQFF,2,0.043478260869565216
CASRSPGTDTQYF,2,0.043478260869565216
CASRTGTSREQFF,2,0.043478260869565216
CASSFLYEQYF,3,0.06521739130434782
CASSFYMEKLFF,4,0.08695652173913043
CASSLGPEAFF,3,0.06521739130434782
CASSLVRGTEAFF,6,0.13043478260869565
CASSLYGYTF,2,0.043478260869565216
CASSPAQGGYTF,2,0.043478260869565216
CASSPGDGTRGYTF,2,0.043478260869565216
CASSSSYEQYF,2,0.043478260869565216
CASSYSGEQETQYF,4,0.08695652173913043
CAWSETGYEQYF,2,0.043478260869565216
CSTYGYTF,6,0.13043478260869565
CSVEMRETQYF,2,0.043478260869565216
