CDR3,count,relative.frequency
CASRDDRVFGYTF,3,0.08333333333333333
CASSDTGSYGYTF,4,0.1111111111111111
CASSIDRRTEAFF,2,0.05555555555555555
CASSLAVNTEAFF,2,0.05555555555555555
CASSLRERYEQYF,5,0.1388888888888889
CASSMTGFGETQYF,2,0.05555555555555555
CASSPGSQETQYF,2,0.05555555555555555
CASSSPGMNTEAFF,4,0.1111111111111111
CASSTWTDNEAFF,8,0.2222222222222222
CAWKKGTSTKETQYF,2,0.05555555555555555
CSSFRSGNTVVF,2,0.05555555555555555
