CDR3,count,relative.frequency
CAKAAAAGHFDYW,4,0.026845637583892617
CAKDGGAYYGDYW,3,0.020134228187919462
CAKDVHVLVDYW,2,0.013422818791946308
CARAYQIDYW,8,0.053691275167785234
CARDDAGSFYFDSW,34,0.22818791946308725
CARDHSGSYDYW,4,0.026845637583892617
CARDVWGSFDYW,6,0.040268456375838924
CARDWGSELFDPW,6,0.040268456375838924
CARGAAGITYFDFW,7,0.04697986577181208
CARGRVATIVFDYW,3,0.020134228187919462
CARTLDYW,11,0.0738255033557047
CARVDEDDYW,2,0.013422818791946308
CASFETDYW,3,0.020134228187919462
CASSRCYRWFDPW,9,0.06040268456375839
CATQHQTSRAFDIW,6,0.040268456375838924
CATVDYW,3,0.020134228187919462
CCTAQYDYW,2,0.013422818791946308
CNTDGRDDYW,2,0.013422818791946308
CTRDLGYQDAFDIW,11,0.0738255033557047
CTRGHTWNDYW,2,0.013422818791946308
CTTAAFFDIW,2,0.013422818791946308
CTTDGYEYYFDYW,5,0.03355704697986577
CVRAGFHYW,8,0.053691275167785234
CVRGHRKFDPW,6,0.040268456375838924
