CDR3,count,relative.frequency
CCSFARGDKLIF,7,0.4666666666666667
CCSFARGDKLVF,2,0.13333333333333333
CCSYAVNRNLIF,2,0.13333333333333333
CCSYTVSRSLIF,2,0.13333333333333333
CVSYTRSNTLIF,2,0.13333333333333333
