CDR3,count,relative.frequency
CARAPTIF,2,0.05714285714285714
CARDGPAIF,5,0.14285714285714285
CCSITDGPYIF,11,0.3142857142857143
CCSYAGSFTLIF,3,0.08571428571428572
CQHYLNWPFIF,2,0.05714285714285714
CQQADRYPLTF,5,0.14285714285714285
CQQTFSVPFIF,5,0.14285714285714285
CQVWDNRLVIF,2,0.05714285714285714
