CDR3,count,relative.frequency
CAAAGFTF,3,0.010830324909747292
CAADQTGANNLFF,2,0.007220216606498195
CAANSDHLNF,4,0.01444043321299639
CAAWDDSLTGPGF,6,0.021660649819494584
CARHFELVGF,2,0.007220216606498195
CARLSGYF,2,0.007220216606498195
CARNFSRTF,10,0.036101083032490974
CARSTALQGF,2,0.007220216606498195
CATSRTRSSTNF,2,0.007220216606498195
CAVSGLTFNNF,2,0.007220216606498195
CDQSFNSHTF,4,0.01444043321299639
CESASYPEGNF,69,0.2490974729241877
CESASYPGGNF,2,0.007220216606498195
CGSVRPQSQHF,3,0.010830324909747292
CISFLFFSFF,8,0.02888086642599278
CLFHLWPPQGHF,2,0.007220216606498195
CLLLAQQNF,5,0.018050541516245487
CLLLYSYLYTANF,2,0.007220216606498195
CLRNCRVTGF,2,0.007220216606498195
CQAWDSGTVVF,6,0.021660649819494584
CQHANSFPPNF,4,0.01444043321299639
CQHTYATLWTF,2,0.007220216606498195
CQHYDNVLFTF,2,0.007220216606498195
CQHYGSSPFNF,4,0.01444043321299639
CQHYGTSSVTF,4,0.01444043321299639
CQHYHNWPLTF,4,0.01444043321299639
CQKYYTARTF,2,0.007220216606498195
CQQANSFLGTF,2,0.007220216606498195
CQQCHTIPFTF,10,0.036101083032490974
CQQCRSRPVFTF,11,0.039711191335740074
CQQGYSAPVTF,9,0.032490974729241874
CQQHSRDSYTF,2,0.007220216606498195
CQQNYGTLFTF,2,0.007220216606498195
CQQSRRDFTF,6,0.021660649819494584
CQQTLSVPYTF,2,0.007220216606498195
CQQYDDSHYTF,4,0.01444043321299639
CQQYDSFITF,2,0.007220216606498195
CQQYEKSRTF,15,0.05415162454873646
CQQYERSPYTF,2,0.007220216606498195
CQQYGYAVYTF,2,0.007220216606498195
CQQYHDWVGTF,3,0.010830324909747292
CQQYKNYWTF,2,0.007220216606498195
CQQYNIGWTF,5,0.018050541516245487
CQQYRVSEWTF,2,0.007220216606498195
CQQYYNSWTF,9,0.032490974729241874
CQQYYRSVTF,2,0.007220216606498195
CQVERTF,3,0.010830324909747292
CQVYHSARTF,4,0.01444043321299639
CSPWTGGGSGF,8,0.02888086642599278
CTYLPLLTF,2,0.007220216606498195
CVQTRQTPYTF,2,0.007220216606498195
CVRLPSF,2,0.007220216606498195
CVTVSSHEPHGF,2,0.007220216606498195
CYFCIFDRCYITF,2,0.007220216606498195
