CDR3,count,relative.frequency
CASAGGTLEKLFF,2,0.09523809523809523
CASGTSGLTDTQYF,2,0.09523809523809523
CASKDGQGEQYF,3,0.14285714285714285
CASSLGSTEAFF,6,0.2857142857142857
CASSLGTDVYGYTF,2,0.09523809523809523
CASSLLETQYF,2,0.09523809523809523
CASSPPAGELFF,2,0.09523809523809523
CSATGEGYTF,2,0.09523809523809523
