CDR3,count,relative.frequency
CARGRITIF,9,0.16981132075471697
CARLGIF,24,0.4528301886792453
CARPLCF,2,0.03773584905660377
CARSTIF,4,0.07547169811320754
CATWDDSLRGVIF,3,0.05660377358490566
CCSFAGRSVIF,2,0.03773584905660377
CQQYETRPLTF,9,0.16981132075471697
