CDR3,count,relative.frequency
CAAWDGNLIF,124,0.13276231263383298
CAKERRTSIF,3,0.0032119914346895075
CARDRVTIF,651,0.6970021413276232
CARERVTIF,24,0.02569593147751606
CASWDGDLIF,58,0.06209850107066381
CASYTTDKVVF,4,0.004282655246252677
CATWDGDLIF,32,0.034261241970021415
CQHYRGYPHIF,4,0.004282655246252677
CQHYSSRPLTF,16,0.017130620985010708
CQQYIRPLTF,2,0.0021413276231263384
CQSYDSRDLIF,12,0.01284796573875803
CQVWDNDLLIF,2,0.0021413276231263384
CTSYENRPLF,2,0.0021413276231263384
