CDR3,count,relative.frequency
CASSQAETGGAYEQYF,2,0.3333333333333333
CASTETWGLNTEAFF,2,0.3333333333333333
CSYNSPLHF,2,0.3333333333333333
