CDR3,count,relative.frequency
CARDSTDPDYF,31,0.5254237288135594
CASKGDGNSPLHF,2,0.03389830508474576
CASSFGYEQYF,2,0.03389830508474576
CASSIGGTYEQYF,2,0.03389830508474576
CASSLAYEQYF,2,0.03389830508474576
CASSQVSGRGYEQYF,2,0.03389830508474576
CASTPFGHYGYTF,2,0.03389830508474576
CAWSVGQGSYGYTF,2,0.03389830508474576
CHQYNYDSTF,3,0.05084745762711865
CQHVNIYPYTF,2,0.03389830508474576
CSAIDSNYGYTF,9,0.15254237288135594
