CDR3,count,relative.frequency
CASGTGNTEAFF,2,0.09090909090909091
CASSLAWVGETQYF,2,0.09090909090909091
CASSLFQVYEQYF,7,0.3181818181818182
CQQSTDAQVF,2,0.09090909090909091
CQQSTDTHVF,2,0.09090909090909091
CQQYGGTF,7,0.3181818181818182
