CDR3,count,relative.frequency
CARASFGAFDIW,4,0.041237113402061855
CARDLADGDYDYW,26,0.26804123711340205
CARDPLYFDYW,6,0.061855670103092786
CAREIRTADFDYW,24,0.24742268041237114
CARQGGDWFDPW,2,0.020618556701030927
CARQMRFRYFDYW,13,0.13402061855670103
CARQRNWGYVDYW,4,0.041237113402061855
CARRMRFRYFDKW,2,0.020618556701030927
CARRMSPGNFDYW,2,0.020618556701030927
CASTFSGYFDYW,2,0.020618556701030927
CATYGDSRLDYW,2,0.020618556701030927
CTRDLADGDYDYW,3,0.030927835051546393
CTRNKCFDAFDIW,4,0.041237113402061855
CVRYYAAVLDYW,3,0.030927835051546393
