CDR3,count,relative.frequency
CAKPRSPTIF,24,0.25
CARIPSIF,2,0.020833333333333332
CARLGRRAIF,2,0.020833333333333332
CARMNPRIF,7,0.07291666666666667
CARPLWF,4,0.041666666666666664
CARVTIF,4,0.041666666666666664
CCSYAGNYTLIF,2,0.020833333333333332
CGRGRISIF,26,0.2708333333333333
CLQTFSTPLIF,2,0.020833333333333332
CQAWDRGGIF,2,0.020833333333333332
CQKYDRAPLIF,12,0.125
CQQSFGLPRIF,2,0.020833333333333332
CQVWDTDTLIF,4,0.041666666666666664
CSSYTGYNNLIF,3,0.03125
