CDR3,count,relative.frequency
CASRPTPYNEQFF,2,0.10526315789473684
CASSLGQFDGYTF,3,0.15789473684210525
CASSLLDRPYTEAFF,2,0.10526315789473684
CASSSGGEAFF,2,0.10526315789473684
CATSLRYNSPLHF,2,0.10526315789473684
CAWDRRGNTEAFF,2,0.10526315789473684
CQQSYNSPYSF,3,0.15789473684210525
CSSFSSTDTLVF,3,0.15789473684210525
