CDR3,count,relative.frequency
CAHTNGDGYFDFW,5,0.026595744680851064
CAHTNGDGYFDYW,6,0.031914893617021274
CAKARGGPYYFDSW,2,0.010638297872340425
CAKGSFGYYFDHW,2,0.010638297872340425
CAKKIAARYFDSW,5,0.026595744680851064
CARAGHLDACDHW,7,0.03723404255319149
CARCRPEGYMDYW,4,0.02127659574468085
CARCSDYDAFDFW,4,0.02127659574468085
CARDASLGQHDYW,2,0.010638297872340425
CARDFPFDYW,11,0.05851063829787234
CARDGRWEPLDYW,2,0.010638297872340425
CARDNLDFDSW,27,0.14361702127659576
CARDRGGEFDYW,2,0.010638297872340425
CARDYNNLDAFDVW,4,0.02127659574468085
CAREPLRGTFDIW,3,0.015957446808510637
CARGAAADYW,6,0.031914893617021274
CARGDHHDFFDSW,2,0.010638297872340425
CARGDHRDFFDYW,8,0.0425531914893617
CARGPGKDGVDYW,4,0.02127659574468085
CARGSNSGFDYW,2,0.010638297872340425
CARKWWGDAFDLW,4,0.02127659574468085
CARRGDKGYMDYW,3,0.015957446808510637
CARRGEKGYMDYW,4,0.02127659574468085
CARSRTTPVMDDYW,2,0.010638297872340425
CARVRGGFAFDIW,6,0.031914893617021274
CDYYYDYMDVW,3,0.015957446808510637
CLNWFDPW,4,0.02127659574468085
CLYGAFFNYW,2,0.010638297872340425
CMDVW,7,0.03723404255319149
CQQYKSYW,4,0.02127659574468085
CRPEGYMDYW,2,0.010638297872340425
CSGGSCYFDSW,3,0.015957446808510637
CTKQHWGDVFDVW,2,0.010638297872340425
CTRAHSFNWSFDYW,10,0.05319148936170213
CTRWFDFW,15,0.0797872340425532
CVRDWGYTGKIDYW,3,0.015957446808510637
CVREGSVFDFDYW,3,0.015957446808510637
CVRQAQYFDSW,3,0.015957446808510637
