CDR3,count,relative.frequency
CAGGLAYFDFW,4,0.034782608695652174
CARAPQNHFDLW,2,0.017391304347826087
CAREGGGYSFDYW,2,0.017391304347826087
CAREGGSYSFDYW,4,0.034782608695652174
CAREKRWAPFDYW,2,0.017391304347826087
CARESGSYFDFW,2,0.017391304347826087
CARFALGANWFDPW,2,0.017391304347826087
CARFYTTTSFDIW,3,0.02608695652173913
CARGLANFDYW,9,0.0782608695652174
CARGSGLPHFDSW,2,0.017391304347826087
CARHGNAVGDYW,4,0.034782608695652174
CARRDLLTARPDYW,4,0.034782608695652174
CARSDNYAFDLW,3,0.02608695652173913
CARSFSHDYW,9,0.0782608695652174
CARSLAHFDDW,2,0.017391304347826087
CARVSGTAMDVW,6,0.05217391304347826
CARVVVAARIDYW,2,0.017391304347826087
CARYDSEFDPW,2,0.017391304347826087
CASFDYFDYW,6,0.05217391304347826
CASSSRDYW,2,0.017391304347826087
CATDTTGFEYW,2,0.017391304347826087
CGGGSCYLDYW,2,0.017391304347826087
CGIDVW,2,0.017391304347826087
CLRVFDYW,2,0.017391304347826087
CSGGSCLDYW,2,0.017391304347826087
CSRGGAFDIW,3,0.02608695652173913
CTGGVCYAAFDVW,2,0.017391304347826087
CTIGGNYWVYW,2,0.017391304347826087
CTRSDNGYDYW,10,0.08695652173913043
CTRTDCYIFDQW,2,0.017391304347826087
CTTETVMFVDYW,6,0.05217391304347826
CVRATSVSDAFDIW,2,0.017391304347826087
CVRATSVSDAFDLW,2,0.017391304347826087
CVRFYTSTAFDIW,2,0.017391304347826087
CYFDLW,2,0.017391304347826087
