CDR3,count,relative.frequency
CASSPTGTTDTQYF,4,0.13793103448275862
CSARTEYNYGYTF,2,0.06896551724137931
CSSYRSGNTVVF,21,0.7241379310344828
CSVRTASRDEQYF,2,0.06896551724137931
