CDR3,count,relative.frequency
CAASTVPNLADYW,2,0.02631578947368421
CAKAAGSSWYFWDW,2,0.02631578947368421
CAKDLGNFDIW,3,0.039473684210526314
CAKIGYNSWEFDYW,3,0.039473684210526314
CAKKIFDYW,8,0.10526315789473684
CARDDLYTGFEYW,2,0.02631578947368421
CARDLHYDSHDYW,6,0.07894736842105263
CARDNGFFYDYW,4,0.05263157894736842
CARDSHDYTPDYW,2,0.02631578947368421
CARGEAFDIW,2,0.02631578947368421
CARGPGNFDSW,2,0.02631578947368421
CARLGGGNSFQYW,2,0.02631578947368421
CARSRGAQLLDYW,2,0.02631578947368421
CARVDGASWFDPW,5,0.06578947368421052
CATHNWFDPW,6,0.07894736842105263
CMDVW,2,0.02631578947368421
CSADRCFDFW,2,0.02631578947368421
CSRNWFDPW,6,0.07894736842105263
CTHSRCYPFDYW,8,0.10526315789473684
CTRDKRDTGFDYW,3,0.039473684210526314
CVRDGGWTFDFW,2,0.02631578947368421
CWFAPW,2,0.02631578947368421
