CDR3,count,relative.frequency
CARETLYF,2,0.03571428571428571
CASKGVDTSNYGYTF,8,0.14285714285714285
CASLRNTEAFF,3,0.05357142857142857
CASRDSSGNQILF,4,0.07142857142857142
CASSGRGIGSGYTF,3,0.05357142857142857
CASSLDGYGYTF,2,0.03571428571428571
CASSSPTGELFF,4,0.07142857142857142
CASTQGGEAFF,2,0.03571428571428571
CQQSYNSPYNF,26,0.4642857142857143
CSLGEEGAYGYTF,2,0.03571428571428571
