CDR3,count,relative.frequency
CARGEIF,13,0.48148148148148145
CCDTDKLIF,2,0.07407407407407407
CCSYAGGNTLIF,2,0.07407407407407407
CCSYAGGYSLIF,4,0.14814814814814814
CQQLNRYLIF,2,0.07407407407407407
CQTWDTRSHLIF,2,0.07407407407407407
CSSYGGSDNLIF,2,0.07407407407407407
