CDR3,count,relative.frequency
CASSARRGETQYF,11,0.6470588235294118
CASSPQTSGGYTF,2,0.11764705882352941
CSVAGNTGELFF,2,0.11764705882352941
CSVVGQRKNTEAFF,2,0.11764705882352941
