CDR3,count,relative.frequency
CAANSDHLNF,2,0.0072992700729927005
CAAQDFLPTCAF,2,0.0072992700729927005
CAAQLLAKTDGF,2,0.0072992700729927005
CAARVAFSEALVF,5,0.01824817518248175
CAAWDDILLEVF,4,0.014598540145985401
CAGDIGFGDRF,2,0.0072992700729927005
CAKGF,4,0.014598540145985401
CALYLGSGVSVF,2,0.0072992700729927005
CASYAGNNLYVF,5,0.01824817518248175
CASYNFNKFYF,2,0.0072992700729927005
CATVVRDDKIIF,2,0.0072992700729927005
CAVEGNKLVF,2,0.0072992700729927005
CAVEVEAGTALIF,2,0.0072992700729927005
CAVQVDQAGTALIF,2,0.0072992700729927005
CESASYPEGNF,60,0.21897810218978103
CGMISDAGAGF,2,0.0072992700729927005
CGSPEAF,8,0.029197080291970802
CGTWDSSLASYVF,3,0.010948905109489052
CHQSYSTPQTF,4,0.014598540145985401
CHQYYDKMWTF,3,0.010948905109489052
CHQYYTPQWTF,5,0.01824817518248175
CIIVRDSAALLGF,2,0.0072992700729927005
CKLRFF,2,0.0072992700729927005
CLEKESSTETF,2,0.0072992700729927005
CLQATQSWTF,2,0.0072992700729927005
CLQDHNFLTF,2,0.0072992700729927005
CMHSLQILTF,9,0.032846715328467155
CMQSIQVPFTF,9,0.032846715328467155
CMQSLHTLTF,4,0.014598540145985401
CMQSLKDFTF,4,0.014598540145985401
CMQSLQPPFTF,2,0.0072992700729927005
CMQSLQSLTF,2,0.0072992700729927005
CNETPRHGF,2,0.0072992700729927005
CQHFGGSSWTF,2,0.0072992700729927005
CQHYGDSLYTF,5,0.01824817518248175
CQHYLDYSWTF,4,0.014598540145985401
CQHYYNWSFTF,2,0.0072992700729927005
CQQFGGSSWTF,10,0.0364963503649635
CQQGYNSLPTF,2,0.0072992700729927005
CQQSATLPTF,2,0.0072992700729927005
CQQSYTSSWTF,34,0.12408759124087591
CQQVNNFPLTF,2,0.0072992700729927005
CQQYASLYTF,4,0.014598540145985401
CQQYATSSGTF,2,0.0072992700729927005
CQQYDHYPYNF,2,0.0072992700729927005
CQQYDTFPWTF,2,0.0072992700729927005
CQQYFTRYTF,4,0.014598540145985401
CQQYGQSPGTF,2,0.0072992700729927005
CQQYTDWRTF,2,0.0072992700729927005
CQYHGGPPRTF,2,0.0072992700729927005
CSASTSNF,2,0.0072992700729927005
CSFSVAAIKGF,2,0.0072992700729927005
CSLKMFYPPF,2,0.0072992700729927005
CSSLLYLCCTF,2,0.0072992700729927005
CTASGFTFKNF,4,0.014598540145985401
CTASGGSFNTFGF,4,0.014598540145985401
CTILRVLSSNF,2,0.0072992700729927005
CVQTLQTPPTF,2,0.0072992700729927005
CVRDRGF,2,0.0072992700729927005
CVVCQAFEF,2,0.0072992700729927005
CWYLLWLPLF,2,0.0072992700729927005
