CDR3,count,relative.frequency
CHQATKIPYIF,2,0.10526315789473684
CSSYTTSRTLIF,17,0.8947368421052632
