CDR3,count,relative.frequency
CASRDRNTEAFF,2,0.08695652173913043
CASSEGSGGYTF,4,0.17391304347826086
CASSLSADTQYF,3,0.13043478260869565
CASSLTGRPGYTF,3,0.13043478260869565
CASSPTGTGNGYTF,3,0.13043478260869565
CASSSLKNTEAFF,6,0.2608695652173913
CAWSVFETQYF,2,0.08695652173913043
