CDR3,count,relative.frequency
CAILFKDYW,2,0.03333333333333333
CAKVLGRWVFDKW,2,0.03333333333333333
CARAIGLDLDYW,3,0.05
CARALLDYW,3,0.05
CARDNRRYFDLFDYW,2,0.03333333333333333
CAREDTNDAFDIW,2,0.03333333333333333
CARGQHSAFDIW,2,0.03333333333333333
CARRQSRYYFDCW,5,0.08333333333333333
CARSGRYNWFDPW,2,0.03333333333333333
CASFSAPLDYW,8,0.13333333333333333
CATENYGWFDPW,3,0.05
CATVGIGDYW,4,0.06666666666666667
CATVNWNRFDFW,2,0.03333333333333333
CGRAMDVW,2,0.03333333333333333
CRSLCALDIW,2,0.03333333333333333
CSYGAGMYFDYW,2,0.03333333333333333
CTRRFSTSSGFDYW,2,0.03333333333333333
CVTALDYW,6,0.1
CW,6,0.1
