CDR3,count,relative.frequency
CAASRITIF,9,0.05454545454545454
CARSRPTIF,13,0.07878787878787878
CARSRVTIF,10,0.06060606060606061
CGRHYPTIF,2,0.012121212121212121
CQHSYNIPIIF,118,0.7151515151515152
CQKYKYDPIIF,11,0.06666666666666667
CQQSYNPLITF,2,0.012121212121212121
