CDR3,count,relative.frequency
CARDGIF,4,0.6666666666666666
CQSYNGRNVIF,2,0.3333333333333333
