CDR3,count,relative.frequency
CADTDYW,2,0.02197802197802198
CAKDYDYSFEYW,2,0.02197802197802198
CANGISPDYW,3,0.03296703296703297
CARGGYADYW,2,0.02197802197802198
CARGQLDALHIW,2,0.02197802197802198
CARRRGGFDPW,3,0.03296703296703297
CARSGPEWVFDYW,3,0.03296703296703297
CARTHLGSHPFDYW,5,0.054945054945054944
CARVRDGQDYW,12,0.13186813186813187
CASQQPRDDYW,2,0.02197802197802198
CATGQSPTDYW,28,0.3076923076923077
CSNGVCFGFDPW,2,0.02197802197802198
CTRGYCYDYW,3,0.03296703296703297
CTYGVCYGDYW,3,0.03296703296703297
CVRDYW,19,0.2087912087912088
