CDR3,count,relative.frequency
CALPGQLTF,3,0.016574585635359115
CARGIWGTF,11,0.06077348066298342
CARGKGF,5,0.027624309392265192
CARHVRMTF,2,0.011049723756906077
CATVDGLNF,13,0.0718232044198895
CATWNALKGFVF,2,0.011049723756906077
CAVKSSYKLIF,3,0.016574585635359115
CCSYAGTITF,4,0.022099447513812154
CESASYPEGNF,23,0.1270718232044199
CHHSSTGF,2,0.011049723756906077
CHQYAGLPQTF,2,0.011049723756906077
CILYLGPRYGF,2,0.011049723756906077
CLQSYSHTF,9,0.049723756906077346
CMHGWGF,23,0.1270718232044199
CMQSLEHPRTF,2,0.011049723756906077
CQHRDDLPYTF,2,0.011049723756906077
CQHRNHWLWTF,2,0.011049723756906077
CQHRYNWPLTF,3,0.016574585635359115
CQHYDSYRYNF,2,0.011049723756906077
CQHYNIYQETF,5,0.027624309392265192
CQKYNGRWTF,2,0.011049723756906077
CQQCDFPPYTF,2,0.011049723756906077
CQQHDTLLRTF,2,0.011049723756906077
CQQHDTMPYTF,9,0.049723756906077346
CQQSYNRLTF,2,0.011049723756906077
CQQSYSMYTF,2,0.011049723756906077
CQQSYSTTITF,3,0.016574585635359115
CQQSYTYTWTF,2,0.011049723756906077
CQQTYDTTITF,16,0.08839779005524862
CQQTYSTTITF,3,0.016574585635359115
CQQYETYFWTF,4,0.022099447513812154
CQQYSYWWTF,3,0.016574585635359115
CQQYTSWWTF,2,0.011049723756906077
CQQYYGILWTF,2,0.011049723756906077
CQRRGTF,3,0.016574585635359115
CRLLLEKKKKF,2,0.011049723756906077
CSPSDPMVFSSF,2,0.011049723756906077
