CDR3,count,relative.frequency
CASSFGPENTEAFF,2,0.2857142857142857
CASSPTNPYEQYF,2,0.2857142857142857
CASSRLPSEEQYF,3,0.42857142857142855
