CDR3,count,relative.frequency
CASSFTRATEAFF,9,0.8181818181818182
CISDELQYF,2,0.18181818181818182
