CDR3,count,relative.frequency
CAKGGGSYHFDIW,4,0.07547169811320754
CAKGSGAAPFDSW,2,0.03773584905660377
CARAHGPNFDYW,2,0.03773584905660377
CARDTIFDSW,6,0.11320754716981132
CAREYSSSSCDYW,2,0.03773584905660377
CARHNSDWRLDYW,3,0.05660377358490566
CARIHHNYPDYW,3,0.05660377358490566
CARQLTFDYW,3,0.05660377358490566
CATGGHYFGSW,6,0.11320754716981132
CATHGVPARLDYW,2,0.03773584905660377
CMDAFDVW,2,0.03773584905660377
CPRSDFFDPW,2,0.03773584905660377
CSRASCPGAFDIW,2,0.03773584905660377
CTRGSWAPFDSW,2,0.03773584905660377
CTSSSCSGWDYW,3,0.05660377358490566
CTTEPLYYDYW,2,0.03773584905660377
CVRGAPFDYW,2,0.03773584905660377
CVRGGLQWSVDYW,2,0.03773584905660377
CVRHDWFDPW,3,0.05660377358490566
