CDR3,count,relative.frequency
CAAWDDNLKGFVF,2,0.0019704433497536944
CAFLSFFLFVCFF,2,0.0019704433497536944
CANTLTTF,12,0.011822660098522168
CAQGTRWPLTF,2,0.0019704433497536944
CARASGF,3,0.002955665024630542
CARAVTF,3,0.002955665024630542
CARGRYRFFNF,6,0.005911330049261084
CASYTDTIVLF,2,0.0019704433497536944
CAVRRTGANNLFF,2,0.0019704433497536944
CCSFAGDSFVF,2,0.0019704433497536944
CESASYPEGNF,675,0.6650246305418719
CGLMSGTPF,2,0.0019704433497536944
CGMISDAGAGF,2,0.0019704433497536944
CGSHLQSQHF,2,0.0019704433497536944
CGSPEAF,21,0.020689655172413793
CGSVRLQSQHF,5,0.0049261083743842365
CGSVRPQSQHF,3,0.002955665024630542
CHQCATIPRTF,2,0.0019704433497536944
CISFLFFSFF,2,0.0019704433497536944
CLQYFNHWTF,2,0.0019704433497536944
CMQGLQSLTF,25,0.024630541871921183
CMQVRQSPYTF,11,0.01083743842364532
CQERFTF,2,0.0019704433497536944
CQESYNYLFTF,2,0.0019704433497536944
CQHAKIFPITF,4,0.003940886699507389
CQHLTVYPRTF,4,0.003940886699507389
CQHRFTF,32,0.03152709359605911
CQHRITF,2,0.0019704433497536944
CQHRLTF,3,0.002955665024630542
CQHRSPAWTF,2,0.0019704433497536944
CQHRSTF,10,0.009852216748768473
CQHSNSTFTF,2,0.0019704433497536944
CQHYHNRPYTF,2,0.0019704433497536944
CQLRMTF,5,0.0049261083743842365
CQNYVGSLWTF,3,0.002955665024630542
CQQFGTSLWTF,2,0.0019704433497536944
CQQILGF,3,0.002955665024630542
CQQRFTF,17,0.016748768472906402
CQQRITF,5,0.0049261083743842365
CQQRVTF,13,0.012807881773399015
CQQSHSSLMYTF,4,0.003940886699507389
CQQSYNARTF,4,0.003940886699507389
CQQYATSPGTF,7,0.006896551724137931
CQQYHYGWTF,2,0.0019704433497536944
CQQYVTSPGTF,14,0.013793103448275862
CSASCGWSLF,2,0.0019704433497536944
CSCAGNVVQVF,2,0.0019704433497536944
CSSYADSNFVVF,2,0.0019704433497536944
CSSYISSTVIF,14,0.013793103448275862
CSSYTDSTTIIF,2,0.0019704433497536944
CSSYTGDTTVTF,8,0.007881773399014778
CSSYTNDTTVTF,2,0.0019704433497536944
CSSYTNRNVLF,4,0.003940886699507389
CSSYTSDTTVTF,24,0.023645320197044337
CTQGLQTSAWTF,2,0.0019704433497536944
CVREGLF,3,0.002955665024630542
CVSYISSTVIF,18,0.017733990147783252
