CDR3,count,relative.frequency
CAKDAGF,6,0.0014181044670290711
CAKDTLVNTGF,12,0.0028362089340581422
CDSASYPEGNF,2,0.0004727014890096904
CESASYLEGNF,2,0.0004727014890096904
CESASYPEENF,2,0.0004727014890096904
CESASYPEGNF,3390,0.8012290238714252
CESASYPGGNF,5,0.001181753722524226
CESASYPKGNF,3,0.0007090522335145356
CETWDSNTF,2,0.0004727014890096904
CGAWDSSLSGYVF,2,0.0004727014890096904
CGHYNTDKLIF,2,0.0004727014890096904
CGSASYPEGNF,2,0.0004727014890096904
CGSPEAF,2,0.0004727014890096904
CHLEVWAGDTF,2,0.0004727014890096904
CHQYSDWPRTF,15,0.003545261167572678
CHQYYAAPPTF,2,0.0004727014890096904
CHQYYNDPTF,2,0.0004727014890096904
CHQYYTTSWTF,2,0.0004727014890096904
CISFLFFSFF,3,0.0007090522335145356
CKSASYPEGNF,6,0.0014181044670290711
CLHFGASRYTF,4,0.0009454029780193808
CLQGAHSPLTF,2,0.0004727014890096904
CLQYKSHRTF,2,0.0004727014890096904
CLRYKKRPPWTF,2,0.0004727014890096904
CMHALHPPRTF,3,0.0007090522335145356
CMHSLQTLTF,2,0.0004727014890096904
CMQGQQPPITF,2,0.0004727014890096904
CMQGTQLRTF,6,0.0014181044670290711
CPSVCLVSGF,2,0.0004727014890096904
CQDSRTF,3,0.0007090522335145356
CQHNHSPLGTF,2,0.0004727014890096904
CQHYKTYPWTF,2,0.0004727014890096904
CQHYRTSLITF,2,0.0004727014890096904
CQLRGTF,2,0.0004727014890096904
CQQALTSPLTF,3,0.0007090522335145356
CQQGDGVTF,3,0.0007090522335145356
CQQHDGFSTF,2,0.0004727014890096904
CQQRWGTF,3,0.0007090522335145356
CQQSGWTF,567,0.13401087213424723
CQQSYGTPPTF,2,0.0004727014890096904
CQQSYKTLTF,2,0.0004727014890096904
CQQSYNALFTF,2,0.0004727014890096904
CQQSYSTPYTF,28,0.006617820846135665
CQQTYHFPLTF,3,0.0007090522335145356
CQQYATAPLTF,2,0.0004727014890096904
CQRRNNWGF,9,0.002127156700543607
CQSYDGTDWGF,2,0.0004727014890096904
CSSFAGANNF,2,0.0004727014890096904
CSSFAGSNNF,2,0.0004727014890096904
CSSFTSSSRWGF,2,0.0004727014890096904
CSSYTSALLYVF,2,0.0004727014890096904
CTSFAGASNF,13,0.0030725596785629874
CVFLVRRFCCF,2,0.0004727014890096904
CVVSGFAF,75,0.017726305837863388
CVVSVRTESTF,5,0.001181753722524226
