CDR3,count,relative.frequency
CASRRNEKLFF,4,0.4444444444444444
CASSLGDGAKNIQYF,3,0.3333333333333333
CSARAWGRREQYF,2,0.2222222222222222
