CDR3,count,relative.frequency
CAADRLGAFDYW,6,0.03636363636363636
CARDHLYQAGDYW,10,0.06060606060606061
CARDRTAMVTSFDYW,2,0.012121212121212121
CARGSGSYDYW,5,0.030303030303030304
CARGSNVFDMW,2,0.012121212121212121
CARGVFSLLDYW,8,0.048484848484848485
CARHSDETDAFDIW,5,0.030303030303030304
CARPGNDVHFDQW,2,0.012121212121212121
CARQGSIAGDFDYW,2,0.012121212121212121
CARRDHLAFDYW,3,0.01818181818181818
CARSEFSSFDFW,49,0.296969696969697
CASGYYYYGMDVW,20,0.12121212121212122
CASQPLAFKWFDPW,19,0.11515151515151516
CASSYAPYYFDYW,4,0.024242424242424242
CATASFGRINWLDPW,2,0.012121212121212121
CATPSYDYW,5,0.030303030303030304
CLLGAFDYW,2,0.012121212121212121
CSEGVCPLDYW,6,0.03636363636363636
CSTGVCTFDQW,2,0.012121212121212121
CTRDLAFLDYW,2,0.012121212121212121
CVRSFDYW,3,0.01818181818181818
CYYYGMDVW,6,0.03636363636363636
