CDR3,count,relative.frequency
CAGPHGDFDFW,4,0.0196078431372549
CAKDRRAVTFDHW,2,0.00980392156862745
CAKSGSSPFDYW,9,0.04411764705882353
CARDWILDYW,3,0.014705882352941176
CARGAREDGMDIW,2,0.00980392156862745
CARGPGVADFDSW,2,0.00980392156862745
CARGTYGSQFDIW,2,0.00980392156862745
CARGWEVFDVW,3,0.014705882352941176
CARHRSSTGDYW,2,0.00980392156862745
CARHSYDSSVFDYW,6,0.029411764705882353
CARHYYDSSVFDYW,2,0.00980392156862745
CARNAADFDYW,14,0.06862745098039216
CARNAADIDYW,3,0.014705882352941176
CARNAVDIDYW,14,0.06862745098039216
CARQRRLRNFDYW,2,0.00980392156862745
CASNRQLGRFDFW,2,0.00980392156862745
CKGCVFDYW,2,0.00980392156862745
CQQYQSYW,2,0.00980392156862745
CSGTRCYFDHW,2,0.00980392156862745
CSGTSCYFDHW,14,0.06862745098039216
CSGTSCYFDLW,2,0.00980392156862745
CTDTDCYGLDYW,3,0.014705882352941176
CVKGWESFDIW,2,0.00980392156862745
CVKGWETFDVW,4,0.0196078431372549
CVKYGAFDPYFDHW,2,0.00980392156862745
CVRATSEQHFDHW,3,0.014705882352941176
CVRDRSSTGDYW,4,0.0196078431372549
CVRGGSDAFDFW,2,0.00980392156862745
CVRHRSSIGDYW,2,0.00980392156862745
CVRNAADFDYW,2,0.00980392156862745
CVSTGSHLDYW,2,0.00980392156862745
CVTGWEAFDIW,8,0.0392156862745098
CVTGWEPFDIW,21,0.10294117647058823
CVTGWGAFDIW,47,0.23039215686274508
CVYYYYFDMDVW,2,0.00980392156862745
CYLRSFDYW,6,0.029411764705882353
