CDR3,count,relative.frequency
CARDPKIF,12,0.10256410256410256
CATRPIF,2,0.017094017094017096
CQAWDTRTGIF,5,0.042735042735042736
CQHYVRRPLTF,87,0.7435897435897436
CQLSSRWPPIF,2,0.017094017094017096
CQSYDTRSYIF,5,0.042735042735042736
CSSHAGGDNLIF,2,0.017094017094017096
CTSTTGSNSLIF,2,0.017094017094017096
