CDR3,count,relative.frequency
CAKSGRNTIF,2,0.10526315789473684
CARGNRGYTF,2,0.10526315789473684
CASSLAGTKNTEAFF,2,0.10526315789473684
CASSLQPYEQYF,2,0.10526315789473684
CASSLSTVNTEAFF,3,0.15789473684210525
CASSPPNTCWFF,2,0.10526315789473684
CASSRVETQYF,2,0.10526315789473684
CASSSDSYEQYF,4,0.21052631578947367
