CDR3,count,relative.frequency
CGGSPPWTF,2,0.012269938650306749
CLQDYNYPQTF,2,0.012269938650306749
CMEATQFPHITF,21,0.12883435582822086
CMQALHAPPYTF,2,0.012269938650306749
CMQGTQFPHITF,50,0.3067484662576687
CQQANSFLLTF,2,0.012269938650306749
CQQANSFPYTF,5,0.03067484662576687
CQQLHTYPLTF,2,0.012269938650306749
CQQRNSWPITF,3,0.018404907975460124
CQQSSSFPYTF,2,0.012269938650306749
CQQSYSFPFTF,19,0.1165644171779141
CQQSYSRPPTF,9,0.05521472392638037
CQQYDKWPYTF,4,0.024539877300613498
CQQYDSLPTF,2,0.012269938650306749
CQQYESWPRTF,16,0.09815950920245399
CQQYGSSPLYTF,2,0.012269938650306749
CQQYGSSPSLTF,2,0.012269938650306749
CQQYGSSPYTF,3,0.018404907975460124
CQQYGTSPITF,3,0.018404907975460124
CQQYHNLPLTF,2,0.012269938650306749
CQQYNSYPYTF,3,0.018404907975460124
CQQYSSFPQTF,2,0.012269938650306749
CQQYYSSPFTF,2,0.012269938650306749
CQQYYSTPVTF,3,0.018404907975460124
