CDR3,count,relative.frequency
CAACRGRGCAGF,4,0.01932367149758454
CAAQLLAKTDGF,2,0.00966183574879227
CAATGLAPSAPGF,2,0.00966183574879227
CAAYRGRVCAGF,3,0.014492753623188406
CAFVIVHHDKF,2,0.00966183574879227
CAGCRGRDCAGF,4,0.01932367149758454
CAGCRGRGCAGF,2,0.00966183574879227
CAGCRGRGF,3,0.014492753623188406
CAGCRGRGGF,12,0.057971014492753624
CAGCRGRSCAGF,11,0.05314009661835749
CAGCSGGGGGGGF,2,0.00966183574879227
CAGGRNRAGSSF,6,0.028985507246376812
CASYTTGGIF,2,0.00966183574879227
CATWDDSVYVF,2,0.00966183574879227
CATWDSGLGAWGF,2,0.00966183574879227
CCSYAASYTVGF,2,0.00966183574879227
CESASYPEGNF,25,0.12077294685990338
CGSFGGWAGF,2,0.00966183574879227
CGSLGGWGGF,2,0.00966183574879227
CGSPEAF,2,0.00966183574879227
CHQFHTGPWTF,2,0.00966183574879227
CHQYAFSPRTF,2,0.00966183574879227
CHQYDKFPYTF,2,0.00966183574879227
CHQYHDWWTF,2,0.00966183574879227
CIQVLQVPYTF,2,0.00966183574879227
CLQHDSFPYTF,2,0.00966183574879227
CLQYNLYAGYTF,2,0.00966183574879227
CMQAAQPYNF,4,0.01932367149758454
CMQALQTITF,2,0.00966183574879227
CMQALRGF,4,0.01932367149758454
CMQGTHWPYTF,11,0.05314009661835749
CMQPLRVPLTF,2,0.00966183574879227
CMQSLQRYTF,4,0.01932367149758454
CQAWDTGTYVF,2,0.00966183574879227
CQHAYSAPPYTF,4,0.01932367149758454
CQHYCTSPYNF,2,0.00966183574879227
CQHYFNYPYTF,2,0.00966183574879227
CQHYGGTF,9,0.043478260869565216
CQHYSPYTF,2,0.00966183574879227
CQHYYNTPSTF,4,0.01932367149758454
CQQFRDSLWTF,4,0.01932367149758454
CQQRCSTF,2,0.00966183574879227
CQQSFSTPWTF,4,0.01932367149758454
CQQSKTYPLTF,4,0.01932367149758454
CQQSYSIPYTF,2,0.00966183574879227
CQQYDHLWTF,2,0.00966183574879227
CQQYSTYWFTF,2,0.00966183574879227
CSPWTGGGSGF,3,0.014492753623188406
CSSFGNRKIF,3,0.014492753623188406
CSSLIPSGGF,2,0.00966183574879227
CSSSTSGTSNVF,3,0.014492753623188406
CVDTGSSHPGF,2,0.00966183574879227
CVKGGF,2,0.00966183574879227
CVRHRRVWF,14,0.06763285024154589
