CDR3,count,relative.frequency
CAASTGDDAFDIW,12,0.03761755485893417
CAHFWGRRWYFDLW,3,0.009404388714733543
CAHKDVGDYW,2,0.006269592476489028
CAHLPNGHFDYW,2,0.006269592476489028
CAHW,10,0.03134796238244514
CAKAHINWYFDSW,6,0.018808777429467086
CAKDNWDGSNDYW,5,0.01567398119122257
CAKDSHAWDYFDYW,2,0.006269592476489028
CAKGTYSSDYW,2,0.006269592476489028
CALQTRGWFDPW,2,0.006269592476489028
CARADLYFDFW,2,0.006269592476489028
CARDLLVYDYW,2,0.006269592476489028
CARDNSVKGFDYW,19,0.05956112852664577
CARDQSRKYYFDYW,2,0.006269592476489028
CARENNGALDVW,3,0.009404388714733543
CAREVEAFDIW,12,0.03761755485893417
CARGAAGSVFDYW,2,0.006269592476489028
CARGADFDYW,7,0.0219435736677116
CARGAPPDYW,3,0.009404388714733543
CARGGYDHRKDYW,5,0.01567398119122257
CARGLVGAPSDYW,2,0.006269592476489028
CARGRDLESFDLW,6,0.018808777429467086
CARGSLIDYW,11,0.034482758620689655
CARGSPLPYFDSW,4,0.012539184952978056
CARGWINSFDYW,2,0.006269592476489028
CARISGSLDYW,2,0.006269592476489028
CARIYHRMPDYW,2,0.006269592476489028
CARLPDGYFDSW,5,0.01567398119122257
CARMIITEIDYW,3,0.009404388714733543
CARMRPISRGFDYW,2,0.006269592476489028
CARQWGSSWFDFW,2,0.006269592476489028
CARRFEYW,6,0.018808777429467086
CARRSRGFHFDYW,2,0.006269592476489028
CARRYYFDFW,2,0.006269592476489028
CARSRLDGMDVW,4,0.012539184952978056
CARTASLADYW,5,0.01567398119122257
CARVAADAFDFW,10,0.03134796238244514
CARVYHRMPDYW,10,0.03134796238244514
CARYADYVDYW,3,0.009404388714733543
CASLVVDNFDYW,5,0.01567398119122257
CATDQGDVFDYW,5,0.01567398119122257
CATLSAGTPYDYW,5,0.01567398119122257
CATSTGDDSFDIW,2,0.006269592476489028
CATSTGDDSFDVW,2,0.006269592476489028
CGIFDYW,4,0.012539184952978056
CMFFDSW,2,0.006269592476489028
CSAGSCYLDYW,2,0.006269592476489028
CSGGSCYYFDRW,3,0.009404388714733543
CSPEAFDIW,4,0.012539184952978056
CSRHGGNYDYW,17,0.05329153605015674
CSSDSCEENAFDIW,28,0.0877742946708464
CSVYYYSFAYW,3,0.009404388714733543
CTDGVCRDYW,16,0.050156739811912224
CTIGQGDYW,2,0.006269592476489028
CTNHAFDIW,4,0.012539184952978056
CTRDSPYFDFW,2,0.006269592476489028
CTREVQWAFHVW,3,0.009404388714733543
CVRDLDYW,10,0.03134796238244514
CVRGAPFDYW,8,0.025078369905956112
CVRGGNYDYW,2,0.006269592476489028
CVTTFLDYW,4,0.012539184952978056
