CDR3,count,relative.frequency
CAKAPTIF,2,0.0392156862745098
CARERIF,22,0.43137254901960786
CARLSLIF,4,0.0784313725490196
CGSYLVVSRHWIF,7,0.13725490196078433
CQHRSVWPPIF,6,0.11764705882352941
CQPRGVWPPIF,2,0.0392156862745098
CQQYYSTPLIF,2,0.0392156862745098
CVRERIF,6,0.11764705882352941
