CDR3,count,relative.frequency
CAEGRDFDSW,10,0.09615384615384616
CAKGRTGLRFDYW,5,0.04807692307692308
CARDEMDIW,2,0.019230769230769232
CARDFGDDAFDIW,4,0.038461538461538464
CARDRDWAFDYW,7,0.0673076923076923
CARGASYAFDIW,2,0.019230769230769232
CARGDSWYLIDYW,8,0.07692307692307693
CARKGDMAGFGYW,3,0.028846153846153848
CARQGSDWFDPW,2,0.019230769230769232
CARSLRFFDYW,3,0.028846153846153848
CARVDYSNYFDSW,8,0.07692307692307693
CASGTGRSDFDYW,2,0.019230769230769232
CATATDYKLFDYW,3,0.028846153846153848
CSGGSCYTFDYW,5,0.04807692307692308
CSGSSCQYYFDSW,2,0.019230769230769232
CSRFDPW,2,0.019230769230769232
CSRGVFDSW,10,0.09615384615384616
CSSTSCFAFDIW,4,0.038461538461538464
CTSGNCSPFDFW,2,0.019230769230769232
CTTDGRTDYW,2,0.019230769230769232
CTTLNWFDPW,2,0.019230769230769232
CW,5,0.04807692307692308
CYRWFDSW,11,0.10576923076923077
