CDR3,count,relative.frequency
CAKDLDIFHYW,2,0.008403361344537815
CAKDYW,5,0.02100840336134454
CAKGGGWLYYFDYW,2,0.008403361344537815
CAKGGIAIDYW,2,0.008403361344537815
CARADYGDFFDNW,26,0.1092436974789916
CARADYGDFFDSW,4,0.01680672268907563
CARAEQWLVFGYW,15,0.06302521008403361
CARDDQSHFDFW,2,0.008403361344537815
CARDFQYW,3,0.012605042016806723
CARDIAESTGFDYW,9,0.037815126050420166
CARDQSSRYFDLW,5,0.02100840336134454
CARDRDWNLDYW,2,0.008403361344537815
CARDTRYGDYDYW,10,0.04201680672268908
CAREDITLDYW,2,0.008403361344537815
CARGDYGDFFDYW,6,0.025210084033613446
CARGGRAADVW,2,0.008403361344537815
CARGPPRYYFDYW,2,0.008403361344537815
CARGPTRYYFDSW,2,0.008403361344537815
CARGPTRYYFDYW,11,0.046218487394957986
CARIEAGTSRDYW,7,0.029411764705882353
CARIFVYSSFDSW,23,0.09663865546218488
CARLNGFFDFW,2,0.008403361344537815
CARLNGFFDSW,2,0.008403361344537815
CARQGTYFDYW,11,0.046218487394957986
CARRYSGSHYDYW,2,0.008403361344537815
CARSGIWVFDYW,4,0.01680672268907563
CARSKTFDSW,2,0.008403361344537815
CASEVGHRFDFW,11,0.046218487394957986
CATGRDFDYW,2,0.008403361344537815
CATHQFYFDNW,3,0.012605042016806723
CAWIFVYSSFDSW,2,0.008403361344537815
CMRVVGAADYW,2,0.008403361344537815
CSGGICYADNW,2,0.008403361344537815
CSGGSCYYDYW,2,0.008403361344537815
CSGLSCYYDYW,2,0.008403361344537815
CSRSSGRCDYW,10,0.04201680672268908
CSSTSCSFDYW,2,0.008403361344537815
CTARPDYW,2,0.008403361344537815
CTGGNCYIYYW,4,0.01680672268907563
CTRSTGRCDYW,2,0.008403361344537815
CTSYEIDYW,6,0.025210084033613446
CTTAMVKDYW,10,0.04201680672268908
CVRATINYFDYW,5,0.02100840336134454
CVRGNGYNGAFDIW,2,0.008403361344537815
CVRTSIWYVFEYW,2,0.008403361344537815
CYTEDYW,2,0.008403361344537815
