CDR3,count,relative.frequency
CCSYAGRSVIF,2,0.3333333333333333
CCSYTSRTTLIF,2,0.3333333333333333
CSSYTSDRTLIF,2,0.3333333333333333
