CDR3,count,relative.frequency
CAHYYYYMDVW,9,0.10112359550561797
CARAGIGAFDIW,2,0.02247191011235955
CARDLSGYSDYW,3,0.033707865168539325
CARDQVDAFDIW,3,0.033707865168539325
CARDVAGRRDYW,2,0.02247191011235955
CARENLNYFDPW,2,0.02247191011235955
CARRAEYGADYW,2,0.02247191011235955
CARSGGYDLDYW,52,0.5842696629213483
CASGLWFDPW,4,0.0449438202247191
CLYYYYYYMDVW,4,0.0449438202247191
CQQYYNYW,2,0.02247191011235955
CSSTSCTDYW,2,0.02247191011235955
CVRGGYWQFDSW,2,0.02247191011235955
