CDR3,count,relative.frequency
CAREEIF,30,0.6818181818181818
CARESIF,4,0.09090909090909091
CASRRIXIF,8,0.18181818181818182
CQQYHYWRPLTF,2,0.045454545454545456
