CDR3,count,relative.frequency
CAFGAGSARQLTF,4,0.2857142857142857
CAGLLYNNNDMRF,2,0.14285714285714285
CAVGGASGNTPLVF,2,0.14285714285714285
CGMDSSYKLIF,2,0.14285714285714285
CKGSSSCGKEGNRKFTF,2,0.14285714285714285
CQTGANNLFF,2,0.14285714285714285
