CDR3,count,relative.frequency
CASSDYEQYF,2,0.3333333333333333
CASSERNEQYF,2,0.3333333333333333
CASSLGRMNTEAFF,2,0.3333333333333333
