CDR3,count,relative.frequency
CAARFSHYFDSW,2,0.012269938650306749
CAFDMGGPADYW,2,0.012269938650306749
CAKDIW,13,0.07975460122699386
CAKDMKLQYVDHW,4,0.024539877300613498
CAKDQKQLRYFDW,2,0.012269938650306749
CAKEYYYYFDYW,2,0.012269938650306749
CAKLSSPMFDSW,5,0.03067484662576687
CAKNQKQLRYFDW,6,0.03680981595092025
CARAHFDSGFDYW,4,0.024539877300613498
CARALFGSGFDYW,5,0.03067484662576687
CARAPHINLFDQW,2,0.012269938650306749
CARDLVPADYFDYW,2,0.012269938650306749
CARDPGRRFDYW,20,0.12269938650306748
CARDPGYSSFDVW,2,0.012269938650306749
CARDPLHPGDYW,2,0.012269938650306749
CARFPRGDGMDVW,2,0.012269938650306749
CARGGWGMVLDYW,2,0.012269938650306749
CARGPLTGFDIW,9,0.05521472392638037
CARRPNRVGAPFDYW,2,0.012269938650306749
CASLPDYW,7,0.04294478527607362
CATGLRGFDYW,7,0.04294478527607362
CATGQAGDYW,4,0.024539877300613498
CATGVYWDYFDYW,6,0.03680981595092025
CATTGTTSYYFDYW,5,0.03067484662576687
CGDAEDFKYW,2,0.012269938650306749
CMDVW,2,0.012269938650306749
CSGGSCYAGYW,4,0.024539877300613498
CTERRFDLW,13,0.07975460122699386
CVRDSYGYYYFDFW,2,0.012269938650306749
CVREYNFDYW,7,0.04294478527607362
CVRGQQEFDPW,5,0.03067484662576687
CVRHGRDSYFDSW,2,0.012269938650306749
CVTDPGDYEDFW,2,0.012269938650306749
CYGMDVW,2,0.012269938650306749
CYLQGEGFDPW,3,0.018404907975460124
CYSDAFDMW,2,0.012269938650306749
