CDR3,count,relative.frequency
CASRDSGDEKLFF,2,0.14285714285714285
CASRSPGKTEAFF,3,0.21428571428571427
CASSSGQAYGYTF,6,0.42857142857142855
CSSFSSTDTLVF,3,0.21428571428571427
