CDR3,count,relative.frequency
CARQMIF,154,0.9333333333333333
CARVPIF,7,0.04242424242424243
CCSYGTNRKYIF,2,0.012121212121212121
CQQYGRSPPFIF,2,0.012121212121212121
