CDR3,count,relative.frequency
CAAWDDRLNGYVF,2,0.013157894736842105
CAAWDDSLLGVVF,2,0.013157894736842105
CAAWDDSLNGLWVF,3,0.019736842105263157
CASWDDSLNGRLF,2,0.013157894736842105
CATWDDSLNGPVF,12,0.07894736842105263
CGTWDASLSGGVF,3,0.019736842105263157
CGTWDGSLSALVF,2,0.013157894736842105
CGTWDNSLTAVF,2,0.013157894736842105
CGTWDSSLSAGVF,2,0.013157894736842105
CGTWDSSLSVGVF,7,0.046052631578947366
CGTWDSSLTAAVF,2,0.013157894736842105
CHSYDSSLSGYVF,2,0.013157894736842105
CLLSYSGARLWVF,2,0.013157894736842105
CMIWHNSAWVF,4,0.02631578947368421
CNSRDSSGKHLVF,2,0.013157894736842105
CQAWDSSLVVF,4,0.02631578947368421
CQAWDSSTYVF,5,0.03289473684210526
CQAWYSSTIVF,3,0.019736842105263157
CQSADSSATYTVF,9,0.05921052631578947
CQSYDDTNQVF,3,0.019736842105263157
CQSYDHSNVVF,2,0.013157894736842105
CQSYDRSLSGVVF,2,0.013157894736842105
CQSYDSSLREVVF,4,0.02631578947368421
CQTWDTGMVF,3,0.019736842105263157
CQTWGSDIRVF,2,0.013157894736842105
CQTWGTGIVVF,5,0.03289473684210526
CQTWGTGLVVF,2,0.013157894736842105
CQTWGTGLWVF,2,0.013157894736842105
CQVWDRSSDHYVF,2,0.013157894736842105
CQVWDSGSDHVVF,2,0.013157894736842105
CQVWDSSSDHVVF,3,0.019736842105263157
CQVWDSSSDHYVF,4,0.02631578947368421
CQVWDTSSDHRVF,5,0.03289473684210526
CSAWDDSLIGHVF,2,0.013157894736842105
CSLFTSSSTWVF,6,0.039473684210526314
CSLYTGSSTWVF,3,0.019736842105263157
CSLYTSSSTWVF,3,0.019736842105263157
CSSYAGRNNLVVF,2,0.013157894736842105
CSSYTTSNTLVF,5,0.03289473684210526
CSYAGSSTFVVF,2,0.013157894736842105
CVAWDDSLSGSYVF,3,0.019736842105263157
CVLYIGGGIWVF,2,0.013157894736842105
CVVYMGSGIWVF,2,0.013157894736842105
CYSAADNIWVF,2,0.013157894736842105
CYSAADNSWVF,4,0.02631578947368421
CYSIDSSGNHRVF,2,0.013157894736842105
CYSYAGSNIFVF,3,0.019736842105263157
