CDR3,count,relative.frequency
CAANSDHLNF,2,0.00027023375219564923
CAKDAF,2,0.00027023375219564923
CARDLGF,4,0.0005404675043912985
CARGGF,3,0.00040535062829347385
CDSASYPEGNF,3,0.00040535062829347385
CESASCPEGNF,3,0.00040535062829347385
CESASFPEGNF,2,0.00027023375219564923
CESASHPEGNF,4,0.0005404675043912985
CESASNPEGNF,2,0.00027023375219564923
CESASYHEGNF,2,0.00027023375219564923
CESASYPAGNF,3,0.00040535062829347385
CESASYPDGNF,11,0.0014862856370760709
CESASYPEENF,5,0.0006755843804891231
CESASYPEGNF,7041,0.9513579246047832
CESASYPERNF,3,0.00040535062829347385
CESASYPGGNF,11,0.0014862856370760709
CESASYPKGNF,4,0.0005404675043912985
CESASYPQGNF,3,0.00040535062829347385
CESASYSEGNF,2,0.00027023375219564923
CESASYTEGNF,2,0.00027023375219564923
CESDSYPEGNF,4,0.0005404675043912985
CETASYPEGNF,4,0.0005404675043912985
CGSASYPEGNF,6,0.0008107012565869477
CGSAVSFSGSSNF,2,0.00027023375219564923
CGSPEAF,2,0.00027023375219564923
CGSYAGSNNF,6,0.0008107012565869477
CHHGATF,3,0.00040535062829347385
CHQLITF,2,0.00027023375219564923
CHQYDRTPLTF,2,0.00027023375219564923
CIIPGPHTQF,2,0.00027023375219564923
CISFLFFSFF,5,0.0006755843804891231
CKSASYPEGNF,5,0.0006755843804891231
CMQGLQLPWTF,45,0.006080259424402107
CMQSLQSLYTF,4,0.0005404675043912985
CMQVVETPLTF,11,0.0014862856370760709
CNSYSGSNNF,3,0.00040535062829347385
CQHFGSPITF,6,0.0008107012565869477
CQHYYNAPLTF,2,0.00027023375219564923
CQKLDNFPFTF,2,0.00027023375219564923
CQQFSDYPSLTF,2,0.00027023375219564923
CQQTSTYPITF,13,0.0017565193892717201
CQQYATYCTF,3,0.00040535062829347385
CQQYKYYLWTF,2,0.00027023375219564923
CQQYNDFQLTF,2,0.00027023375219564923
CQQYNDWPLTF,11,0.0014862856370760709
CQQYYKQTWTF,3,0.00040535062829347385
CQSASYPEGNF,3,0.00040535062829347385
CQSSYSIPITF,4,0.0005404675043912985
CQVWDSGYVF,7,0.0009458181326847723
CQYFRSSITF,4,0.0005404675043912985
CSDVIVARCSF,2,0.00027023375219564923
CSPYAGSNNF,2,0.00027023375219564923
CSSLGHLF,3,0.00040535062829347385
CSSYAGRNNF,2,0.00027023375219564923
CSSYAGSNNF,66,0.008917713822456425
CSSYAGSSYVF,2,0.00027023375219564923
CSSYAGTNNF,4,0.0005404675043912985
CTAMLAPGF,3,0.00040535062829347385
CTILRVLSSNF,2,0.00027023375219564923
CVRDRGF,30,0.004053506282934738
CVYCGDNWSENF,3,0.00040535062829347385
