CDR3,count,relative.frequency
CAKDKGSRFYYDYW,3,0.023622047244094488
CAKDYNWFDPW,3,0.023622047244094488
CAKIGEESDYW,2,0.015748031496062992
CAKRGDSFDYW,7,0.05511811023622047
CALNWNSDYW,4,0.031496062992125984
CARANRVISAFDIW,3,0.023622047244094488
CARDLGGRSFDVW,2,0.015748031496062992
CARDRRWSLDYW,3,0.023622047244094488
CAREGPDDAFDIW,4,0.031496062992125984
CARERLGDWSGDYW,3,0.023622047244094488
CARFRTIDYW,2,0.015748031496062992
CARGGGSAHDYW,2,0.015748031496062992
CARGGPSWYFDYW,10,0.07874015748031496
CARGGVNHAFDIW,2,0.015748031496062992
CARGVWLDPW,2,0.015748031496062992
CARGWLRGSYFDYW,2,0.015748031496062992
CARIGPLSFDFW,4,0.031496062992125984
CARNRRLGDFDMW,3,0.023622047244094488
CARNWNSDYW,3,0.023622047244094488
CARWVSTFDIW,5,0.03937007874015748
CASIAARDYW,7,0.05511811023622047
CATDDFAIW,9,0.07086614173228346
CATTYFGSHRLDYW,2,0.015748031496062992
CSGGRCHSFDNW,26,0.2047244094488189
CTRGICYAFDSW,3,0.023622047244094488
CTRSRCSYYFDDW,4,0.031496062992125984
CVRDLGGRSFDVW,2,0.015748031496062992
CVRDSPQPNWFDPW,5,0.03937007874015748
