CDR3,count,relative.frequency
CAAWDDSLNEVF,3,0.015873015873015872
CGTWDSSLSAVVF,2,0.010582010582010581
CGTWDSSLSGGVF,2,0.010582010582010581
CLSADISGTYRVF,2,0.010582010582010581
CQAFDSSTALYVF,7,0.037037037037037035
CQAWDSSNAWVF,3,0.015873015873015872
CQAWDSSTALYVF,9,0.047619047619047616
CQAWDSSTGVF,3,0.015873015873015872
CQSYDNSLGGVVF,2,0.010582010582010581
CQSYDSGNDVVF,2,0.010582010582010581
CQSYDSRLSGYVF,113,0.5978835978835979
CQSYDSSNVVF,3,0.015873015873015872
CSAWDSNLSAWVF,2,0.010582010582010581
CSSYAGRNNLLF,2,0.010582010582010581
CSSYAGSNNVVF,11,0.0582010582010582
CSSYTSSSTFVF,2,0.010582010582010581
CSSYTSSSTVEF,2,0.010582010582010581
CSSYTSSSTVVF,9,0.047619047619047616
CSYAGSYTPYVF,3,0.015873015873015872
CSYAGSYTWIF,2,0.010582010582010581
CYSADSSGSHGVF,2,0.010582010582010581
CYSTDSSGDDWVF,3,0.015873015873015872
