CDR3,count,relative.frequency
CASGGSYIPTF,2,0.13333333333333333
CGCENSGGSNYKLTF,2,0.13333333333333333
CGMDSSYKLIF,3,0.2
CMYYCDNNNDMRF,2,0.13333333333333333
CQTGANNLFF,4,0.26666666666666666
CVVSAAKPMACFLGGGEKSYTF,2,0.13333333333333333
