CDR3,count,relative.frequency
CAHFDYW,16,0.036036036036036036
CAKDDELQGIDYW,2,0.0045045045045045045
CAKDLYYGDYW,33,0.07432432432432433
CAKGIASAGYYFDYW,4,0.009009009009009009
CAKGLPADYW,4,0.009009009009009009
CAKGTKGIDFEYW,2,0.0045045045045045045
CAKKVDWFDPW,2,0.0045045045045045045
CALDIW,5,0.01126126126126126
CARDFDDAFDIW,3,0.006756756756756757
CARDFDYLSFDLW,10,0.02252252252252252
CARDFGYLAYW,9,0.02027027027027027
CARDFGYLGYW,25,0.05630630630630631
CARDQKASSFDYW,5,0.01126126126126126
CARDRGAAYFYYW,3,0.006756756756756757
CARDSSWYTFDYW,2,0.0045045045045045045
CARFFGFDPW,18,0.04054054054054054
CARGPGHYFDYW,7,0.015765765765765764
CARLSWDAFDIW,2,0.0045045045045045045
CARQNMSEFDYW,3,0.006756756756756757
CARRQFWFFDYW,3,0.006756756756756757
CARRVGWFDPW,14,0.03153153153153153
CARSDFGDYFDFW,2,0.0045045045045045045
CARSPYRKWGFDYW,5,0.01126126126126126
CARSRHRGFDYW,3,0.006756756756756757
CARVSGAFDMW,6,0.013513513513513514
CARYGYSMSGVFDYW,2,0.0045045045045045045
CATRREGAFDVW,3,0.006756756756756757
CDYW,139,0.3130630630630631
CFAYW,3,0.006756756756756757
CFDYW,2,0.0045045045045045045
CRGESGTSFDYW,3,0.006756756756756757
CSDGVCDNWFDPW,7,0.015765765765765764
CSGAACYFDYW,11,0.024774774774774775
CSGAGCPYYFDYW,2,0.0045045045045045045
CSGASCYFDYW,5,0.01126126126126126
CSGGSCYSFDYW,5,0.01126126126126126
CSGGTCSDYW,7,0.015765765765765764
CSRDRGAAYFHYW,5,0.01126126126126126
CSSLTCYTIDYW,14,0.03153153153153153
CSSTPCYTFDYW,2,0.0045045045045045045
CSSTSCYNFDYW,5,0.01126126126126126
CTGGNCYYWFDPW,5,0.01126126126126126
CTRVAWMDYFDYW,17,0.038288288288288286
CTTETTMADFDHW,5,0.01126126126126126
CTTGWSGDYW,2,0.0045045045045045045
CTTRYSVSGVDYW,2,0.0045045045045045045
CVAGGWYIDYW,4,0.009009009009009009
CYAGTLDAFDIW,6,0.013513513513513514
