CDR3,count,relative.frequency
CAAWDDSLKKVF,2,0.0023584905660377358
CAAWDDSLNGPVF,3,0.003537735849056604
CAIWYSSTWVF,130,0.15330188679245282
CAMWYSSTWVF,2,0.0023584905660377358
CATWDDSLNGWVF,2,0.0023584905660377358
CGAWDSSLSAVVF,9,0.01061320754716981
CGTWDSSLSAVVF,2,0.0023584905660377358
CMIWHSSAWVF,38,0.04481132075471698
CNSRDSSGDHVVF,4,0.0047169811320754715
CQAWDSSGSAVF,2,0.0023584905660377358
CQAWDSSTAVF,4,0.0047169811320754715
CQAWDSSTVVF,29,0.03419811320754717
CQSADISGPLWVF,2,0.0023584905660377358
CQSADNSGPYPDWVF,2,0.0023584905660377358
CQSADSSGTSWVF,3,0.003537735849056604
CQSADTSGTSWVF,2,0.0023584905660377358
CQSYDNSLSGWVF,5,0.00589622641509434
CQSYDSMSWVF,4,0.0047169811320754715
CQSYDSSLRNWVF,3,0.003537735849056604
CQSYDSSLSGEVF,2,0.0023584905660377358
CQSYDSSLSGVVF,5,0.00589622641509434
CQSYDSSLSSWVF,2,0.0023584905660377358
CQTLGTGIRVF,3,0.003537735849056604
CQTWGAGIRVF,2,0.0023584905660377358
CQTWGPAIQVF,4,0.0047169811320754715
CQTWGTGIHVF,21,0.024764150943396228
CQTWGTGIRVF,492,0.5801886792452831
CQTWGTGIWVF,3,0.003537735849056604
CQVWDSSTVVF,3,0.003537735849056604
CQVWDTSTGVF,7,0.008254716981132075
CSAWDSSLSAWVF,3,0.003537735849056604
CSSYAGSNKYVF,34,0.04009433962264151
CSSYTSSRTLVF,2,0.0023584905660377358
CSSYTSSSTVVF,2,0.0023584905660377358
CVLYMGSGIYVF,6,0.007075471698113208
CYSIDSSGNHVF,5,0.00589622641509434
CYSTDNSGNHRVF,2,0.0023584905660377358
CYSTDSSGNHRGVF,2,0.0023584905660377358
