CDR3,count,relative.frequency
CAGDCYAFDIW,2,0.011834319526627219
CAKDRRGFDYW,3,0.01775147928994083
CAKWEVDYW,2,0.011834319526627219
CAKYSGSYSFDSW,2,0.011834319526627219
CARAEMAIITEFDYW,2,0.011834319526627219
CARARYAGYFFDYW,4,0.023668639053254437
CARDALWSFDTW,2,0.011834319526627219
CARDLGGSYLDSW,2,0.011834319526627219
CARDLGKAVAGDYW,2,0.011834319526627219
CARDRSSGYAYYW,2,0.011834319526627219
CAREDDAFDIW,2,0.011834319526627219
CAREGAAGTHFDYW,5,0.029585798816568046
CARERSGGSLFDYW,2,0.011834319526627219
CARFLWSGDFDYW,4,0.023668639053254437
CARGGRGRFDPW,7,0.04142011834319527
CARGPHHYFQFW,2,0.011834319526627219
CARGRVWFDPW,2,0.011834319526627219
CARHGTADYFDYW,7,0.04142011834319527
CARHGTGDYFDYW,4,0.023668639053254437
CARHGTGDYFEYW,15,0.08875739644970414
CARHLYRNWFDRW,2,0.011834319526627219
CARITIWGPPDYW,2,0.011834319526627219
CARLISAHDVFDMW,2,0.011834319526627219
CARLSFGELFIDYW,2,0.011834319526627219
CARLYGLIGFDVW,2,0.011834319526627219
CARNRGSGLFDSW,2,0.011834319526627219
CARQSQYFDLW,4,0.023668639053254437
CARSIYGDYLDYW,4,0.023668639053254437
CARSSPRGGTFDYW,6,0.03550295857988166
CARSYGGYGLDYW,2,0.011834319526627219
CARTRGVLSFEYW,2,0.011834319526627219
CARVSSFVGFDYW,3,0.01775147928994083
CARVVVTNLGFDPW,4,0.023668639053254437
CARWAGATQGFDYW,4,0.023668639053254437
CASIDYW,15,0.08875739644970414
CGGIDYW,8,0.047337278106508875
CKLSNWFDPW,9,0.05325443786982249
CKMSNWFDAW,4,0.023668639053254437
CSGGNCVDAFDIW,3,0.01775147928994083
CSSTSCYAVFDYW,7,0.04142011834319527
CSSTSCYGGWFDPW,2,0.011834319526627219
CTRDPGGYYFDYW,2,0.011834319526627219
CTREGAEGFDYW,5,0.029585798816568046
