CDR3,count,relative.frequency
CAACYPDYW,2,0.013986013986013986
CAHW,4,0.027972027972027972
CALDIW,2,0.013986013986013986
CARAERRNAFDIW,2,0.013986013986013986
CARDFGDSSFDYW,8,0.055944055944055944
CARDLATTALFDYW,17,0.11888111888111888
CARDLDYW,2,0.013986013986013986
CARDLLTTALFDYW,2,0.013986013986013986
CARDLMTTALFDYW,6,0.04195804195804196
CARDRGPNTLDYW,5,0.03496503496503497
CARDWESGLDYW,8,0.055944055944055944
CAREWGSSGPFDYW,2,0.013986013986013986
CARGLVTTALFDYW,2,0.013986013986013986
CARPEGAFHVW,13,0.09090909090909091
CARRGEYFDYW,4,0.027972027972027972
CARRMSRWYFDLW,4,0.027972027972027972
CARYSGYDSYFDYW,10,0.06993006993006994
CASERAGAFAVW,2,0.013986013986013986
CASTDYYFEYW,2,0.013986013986013986
CATDRNWFDPW,8,0.055944055944055944
CMDVW,2,0.013986013986013986
CSGDCYWTDYW,6,0.04195804195804196
CSGGSCYFDHW,4,0.027972027972027972
CSGGSCYFDYW,3,0.02097902097902098
CSGGSCYLDYW,2,0.013986013986013986
CSRETHYFDSW,3,0.02097902097902098
CSRSTCSDALDVW,4,0.027972027972027972
CTTAGDYW,2,0.013986013986013986
CTTTNCYGGFDYW,4,0.027972027972027972
CVRDVSAFDIW,2,0.013986013986013986
CYLYLYGMDVW,3,0.02097902097902098
CYTGVYYFDYW,3,0.02097902097902098
