CDR3,count,relative.frequency
CADTNCPDNWFDPW,14,0.12727272727272726
CAHGPPFDYW,5,0.045454545454545456
CAKTGNGFDIW,3,0.02727272727272727
CAKWTNDAFDIW,8,0.07272727272727272
CARCYNWNSWFDLW,2,0.01818181818181818
CARDGYTFGFQYW,2,0.01818181818181818
CARDSFSKGDYW,14,0.12727272727272726
CAREGYYYYMDVW,3,0.02727272727272727
CAREMVPGGFDIW,2,0.01818181818181818
CARGGLGQLLDYW,2,0.01818181818181818
CARGRLALFDSW,2,0.01818181818181818
CARGSSNAFDIW,2,0.01818181818181818
CARKGGGNFKFDNW,2,0.01818181818181818
CARSHRDRLDYW,2,0.01818181818181818
CARSKSSSDYFDYW,3,0.02727272727272727
CARVRESYNYFDFW,2,0.01818181818181818
CATSTSVTFDLW,2,0.01818181818181818
CFDYW,3,0.02727272727272727
CMDVW,2,0.01818181818181818
CSRYYFDYW,2,0.01818181818181818
CSSLSCPFDFW,4,0.03636363636363636
CSSTSCHRGWFDPW,7,0.06363636363636363
CSYMDVW,2,0.01818181818181818
CTRVGDYDAFDVW,2,0.01818181818181818
CTTNVGGHFDSW,2,0.01818181818181818
CVGSLDYW,2,0.01818181818181818
CVKNSGFDAFDFW,2,0.01818181818181818
CVRESYSYGFDYW,5,0.045454545454545456
CYIDGAFDSW,2,0.01818181818181818
CYSLNDYW,2,0.01818181818181818
CYSSVCAFEVW,3,0.02727272727272727
