CDR3,count,relative.frequency
CASGGSYIPTF,2,0.3333333333333333
CASTKGSGTYKYIF,2,0.3333333333333333
CAVPGGSYIPTF,2,0.3333333333333333
