CDR3,count,relative.frequency
CASSHREGEAFF,2,0.2857142857142857
CASSRTNNQPQHF,2,0.2857142857142857
CASTPDHSNQPQHF,3,0.42857142857142855
