CDR3,count,relative.frequency
CAISESSSQYF,2,0.1111111111111111
CAISESTVEQYF,2,0.1111111111111111
CASSKSSYNEQFF,5,0.2777777777777778
CASSLSWDTEAFF,2,0.1111111111111111
CRAGNANTGELFF,3,0.16666666666666666
CSARDWAREQYF,2,0.1111111111111111
CSVDEQYF,2,0.1111111111111111
