CDR3,count,relative.frequency
CARLIF,5,0.16666666666666666
CARQRGGIF,2,0.06666666666666667
CATGPTIF,2,0.06666666666666667
CQQYHSRPLIF,2,0.06666666666666667
CQQYYSIPLIF,8,0.26666666666666666
CSHYDSPLITF,2,0.06666666666666667
CSSDAGNNDLIF,4,0.13333333333333333
CTSYTKDIPVIF,3,0.1
CVQALQTPFIF,2,0.06666666666666667
