CDR3,count,relative.frequency
CAEDALDIW,3,0.08571428571428572
CAKTLVFDSFDIW,2,0.05714285714285714
CARDKGGFDSW,2,0.05714285714285714
CARDNRGRFDPW,2,0.05714285714285714
CAREAGFFDFW,2,0.05714285714285714
CARGTYNFNYW,7,0.2
CARMGGDWFDPW,2,0.05714285714285714
CARPIVTTVVDDYW,10,0.2857142857142857
CARRGGGIDAFDIW,3,0.08571428571428572
CTNGVCYPFDYW,2,0.05714285714285714
