CDR3,count,relative.frequency
CAAQADYW,3,0.06521739130434782
CAAQXDYW,2,0.043478260869565216
CAGGHGSNFDHW,2,0.043478260869565216
CAKVRVGTGFDYW,2,0.043478260869565216
CARAAGDYW,3,0.06521739130434782
CARGGRGNGFDIW,4,0.08695652173913043
CARGGWDHAFDIW,3,0.06521739130434782
CARMRDAFQIW,7,0.15217391304347827
CATMGSYDYW,3,0.06521739130434782
CATWSNDAFEMW,2,0.043478260869565216
CSSDDVFDIW,5,0.10869565217391304
CTKAQMVDYW,10,0.21739130434782608
