CDR3,count,relative.frequency
CASRTGDYGYTF,2,0.16666666666666666
CASSRNSNEQFF,2,0.16666666666666666
CASSSTGQYGYTF,6,0.5
CSVGENTEAFF,2,0.16666666666666666
