CDR3,count,relative.frequency
CACSLVQEADYW,22,0.19642857142857142
CAKDGYDVW,2,0.017857142857142856
CAKERGYDDAFNIW,4,0.03571428571428571
CAKESGWFPFDSW,2,0.017857142857142856
CAKGISIFDDW,2,0.017857142857142856
CAKGKWELLNVDYW,2,0.017857142857142856
CAKGVRFGYFDYW,2,0.017857142857142856
CAKHEERTHDYW,10,0.08928571428571429
CARAGDWNLDYW,2,0.017857142857142856
CARDGGVAFDIW,16,0.14285714285714285
CARDRGKVSYDYW,2,0.017857142857142856
CARDRRGVYDYW,10,0.08928571428571429
CARGDGYRRWFDPW,2,0.017857142857142856
CARGRAVDVW,2,0.017857142857142856
CARHRGMLIYFDTW,2,0.017857142857142856
CARWYGGIDYW,11,0.09821428571428571
CMSGNFGYW,2,0.017857142857142856
CSRGPFDLW,2,0.017857142857142856
CTRANQGGFDYW,5,0.044642857142857144
CTRAYQGGFDYW,4,0.03571428571428571
CTVVVAEYFQQW,2,0.017857142857142856
CVKKATSSLYFDAW,4,0.03571428571428571
