CDR3,count,relative.frequency
CAPGIF,2,0.06451612903225806
CARARDTIF,2,0.06451612903225806
CQAWDNRAVIF,2,0.06451612903225806
CQQYDGRFPYIF,3,0.0967741935483871
CQVWDSGRDVIF,20,0.6451612903225806
CSSYADSDKLLF,2,0.06451612903225806
