CDR3,count,relative.frequency
CGRAPPTIF,8,0.6153846153846154
CQQYNNWPLIF,5,0.38461538461538464
