CDR3,count,relative.frequency
CCSFGRHVIF,4,0.19047619047619047
CCSYTTFRTWIF,9,0.42857142857142855
CQQRDDRPLTF,3,0.14285714285714285
CQQYYNAPLIF,2,0.09523809523809523
CRLFHNGPWIF,3,0.14285714285714285
