CDR3,count,relative.frequency
CASRPEGNTEAFF,2,0.07142857142857142
CASSFFGAEQYF,4,0.14285714285714285
CASSSGGADTEAFF,2,0.07142857142857142
CASSSPTGTEAFF,2,0.07142857142857142
CASSYSGETQYF,3,0.10714285714285714
CQSYNSALDF,9,0.32142857142857145
CQSYNSALEF,2,0.07142857142857142
CSVDTGGTYEQYF,4,0.14285714285714285
