CDR3,count,relative.frequency
CAAWDDSLGGRVF,3,0.041666666666666664
CAAWDDSLNGVF,5,0.06944444444444445
CAAWDDSLNGWVF,2,0.027777777777777776
CAAWDDSLSGLVF,2,0.027777777777777776
CAAWDDSLSGRVF,2,0.027777777777777776
CETWDSNSRVF,2,0.027777777777777776
CFLSYSGARRGVF,2,0.027777777777777776
CLFYYGGARVF,2,0.027777777777777776
CMIWHSSAVVF,2,0.027777777777777776
CMLWHSSAWVF,2,0.027777777777777776
CNSRDSSGNLLVF,2,0.027777777777777776
CQAWDSSTAVF,2,0.027777777777777776
CQAWDSSTVVF,4,0.05555555555555555
CQAWDTSTLVVF,2,0.027777777777777776
CQSADSTGVYLVF,2,0.027777777777777776
CQSWVTGIQVF,2,0.027777777777777776
CQSYDSSLRCWVF,2,0.027777777777777776
CQTWGTAIVVF,2,0.027777777777777776
CQTWGTGIHVVF,2,0.027777777777777776
CQTWGTGTVVF,2,0.027777777777777776
CQVWDSGSLHVVF,2,0.027777777777777776
CQVWDSGTAVF,5,0.06944444444444445
CQVWDSSSDHVVF,2,0.027777777777777776
CQVWDSTSDHYVF,2,0.027777777777777776
CSSYAGINNPVVF,2,0.027777777777777776
CSSYAGSNNLLF,2,0.027777777777777776
CSSYEGSDNFVVF,2,0.027777777777777776
CSSYTGSNNFVLF,4,0.05555555555555555
CSSYTSSDTWVF,3,0.041666666666666664
CSSYTSSSAVVF,2,0.027777777777777776
