CDR3,count,relative.frequency
CAAHGSFDYW,8,0.007633587786259542
CAHRKWLVFDYW,2,0.0019083969465648854
CAKEGTLCFDSW,2,0.0019083969465648854
CAKGSAAAGWLDPW,2,0.0019083969465648854
CAKGSSSAGWFDPW,8,0.007633587786259542
CAKKGIAAGDTFDIW,2,0.0019083969465648854
CAKYGSSSGRDYW,11,0.01049618320610687
CAMDVW,3,0.0028625954198473282
CANFGSGKNDYW,2,0.0019083969465648854
CARAIGHNYHDYW,19,0.01812977099236641
CARAIGHNYNDYW,24,0.022900763358778626
CARAIGRNYADYW,2,0.0019083969465648854
CARAIGRNYDDYW,6,0.0057251908396946565
CARDDSGGFDIW,9,0.008587786259541985
CARDDSGGFDMW,35,0.033396946564885496
CARDGAWGPFDYW,10,0.009541984732824428
CARDGYNNYW,19,0.01812977099236641
CARDRGLDAFDVW,29,0.02767175572519084
CARDRYGGFDMW,2,0.0019083969465648854
CARDWSGAFDIW,8,0.007633587786259542
CARDYYDRAGAFDIW,12,0.011450381679389313
CARDYYDRAGAFDVW,2,0.0019083969465648854
CARFPAAADDYW,5,0.004770992366412214
CARGGFGELYGDYW,2,0.0019083969465648854
CARGGTFYAFDLW,2,0.0019083969465648854
CARGKDSAFDYW,6,0.0057251908396946565
CARGSTDFDHW,2,0.0019083969465648854
CARGVSARSAFDIW,2,0.0019083969465648854
CARIIAGWNYDFDW,2,0.0019083969465648854
CARKNWDYWYFDLW,3,0.0028625954198473282
CARKYDAFDIW,40,0.03816793893129771
CARLIYYYYMDVW,3,0.0028625954198473282
CARLRPRVFDIW,6,0.0057251908396946565
CARQDDYYDPFDYW,4,0.003816793893129771
CARSLVATIPDYW,34,0.03244274809160305
CARSLVVPIPDYW,2,0.0019083969465648854
CARSQVATIPDYW,14,0.013358778625954198
CARSYLDAFDIW,4,0.003816793893129771
CARTIDHNYNDYW,2,0.0019083969465648854
CARTIGHNYNDYW,66,0.06297709923664122
CASKYDAFDIW,59,0.05629770992366412
CASQQMSYYFDYW,5,0.004770992366412214
CATLVTPDAFDIW,6,0.0057251908396946565
CATNGAWVPFDYW,2,0.0019083969465648854
CCARKYDAFDIW,3,0.0028625954198473282
CGGDCVDYW,4,0.003816793893129771
CLGSYYVFDYW,2,0.0019083969465648854
CMDVW,2,0.0019083969465648854
CPRSEVVTIPDYW,2,0.0019083969465648854
CPVDYW,4,0.003816793893129771
CSRFPAAADDYW,106,0.10114503816793893
CTRFPAAADDYW,56,0.05343511450381679
CVKGITDPFDSW,2,0.0019083969465648854
CVKGITVPFDSW,122,0.11641221374045801
CVKGRGYADFDYW,5,0.004770992366412214
CVKGRGYGAFDYW,2,0.0019083969465648854
CVKGRGYGDFDDW,2,0.0019083969465648854
CVKGRGYGDFDYW,237,0.22614503816793893
CVRGRDYMDVW,2,0.0019083969465648854
CYCISCPVDYW,7,0.006679389312977099
CYSRLFYFDNW,2,0.0019083969465648854
