CDR3,count,relative.frequency
CAGDDATNAFDIW,3,0.014705882352941176
CAGVEYRYAFDFW,2,0.00980392156862745
CAKDDNSGPDYW,2,0.00980392156862745
CAKDLSWSVDYW,2,0.00980392156862745
CAKDRTWGAFDVW,2,0.00980392156862745
CAKGDVDYW,2,0.00980392156862745
CAKGFYGDLRFDYW,3,0.014705882352941176
CAKGILVAFDVW,5,0.024509803921568627
CAKGLGSDYW,6,0.029411764705882353
CAKGMASDYW,11,0.05392156862745098
CAKGMPADYW,2,0.00980392156862745
CAKGMPSDYW,37,0.18137254901960784
CANWHEGFDHW,2,0.00980392156862745
CAQMSGQLHFFDYW,3,0.014705882352941176
CARARSGADYW,6,0.029411764705882353
CARDQMQTVFDSW,3,0.014705882352941176
CARDQQQTVFDSW,2,0.00980392156862745
CARFDVW,3,0.014705882352941176
CARGFYAMDVW,4,0.0196078431372549
CARGHFDYW,2,0.00980392156862745
CARRNRGYRDYW,16,0.0784313725490196
CARSGSPRAFDIW,2,0.00980392156862745
CARTGPGGFDIW,3,0.014705882352941176
CARTTTVVTGFDYW,2,0.00980392156862745
CARVEYRYAFDFW,18,0.08823529411764706
CARVEYRYIFDIW,2,0.00980392156862745
CARYAQWSPFDYW,4,0.0196078431372549
CATGDGDVFDYW,3,0.014705882352941176
CATNWNFDYW,5,0.024509803921568627
CATTNGDYW,11,0.05392156862745098
CGIVLSRDYW,2,0.00980392156862745
CSSTSCYDFDYW,2,0.00980392156862745
CVRRGDPPDYW,3,0.014705882352941176
CYGPDYW,29,0.14215686274509803
