CDR3,count,relative.frequency
CASRPPSNTGERFF,2,0.04878048780487805
CASSALANYGYTF,3,0.07317073170731707
CASSENGNTIYF,2,0.04878048780487805
CASSFQETQYF,2,0.04878048780487805
CASSGQGDQPQHF,2,0.04878048780487805
CASSLAGGNTEAFF,2,0.04878048780487805
CASSLDSAYEQYF,2,0.04878048780487805
CASSSSLVGELFF,11,0.2682926829268293
CASSVRLVDETQYF,3,0.07317073170731707
CASSWTGSYEQYF,2,0.04878048780487805
CASSYQGGSGGYTF,2,0.04878048780487805
CASTLLGDTTEAFF,2,0.04878048780487805
CATSSGHTEAFF,2,0.04878048780487805
CCSSYTSGNTLVF,2,0.04878048780487805
CSYNEQFF,2,0.04878048780487805
