CDR3,count,relative.frequency
CAAWDDRLNGLVF,3,0.02830188679245283
CAAWDDSLNGLVF,5,0.04716981132075472
CATWDDSLNGPVF,2,0.018867924528301886
CGTWDSSLSAVVF,6,0.05660377358490566
CGTWDSSLSVVF,4,0.03773584905660377
CLLSF,2,0.018867924528301886
CLVSYSGAWVF,2,0.018867924528301886
CMIWPSNSPVVF,3,0.02830188679245283
CNSRDSSGNHVVF,3,0.02830188679245283
CQAWDSSTAVF,7,0.0660377358490566
CQAWDSSTVVF,5,0.04716981132075472
CQAWDSSTYVVF,2,0.018867924528301886
CQSADSSGTYVVF,2,0.018867924528301886
CQSPDSSGTLVVF,2,0.018867924528301886
CQSYDSTLSGVF,4,0.03773584905660377
CQTWDTGIQVF,2,0.018867924528301886
CQTWGSGIVVF,2,0.018867924528301886
CQTWGTGIHVF,12,0.11320754716981132
CQVWDRSSDHPVF,2,0.018867924528301886
CQVWDSSTNQVVF,9,0.08490566037735849
CSSYAGNDNFVVF,10,0.09433962264150944
CSSYAGNNNLVF,2,0.018867924528301886
CSSYAGSNNLF,2,0.018867924528301886
CSSYAGSNTLVF,2,0.018867924528301886
CSSYTSSSTSLVF,3,0.02830188679245283
CSSYTTSSTLIF,4,0.03773584905660377
CSSYTTSSTVLF,4,0.03773584905660377
