CDR3,count,relative.frequency
CAAWDASLSGRFF,2,0.011695906432748537
CAAWDDSLLGPVF,3,0.017543859649122806
CAAWDDSLNGRVVF,2,0.011695906432748537
CAAWDDSLNGVVF,4,0.023391812865497075
CAAWDDSLNGWVF,4,0.023391812865497075
CAAWDDSLNRWVF,2,0.011695906432748537
CAAWDDSLRGPVF,3,0.017543859649122806
CAAWDDSLSGVVF,2,0.011695906432748537
CAAWDDVLNGVVF,4,0.023391812865497075
CCSYAGSYTVVF,2,0.011695906432748537
CGTWDGSLSAVF,2,0.011695906432748537
CGTWDSSLSAVVF,3,0.017543859649122806
CHSRDSSGNHRVF,2,0.011695906432748537
CLLFYSGVRVF,6,0.03508771929824561
CLLLYSGARPVF,2,0.011695906432748537
CLLSHSGARPVF,2,0.011695906432748537
CLLSYNGPRVF,2,0.011695906432748537
CLLSYSGARVF,3,0.017543859649122806
CLLSYSGAYVVF,2,0.011695906432748537
CMIWHSSAWVF,8,0.04678362573099415
CNSRDSSDNYYVF,2,0.011695906432748537
CNSRDSSGNHYVF,8,0.04678362573099415
CNSWDSSGNHVLF,2,0.011695906432748537
CQAWDSITTKAVF,2,0.011695906432748537
CQAWDSNTVIF,2,0.011695906432748537
CQAWDSSTALF,2,0.011695906432748537
CQAWDSSTAVVF,2,0.011695906432748537
CQAWDSSTVLF,5,0.029239766081871343
CQAWDSSTVVF,13,0.07602339181286549
CQSADRTGTVF,3,0.017543859649122806
CQSADTSGIWVF,2,0.011695906432748537
CQSKDSSGTSEVF,3,0.017543859649122806
CQSPDSSGDYYVF,2,0.011695906432748537
CQSYDGSNWVF,2,0.011695906432748537
CQSYDSSLRGAIF,5,0.029239766081871343
CQTWDTGIHWLF,2,0.011695906432748537
CQTWGTDIHLF,2,0.011695906432748537
CQTWGTGIQVF,3,0.017543859649122806
CQVWDSGTVVF,2,0.011695906432748537
CQVWDSSSNHVVF,4,0.023391812865497075
CSAWDSGLGAWVF,2,0.011695906432748537
CSSQTSSSTLVF,2,0.011695906432748537
CSSYAGDNNLVF,2,0.011695906432748537
CSSYAGNNNYVF,3,0.017543859649122806
CSSYTSRSTLVF,2,0.011695906432748537
CSSYTSRSTYVF,2,0.011695906432748537
CSSYTSVNTLVVF,2,0.011695906432748537
CSSYTTSSILVF,2,0.011695906432748537
CSSYTTSSTWVF,6,0.03508771929824561
CVLYMGSGISVF,2,0.011695906432748537
CVLYMGSGIWVF,5,0.029239766081871343
CVTWDRSLSAVVF,2,0.011695906432748537
CYSADSSGDYYVF,4,0.023391812865497075
CYSEADNGLVF,3,0.017543859649122806
CYSTDSSGDHWVF,2,0.011695906432748537
CYSTDSSGNHGVF,2,0.011695906432748537
