CDR3,count,relative.frequency
CAAERFDSW,4,0.006920415224913495
CAGDCPNWFDLW,2,0.0034602076124567475
CAKGRDYDYW,8,0.01384083044982699
CAKRELWAFDYW,12,0.020761245674740483
CAMDVW,11,0.01903114186851211
CAMKSTEFDPW,2,0.0034602076124567475
CARADIEGPFDYW,178,0.3079584775086505
CARAGAWEDSGFDYW,3,0.005190311418685121
CARDDAMDVW,20,0.03460207612456748
CARDDNNGFDYW,2,0.0034602076124567475
CARDIW,5,0.00865051903114187
CARDMGFHAFDIW,7,0.012110726643598616
CARDPNGSFDYW,4,0.006920415224913495
CARDRVRADYW,9,0.015570934256055362
CARDTAPTKNFDYW,4,0.006920415224913495
CAREGGPFDYW,2,0.0034602076124567475
CARETTPFDYW,37,0.06401384083044982
CAREVSHAFDVW,2,0.0034602076124567475
CARGDGNDGMDVW,2,0.0034602076124567475
CARGDRSDAFDIW,10,0.01730103806228374
CARGQYKRDYW,18,0.031141868512110725
CARGRGTMMFDPW,3,0.005190311418685121
CARGTMYHPPDYW,3,0.005190311418685121
CARHTWFDSW,30,0.05190311418685121
CARKSGFDFW,7,0.012110726643598616
CARLGLTSDYPDYW,2,0.0034602076124567475
CARLRAFDVW,2,0.0034602076124567475
CARPKYGDYYFDYW,2,0.0034602076124567475
CARQESGFWFDPW,112,0.19377162629757785
CARQVEGFDYW,3,0.005190311418685121
CARSLDGMDVW,4,0.006920415224913495
CARSRYNWNYLDYW,3,0.005190311418685121
CATETWYHFDYW,2,0.0034602076124567475
CATGGHYFGLW,2,0.0034602076124567475
CAVGPLDYW,2,0.0034602076124567475
CDSW,3,0.005190311418685121
CMDVW,2,0.0034602076124567475
CQTHFDYW,2,0.0034602076124567475
CRPTDFDYW,4,0.006920415224913495
CSDTDCYSWFDPW,3,0.005190311418685121
CSGGSCIDGFDPW,4,0.006920415224913495
CSNWFDPW,6,0.010380622837370242
CSRQTDSCHDYW,2,0.0034602076124567475
CSSVGRFWFDPW,4,0.006920415224913495
CTNLNCRDYW,2,0.0034602076124567475
CTRAAHTWNYNDYW,7,0.012110726643598616
CTSRGNFDYW,14,0.02422145328719723
CTTYASGYFGHW,2,0.0034602076124567475
CVKSSAGYFQTW,2,0.0034602076124567475
CVTGGHYFGLW,2,0.0034602076124567475
