CDR3,count,relative.frequency
CAHFTGENDYW,2,0.021505376344086023
CAHRGSSSYFDYW,3,0.03225806451612903
CAKGGGGHWDYW,5,0.053763440860215055
CARARPGGDYW,3,0.03225806451612903
CARDFSATFDYW,2,0.021505376344086023
CARDPVAGNYFDYW,3,0.03225806451612903
CARGGRNYAFDIW,5,0.053763440860215055
CARKNWGGFDAW,2,0.021505376344086023
CARSRFDIW,2,0.021505376344086023
CARTPAATGDYW,2,0.021505376344086023
CARVPQLGRGDYW,2,0.021505376344086023
CARVSGGSLFDYW,3,0.03225806451612903
CATDRGGWSFDYW,2,0.021505376344086023
CATGSGYHFDYW,6,0.06451612903225806
CATHIADVDYYDHW,2,0.021505376344086023
CATTTCSSWFDPW,2,0.021505376344086023
CATYQGYW,10,0.10752688172043011
CSILGFPFEYW,2,0.021505376344086023
CSQGFDYW,2,0.021505376344086023
CSSISCSSFDCW,2,0.021505376344086023
CSSTSCYLDYW,4,0.043010752688172046
CSSVSCSSFDCW,2,0.021505376344086023
CTGGSCGPFDDW,2,0.021505376344086023
CTRGSRSFDYW,5,0.053763440860215055
CTTSTCYNWFGPW,2,0.021505376344086023
CTWSGYNWFISW,4,0.043010752688172046
CVPHIEGYRGYW,2,0.021505376344086023
CVRGGRWLQDFDYW,10,0.10752688172043011
