CDR3,count,relative.frequency
CAAGIGWLIDYW,4,0.008547008547008548
CAGDCYFDEW,3,0.00641025641025641
CAHSPLVYYFDYW,94,0.20085470085470086
CAHTPLVYYFDYW,63,0.1346153846153846
CAKDLYGDYGFDYW,2,0.004273504273504274
CAKEDFDSW,3,0.00641025641025641
CAQTPLVYYFDYW,2,0.004273504273504274
CARDLDYW,18,0.038461538461538464
CARDVYHNAFDVW,12,0.02564102564102564
CARDYDYAPDYW,2,0.004273504273504274
CARELQGGSDYW,6,0.01282051282051282
CARENYFDYW,8,0.017094017094017096
CARGDSSGFDYW,2,0.004273504273504274
CARGGMFDYW,12,0.02564102564102564
CARGGPSRAFDIW,3,0.00641025641025641
CARGGPSSKWFDPW,12,0.02564102564102564
CARKPDGGLGDYW,47,0.10042735042735043
CARVGAGYAFDIW,3,0.00641025641025641
CARVLLGAFDVW,14,0.029914529914529916
CASGRFDYW,10,0.021367521367521368
CASWNHVDYW,5,0.010683760683760684
CDYW,3,0.00641025641025641
CSGASCHGAFDIW,2,0.004273504273504274
CSGGSCYSFDYW,115,0.24572649572649571
CSTAGTGIFDYW,9,0.019230769230769232
CTRGFGSWGALDIW,2,0.004273504273504274
CTRGQRDFDYW,4,0.008547008547008548
CVRDYDYAPDYW,3,0.00641025641025641
CVREESGGHFDYW,2,0.004273504273504274
CVTDYGDSW,3,0.00641025641025641
