CDR3,count,relative.frequency
CAANSDHLNF,3,0.0008038585209003215
CAASGFVFSNF,2,0.0005359056806002144
CAAWDDSLNGFF,2,0.0005359056806002144
CANSGTYKYIF,4,0.0010718113612004287
CARDRGGF,2,0.0005359056806002144
CASFADNNNVLF,2,0.0005359056806002144
CAVFQGAQKLVF,2,0.0005359056806002144
CCSYAGTSYVF,5,0.0013397642015005359
CCVVTVTSSNF,2,0.0005359056806002144
CEALNSEHPF,2,0.0005359056806002144
CESASYAEGNF,2,0.0005359056806002144
CESASYPEGNF,2801,0.7505359056806002
CESASYPEGTF,3,0.0008038585209003215
CESASYPKGNF,2,0.0005359056806002144
CESASYPVGNF,2,0.0005359056806002144
CFSLDTSGTRGVF,9,0.002411575562700965
CGAEAGGVPGGF,2,0.0005359056806002144
CGSFGGWAGF,2,0.0005359056806002144
CGSPEAF,12,0.003215434083601286
CHQYVRTPYTF,2,0.0005359056806002144
CHQYYDSPPTF,2,0.0005359056806002144
CKESVCCACF,3,0.0008038585209003215
CKSASYPEGNF,4,0.0010718113612004287
CLLLAQQNF,4,0.0010718113612004287
CLQATHLPLTF,2,0.0005359056806002144
CLSSVVTVTSSNF,6,0.001607717041800643
CPILNSNPSQPSGGF,2,0.0005359056806002144
CQFYWNNLWTF,18,0.00482315112540193
CQHYVTPPCTF,3,0.0008038585209003215
CQKYNTVLGFTF,2,0.0005359056806002144
CQQGFRMPWTF,3,0.0008038585209003215
CQQGFSSWTF,354,0.09485530546623794
CQQHDASPPTF,2,0.0005359056806002144
CQQHTDWPYTF,3,0.0008038585209003215
CQQLNTF,2,0.0005359056806002144
CQQSFISWTF,12,0.003215434083601286
CQQSFITWTF,330,0.08842443729903537
CQQSFSTWTF,2,0.0005359056806002144
CQQSTDWPYTF,4,0.0010718113612004287
CQQYDQWPQTF,4,0.0010718113612004287
CQQYHTTPTF,2,0.0005359056806002144
CQQYIDWPYTF,5,0.0013397642015005359
CQQYKDYPLTF,9,0.002411575562700965
CQQYPDWPYTF,3,0.0008038585209003215
CQQYTAWPYTF,3,0.0008038585209003215
CQQYTDCPYTF,2,0.0005359056806002144
CQQYTDRPYTF,6,0.001607717041800643
CQQYTDWPFTF,5,0.0013397642015005359
CQQYTDWPHTF,2,0.0005359056806002144
CQQYTDWPYNF,2,0.0005359056806002144
CQQYTGWPYTF,2,0.0005359056806002144
CQQYTVWPYTF,2,0.0005359056806002144
CQRYNSPLGFTF,2,0.0005359056806002144
CQRYTDWPYTF,2,0.0005359056806002144
CQSAHTSGSYRVF,4,0.0010718113612004287
CSSYAGSKRVF,45,0.012057877813504822
CSSYTNSNTHVF,2,0.0005359056806002144
CTGLFSAQPPPLGF,2,0.0005359056806002144
CVVSVRTESTF,5,0.0013397642015005359
CWSDLLRWIQF,2,0.0005359056806002144
