CDR3,count,relative.frequency
CAAWDDSLNGRVF,2,0.013333333333333334
CAAWDDSLNGVVF,6,0.04
CAAWDDSLNGWVF,4,0.02666666666666667
CAAWDDSLVGSVF,2,0.013333333333333334
CAAWDDTLNGVVF,2,0.013333333333333334
CATWDDSLNGWAF,2,0.013333333333333334
CCSYAGSNNFVF,2,0.013333333333333334
CETWDSYSEVF,2,0.013333333333333334
CETWDSYTEVF,2,0.013333333333333334
CETWDSYVEVF,2,0.013333333333333334
CGTWDNSLSAWVF,3,0.02
CGTWDSSVSALVF,2,0.013333333333333334
CLAWDSNTAAF,2,0.013333333333333334
CLLSYGGVRVF,2,0.013333333333333334
CNSRDSSGNHGIF,2,0.013333333333333334
CQAWDRGTAVF,2,0.013333333333333334
CQAWDSSTGVF,13,0.08666666666666667
CQAWDSSTVVF,4,0.02666666666666667
CQAWESSTAVF,3,0.02
CQLWDSSTVIF,2,0.013333333333333334
CQMWDPSTAHRVF,2,0.013333333333333334
CQSADNSGTYHVVF,2,0.013333333333333334
CQSADSSGASVLF,2,0.013333333333333334
CQSADSSGTSRVF,2,0.013333333333333334
CQSYDSDNRWVF,4,0.02666666666666667
CQSYDSSLRVVF,6,0.04
CQSYDSSLSGSIF,2,0.013333333333333334
CQSYDSSLSIVVF,2,0.013333333333333334
CQTWATGIEVF,2,0.013333333333333334
CQTWDTGSWVF,3,0.02
CQTWDTSIVRVF,2,0.013333333333333334
CQTWGPGIRVF,2,0.013333333333333334
CQVWDKSSDHLVF,2,0.013333333333333334
CQVWDNSTGVF,2,0.013333333333333334
CQVWDSPSDHVVF,2,0.013333333333333334
CQVWDSSSDHWVF,3,0.02
CQVWDSSTSHVVF,3,0.02
CQVWDSSTSSVF,2,0.013333333333333334
CRTWGTGIGVF,2,0.013333333333333334
CSAWDSSLNAWVF,2,0.013333333333333334
CSAWDSSLSAWVF,2,0.013333333333333334
CSAWDSSLSSWVF,2,0.013333333333333334
CSSYTISNTLVF,2,0.013333333333333334
CSSYTSASTLVF,6,0.04
CSSYTSSNTLVF,3,0.02
CSSYTSSSTLVF,6,0.04
CSSYTSSSTQVF,2,0.013333333333333334
CSSYTSSSTRIF,2,0.013333333333333334
CSSYTSSSTWVF,6,0.04
CSSYTSYSTLVF,5,0.03333333333333333
CVLYMGTGISVF,2,0.013333333333333334
CYSADSSGYQGVF,2,0.013333333333333334
