CDR3,count,relative.frequency
CASRGTENTEAFF,2,0.2222222222222222
CASSHSRSYGYTF,3,0.3333333333333333
CASSWGLGNTIYF,2,0.2222222222222222
CSVEGDILEAFF,2,0.2222222222222222
