CDR3,count,relative.frequency
CAGESVSNF,2,0.004750593824228029
CARAGSNF,2,0.004750593824228029
CAREYKLSARF,2,0.004750593824228029
CARGAGTF,3,0.007125890736342043
CATF,4,0.009501187648456057
CCSFAGSPYVF,3,0.007125890736342043
CESASYPEGNF,244,0.5795724465558195
CGLYWGSGIWLF,2,0.004750593824228029
CGSPEAF,34,0.08076009501187649
CHQLKTYPYTF,2,0.004750593824228029
CHQRGNWRGTF,2,0.004750593824228029
CHQSYSFPRTF,4,0.009501187648456057
CISFLFFSFF,2,0.004750593824228029
CISYTNIRTYVF,2,0.004750593824228029
CLLLCERGGTF,4,0.009501187648456057
CLLLCETGGSGF,2,0.004750593824228029
CMQALDPMITF,2,0.004750593824228029
CMQARQIWTF,2,0.004750593824228029
CMQATHLAYTF,4,0.009501187648456057
CMQAVQSLYTF,2,0.004750593824228029
CMQGLESPRTF,2,0.004750593824228029
CMQGLQSFTF,4,0.009501187648456057
CMQGQGYTF,4,0.009501187648456057
CQETYSVPHTF,2,0.004750593824228029
CQHRDNWLWTF,2,0.004750593824228029
CQHYINYPYTF,2,0.004750593824228029
CQQCADWPSTF,3,0.007125890736342043
CQQCANWPSTF,2,0.004750593824228029
CQQFHGFPFTF,2,0.004750593824228029
CQQSGSSLVTF,2,0.004750593824228029
CQQSYDNWTF,2,0.004750593824228029
CQQSYGMPRTF,2,0.004750593824228029
CQQTFITPPDTF,2,0.004750593824228029
CQQTFSIPYTF,2,0.004750593824228029
CQQYDNF,2,0.004750593824228029
CQQYDNLYTF,2,0.004750593824228029
CQQYGTFMYTF,2,0.004750593824228029
CQQYLTAPLTF,2,0.004750593824228029
CQQYSTYSTF,30,0.07125890736342043
CQSYGSGYWVF,4,0.009501187648456057
CQTWASGTQVF,3,0.007125890736342043
CRQYGGAPRTF,3,0.007125890736342043
CSFSGFSLSTF,4,0.009501187648456057
CSSDAYNTACGF,3,0.007125890736342043
CSSHAGTHTF,2,0.004750593824228029
CSSYSSSGTRLF,2,0.004750593824228029
CTAMLAPGF,2,0.004750593824228029
CVQATHWPYTF,3,0.007125890736342043
