CDR3,count,relative.frequency
CAKDRNGDYFDHW,26,0.09558823529411764
CAPQESVGAFDIW,4,0.014705882352941176
CARATNDGSNDYW,5,0.01838235294117647
CARATTGDFDYW,18,0.0661764705882353
CARDGFRGFDSW,8,0.029411764705882353
CARDSAANLAFDIW,11,0.04044117647058824
CARDYDFGDGFDVW,15,0.05514705882352941
CAREAFDAFDIW,3,0.011029411764705883
CAREDWSGYLDYW,3,0.011029411764705883
CAREGLLRSFDYW,2,0.007352941176470588
CAREHGVAGPFDYW,3,0.011029411764705883
CARESYGDFDSW,18,0.0661764705882353
CARGNWDFDYW,4,0.014705882352941176
CARGSKGSWFDPW,17,0.0625
CARGSYSFDSW,4,0.014705882352941176
CARGTFAYW,3,0.011029411764705883
CARHMSSSPFDYW,4,0.014705882352941176
CARKVSDAFDIW,3,0.011029411764705883
CARLPLWLNLDYW,7,0.025735294117647058
CARQTTASAFDIW,20,0.07352941176470588
CARRGWGLNWFDPW,2,0.007352941176470588
CARSLGFLGWFDPW,3,0.011029411764705883
CARSPRTVYAFDIW,6,0.022058823529411766
CARTDYAHWYFDLW,2,0.007352941176470588
CARVRRPFWFDPW,14,0.051470588235294115
CARYTGIGEDYW,27,0.09926470588235294
CATATVTYDYW,2,0.007352941176470588
CATTGYNAFDIW,9,0.03308823529411765
CHYYMDVW,2,0.007352941176470588
CKTELLPYFQDW,2,0.007352941176470588
CMDVW,3,0.011029411764705883
CRRRAFDYW,3,0.011029411764705883
CSGGSCPEPFDYW,2,0.007352941176470588
CTTAPLDPRDIW,2,0.007352941176470588
CTTAYTNSWWFDYW,5,0.01838235294117647
CTTEYNSSPDYW,2,0.007352941176470588
CTTGGSDYW,6,0.022058823529411766
CVWGSQFDYW,2,0.007352941176470588
