CDR3,count,relative.frequency
CANYGYTF,4,0.4444444444444444
CSNQPQHF,2,0.2222222222222222
CSYNSPLHF,3,0.3333333333333333
