CDR3,count,relative.frequency
CAKDKMIF,4,0.07017543859649122
CARDRRPIF,45,0.7894736842105263
CGSYAGNNKLIF,4,0.07017543859649122
CQHYHGLPFIF,2,0.03508771929824561
CSSFAGSTPVIF,2,0.03508771929824561
