CDR3,count,relative.frequency
CARHRIF,3,0.014634146341463415
CARIAIF,34,0.16585365853658537
CARRASIF,2,0.00975609756097561
CARVSRVTIF,26,0.12682926829268293
CARYTIF,3,0.014634146341463415
CCAYAASRALIF,2,0.00975609756097561
CCSYAGSRTFIF,2,0.00975609756097561
CCSYAGSSPLIF,2,0.00975609756097561
CCSYVRSTIF,40,0.1951219512195122
CHQYNIYRTLIF,5,0.024390243902439025
CLQTHSLPLIF,6,0.02926829268292683
CQAWDNRTVIF,4,0.01951219512195122
CQAWDSRSVIF,11,0.05365853658536585
CQLWDTRPLF,2,0.00975609756097561
CQQLDTFPFIF,24,0.11707317073170732
CQQRRHWPFIF,2,0.00975609756097561
CSSFTYNSTLIF,6,0.02926829268292683
CSSYIGKNNLIF,11,0.05365853658536585
CSSYTGSNLIF,20,0.0975609756097561
