CDR3,count,relative.frequency
CASSESHEQYF,2,0.16666666666666666
CASSPGTDTQYF,2,0.16666666666666666
CATSRDLTEKAFF,2,0.16666666666666666
CATTGAATGELFF,6,0.5
