CDR3,count,relative.frequency
CASSLGGRTQAFF,2,0.2857142857142857
CATTRGSQETQYF,2,0.2857142857142857
CSAAQETQYF,3,0.42857142857142855
