CDR3,count,relative.frequency
CAARVAFSEALVF,7,0.003134796238244514
CARELGYSF,6,0.0026869682042095834
CARLANF,2,0.0008956560680698612
CDSASYPEGNF,2,0.0008956560680698612
CEALNSEHPF,5,0.0022391401701746527
CESAIYPEGNF,2,0.0008956560680698612
CESASCPEGNF,2,0.0008956560680698612
CESASDPEGNF,3,0.0013434841021047917
CESASSPEGNF,2,0.0008956560680698612
CESASYHEGNF,2,0.0008956560680698612
CESASYPAGNF,3,0.0013434841021047917
CESASYPDGNF,2,0.0008956560680698612
CESASYPEANF,2,0.0008956560680698612
CESASYPEGNF,2082,0.9323779668607255
CESASYPERNF,3,0.0013434841021047917
CESASYPEVNF,2,0.0008956560680698612
CESASYPGGNF,12,0.005373936408419167
CESASYREGNF,2,0.0008956560680698612
CESASYSEGNF,2,0.0008956560680698612
CGSASYPEGNF,4,0.0017913121361397223
CGSPEAF,5,0.0022391401701746527
CKSASYPEGNF,2,0.0008956560680698612
CLLKSSRQAF,2,0.0008956560680698612
CMQALRMGTF,2,0.0008956560680698612
CQQLTSTWTF,2,0.0008956560680698612
CQQRPSTWTF,3,0.0013434841021047917
CQQRTSTWTF,54,0.02418271383788625
CQSASYPEGNF,4,0.0017913121361397223
CQSYDSSLRGF,2,0.0008956560680698612
CVSASYPEGNF,2,0.0008956560680698612
CVVMATDSWGKLQF,2,0.0008956560680698612
CVVQLVESGGGF,6,0.0026869682042095834
