CDR3,count,relative.frequency
CASHTRSRTVIF,2,0.09523809523809523
CATHPDRITIF,2,0.09523809523809523
CATSRIMIF,9,0.42857142857142855
CMQRLEVPLIF,2,0.09523809523809523
CQHYRSYIF,2,0.09523809523809523
CQQYNSYPLIF,4,0.19047619047619047
