CDR3,count,relative.frequency
CARAHILIF,19,0.5757575757575758
CARARIMIF,3,0.09090909090909091
CARGDIF,4,0.12121212121212122
CCSYGSSTTLIF,2,0.06060606060606061
CEILARSLWF,3,0.09090909090909091
CQAWDNITLIF,2,0.06060606060606061
