CDR3,count,relative.frequency
CARPTIF,26,0.7027027027027027
CATWENRRGIF,4,0.10810810810810811
CMEGTYRPYSF,2,0.05405405405405406
CQQRSNWPPIF,2,0.05405405405405406
CSSYRDRTVIF,3,0.08108108108108109
