CDR3,count,relative.frequency
CAANSDHLNF,2,0.001713796058269066
CAAQLLAKTDGF,2,0.001713796058269066
CAATVDFQARF,2,0.001713796058269066
CAEPVPSQTWF,3,0.002570694087403599
CALLGMDGF,3,0.002570694087403599
CARAMITF,16,0.013710368466152529
CESASYPDGNF,2,0.001713796058269066
CESASYPEGNF,1064,0.9117395029991431
CESASYPERNF,2,0.001713796058269066
CGSFGYGRGF,2,0.001713796058269066
CGSFGYGRVF,4,0.003427592116538132
CGSLGGGGGF,2,0.001713796058269066
CHQRFGFTF,2,0.001713796058269066
CISFLFFSFF,2,0.001713796058269066
CLLFGTQLVFF,2,0.001713796058269066
CLQYNSDLWTF,2,0.001713796058269066
CQAWDRSPVF,2,0.001713796058269066
CQEYTGHSHTF,28,0.023993144815766924
CQHYYNSPPTF,3,0.002570694087403599
CQNYASVPLTF,2,0.001713796058269066
CQQCSTTPPTF,2,0.001713796058269066
CQQRKHWLTF,2,0.001713796058269066
CQQRSTF,2,0.001713796058269066
CQQSYSTPWTF,3,0.002570694087403599
CQQYFHLPYTF,3,0.002570694087403599
CQQYFTNPITF,2,0.001713796058269066
CQQYGTF,2,0.001713796058269066
CSSLPDSGPGLGF,2,0.001713796058269066
CYFCIFDRCYITF,2,0.001713796058269066
