CDR3,count,relative.frequency
CAHMFGFGETFDYW,2,0.0053475935828877
CAHYYYYGMDVW,2,0.0053475935828877
CAILGFDPW,4,0.0106951871657754
CAKDEYGDYW,35,0.09358288770053476
CANANGDYW,9,0.02406417112299465
CARCKLWSVPDYW,2,0.0053475935828877
CARDNLGFDIW,18,0.0481283422459893
CARDRNYPDYW,14,0.0374331550802139
CARDRQGTDYW,3,0.008021390374331552
CAREAYSNSDYW,2,0.0053475935828877
CARGATVTRFDYW,4,0.0106951871657754
CARGERGWFDPW,2,0.0053475935828877
CARGGGLVDYW,4,0.0106951871657754
CARGNWDLRSLDYW,2,0.0053475935828877
CARGNWGSDYW,19,0.05080213903743316
CARHGFGDDFDAW,6,0.016042780748663103
CARHYGSNSDYW,4,0.0106951871657754
CARNRRGDYW,6,0.016042780748663103
CARPMGNFRVDYW,2,0.0053475935828877
CARQDGDYGLDYW,2,0.0053475935828877
CARRASSGYIDYW,5,0.013368983957219251
CARSRDYW,11,0.029411764705882353
CARSSSGYFDSW,3,0.008021390374331552
CARSTVWNYFDYW,7,0.01871657754010695
CARTGTSYSFDHW,2,0.0053475935828877
CARVDRGWLDYW,11,0.029411764705882353
CARVTGPSYYFDYW,2,0.0053475935828877
CATDSTDVW,17,0.045454545454545456
CATSGRTGSFYYW,4,0.0106951871657754
CDSW,2,0.0053475935828877
CFDFW,3,0.008021390374331552
CGGDCGAFDIW,4,0.0106951871657754
CSASYCSFDYW,2,0.0053475935828877
CSATSCSLDYW,8,0.0213903743315508
CSFDYW,3,0.008021390374331552
CSGGACYHYFDSW,5,0.013368983957219251
CSRAMAGTYFDNW,2,0.0053475935828877
CSRNFYDYW,3,0.008021390374331552
CSSTSCYQGYW,7,0.01871657754010695
CTKGAASFDYW,4,0.0106951871657754
CVKDEYGDYW,3,0.008021390374331552
CVKDRYTFDYW,114,0.3048128342245989
CVRDLHWAFDVW,7,0.01871657754010695
CVRDRSSRPFDYW,3,0.008021390374331552
