CDR3,count,relative.frequency
CAKDKRLTIF,3,0.04411764705882353
CAREAIF,14,0.20588235294117646
CARETIF,4,0.058823529411764705
CARRTIF,2,0.029411764705882353
CASPRITIF,6,0.08823529411764706
CASYGSANPWIF,2,0.029411764705882353
CCSYAPTTLIF,6,0.08823529411764706
CCSYEGTSLIF,2,0.029411764705882353
CQEGETYPLIF,2,0.029411764705882353
CQQYDDPLISF,5,0.07352941176470588
CQQYGTFFPGIF,2,0.029411764705882353
CSSYLDKVIF,10,0.14705882352941177
CTSYTSGGTLIF,8,0.11764705882352941
CTTDTTIF,2,0.029411764705882353
