CDR3,count,relative.frequency
CAPSIF,2,0.09090909090909091
CCSYAGHNTLIF,3,0.13636363636363635
CGSYADSNTLIF,2,0.09090909090909091
CLEGTYWPKIF,4,0.18181818181818182
CMQALETPLIF,2,0.09090909090909091
CQQTNSLLPLIF,2,0.09090909090909091
CQQTYGAPPLIF,2,0.09090909090909091
CQVYHGRDVIF,2,0.09090909090909091
CQYNSNLPLFIF,3,0.13636363636363635
