CDR3,count,relative.frequency
CAISEGQGYEQYF,2,0.06896551724137931
CASSEEFTGELFF,3,0.10344827586206896
CASSEGGTEAFF,2,0.06896551724137931
CASSFGDSIYEQYF,2,0.06896551724137931
CASSFTGGLEAFF,2,0.06896551724137931
CASSGTEQFF,6,0.20689655172413793
CASSRQGAYGYTF,7,0.2413793103448276
CASTMTGATEAFF,2,0.06896551724137931
CSVLGQGAYGYTF,3,0.10344827586206896
