CDR3,count,relative.frequency
CAGGFDDYIDVW,2,0.1111111111111111
CARRPVNKYYFDYW,2,0.1111111111111111
CARSNEFDIW,2,0.1111111111111111
CASSAYDVW,6,0.3333333333333333
CNGYSNAFDVW,2,0.1111111111111111
CXRSRAFDIW,2,0.1111111111111111
CYLYYFDYW,2,0.1111111111111111
