CDR3,count,relative.frequency
CAHETGGVFDYW,3,0.010101010101010102
CAHRAFGDLLDIW,3,0.010101010101010102
CAKGEYGVDYW,5,0.016835016835016835
CARDEQEALDYW,6,0.020202020202020204
CARDMVGREDYW,6,0.020202020202020204
CARDNYYFDSW,2,0.006734006734006734
CAREEHRSLDYW,2,0.006734006734006734
CAREGELRQNDYW,2,0.006734006734006734
CARENTLFYFDYW,3,0.010101010101010102
CARGFTVTGFDYW,3,0.010101010101010102
CARGSSSDYW,15,0.050505050505050504
CARHRSGDYFDSW,5,0.016835016835016835
CARLKVTNFFFDYW,3,0.010101010101010102
CARLLEGWFDPW,2,0.006734006734006734
CARLTIGAFDYW,5,0.016835016835016835
CARPMPPHWYFDLW,2,0.006734006734006734
CARRAYDAFDIW,3,0.010101010101010102
CARSPDRDGTDVW,3,0.010101010101010102
CARVDSAFDIW,2,0.006734006734006734
CASGWDLGHFDYW,24,0.08080808080808081
CASGWDPGHFDYW,3,0.010101010101010102
CATDHGDYAFDNW,12,0.04040404040404041
CAVSAFDYW,22,0.07407407407407407
CSDYW,28,0.09427609427609428
CSGGLDYW,4,0.013468013468013467
CSGGSCWYFDYW,5,0.016835016835016835
CSGISCDFWFDPW,2,0.006734006734006734
CSRKRAFDRW,8,0.026936026936026935
CSRPYYYYGMDVW,4,0.013468013468013467
CSSTGCYLYFDYW,5,0.016835016835016835
CSSTSCSLDYW,5,0.016835016835016835
CSSTSCYGGFDYW,4,0.013468013468013467
CSSTSCYLYFDYW,5,0.016835016835016835
CSSVGWFDTW,2,0.006734006734006734
CTMDVW,2,0.006734006734006734
CTRALDYW,50,0.16835016835016836
CTRDRDSHYFDYW,3,0.010101010101010102
CTRFSDSLAFDIW,12,0.04040404040404041
CTRVFPPPYYFDYW,4,0.013468013468013467
CTTELDYW,9,0.030303030303030304
CTTTRCQNWFDPW,2,0.006734006734006734
CVKVGNTDAFDFW,2,0.006734006734006734
CVRSAFRYFDTW,3,0.010101010101010102
CYPFDSW,2,0.006734006734006734
