CDR3,count,relative.frequency
CAKDIQLLVAFDIW,2,0.012738853503184714
CALDAFDLW,3,0.01910828025477707
CAREAGGDYGDYW,18,0.11464968152866242
CARESPGQHFDSW,2,0.012738853503184714
CARGSGYYFPLDYW,2,0.012738853503184714
CCTTFDSW,2,0.012738853503184714
CSAGNCKTVFDYW,2,0.012738853503184714
CSNLDCPAMFDYW,2,0.012738853503184714
CSRGSCYALDYW,44,0.2802547770700637
CSSTSCHHTFDYW,51,0.3248407643312102
CTRDPRLCDYW,6,0.03821656050955414
CTRGTINDYW,3,0.01910828025477707
CTRRGSHNSNYDYW,3,0.01910828025477707
CTTNSQNDYW,5,0.03184713375796178
CVKEKGSGGYLDYW,2,0.012738853503184714
CYALDYW,10,0.06369426751592357
