CDR3,count,relative.frequency
CAAAFDIW,8,0.13793103448275862
CAKGGSSSSLDYW,3,0.05172413793103448
CARGETTSFDYW,16,0.27586206896551724
CARHWNYAFDLW,2,0.034482758620689655
CARIRRPREFHYW,2,0.034482758620689655
CARKRTGDDVFDIW,8,0.13793103448275862
CARRELLGFDIW,2,0.034482758620689655
CARSGFGSFDYW,2,0.034482758620689655
CARSSPSDVFDVW,2,0.034482758620689655
CARTNYYYFDSW,2,0.034482758620689655
CARVNGEYDAFDMW,2,0.034482758620689655
CTRGLIGGYDYW,3,0.05172413793103448
CTRSQFWSGSDYW,2,0.034482758620689655
CVRDREAFDIW,4,0.06896551724137931
