CDR3,count,relative.frequency
CARDGIF,10,0.22727272727272727
CCSYAGAYTLIF,2,0.045454545454545456
CCSYEDRTTIF,3,0.06818181818181818
CQQLNTYPLIF,3,0.06818181818181818
CQQYHSRPYIF,2,0.045454545454545456
CSSSTSSGHLIF,2,0.045454545454545456
CSSYAGNHNLIF,4,0.09090909090909091
CSSYAGRDKLIF,2,0.045454545454545456
CVKDRLPIF,16,0.36363636363636365
