CDR3,count,relative.frequency
CAAYSGTYDYW,5,0.04504504504504504
CAGDCYLDDMDVW,3,0.02702702702702703
CAHTGDPYFDFW,4,0.036036036036036036
CAKDIGGRYDYW,2,0.018018018018018018
CAKDLRDWNFDLW,4,0.036036036036036036
CAKGSFGDWFDPW,3,0.02702702702702703
CARDFDYW,2,0.018018018018018018
CARDGDDTTFLDYW,2,0.018018018018018018
CARDYEFFDYW,2,0.018018018018018018
CARFVSGADFDYW,3,0.02702702702702703
CARGDRMDVW,2,0.018018018018018018
CARGGSFDYW,2,0.018018018018018018
CARGGVAGAFDYW,3,0.02702702702702703
CARRRDYLDVW,30,0.2702702702702703
CARTVDPYFDSW,2,0.018018018018018018
CASTIRSDYW,7,0.06306306306306306
CATGGIVLSAFDIW,2,0.018018018018018018
CSRSYFDLW,9,0.08108108108108109
CTRFDSW,2,0.018018018018018018
CTRGGVPAQSWFDPW,4,0.036036036036036036
CTRRYADKDYVDYW,3,0.02702702702702703
CTTRSCPPFDPW,3,0.02702702702702703
CVGGAGWKFDLW,2,0.018018018018018018
CVRDSMTWSFDLW,2,0.018018018018018018
CVRWRFVGEFDYW,5,0.04504504504504504
CYLNSFDVW,3,0.02702702702702703
