CDR3,count,relative.frequency
CARYSIF,3,0.25
CATWDNSQPVIF,2,0.16666666666666666
CLQSYSPPLIF,2,0.16666666666666666
CSSRRGNSLIF,5,0.4166666666666667
