CDR3,count,relative.frequency
CLQHISYPPTF,2,0.0111731843575419
CLQHKAYPPTF,2,0.0111731843575419
CLQSYSTPALTF,2,0.0111731843575419
CMHALQTADTF,2,0.0111731843575419
CMQALKPPYTF,3,0.01675977653631285
CMQALQTELTF,2,0.0111731843575419
CMQALQTPYTF,8,0.0446927374301676
CMQATHFPYTF,2,0.0111731843575419
CMQGTHWPLTF,2,0.0111731843575419
CMQGTHWPTF,2,0.0111731843575419
CMQSIQFPLTF,2,0.0111731843575419
CQEYNSYSWTF,2,0.0111731843575419
CQHYNDYSRAF,2,0.0111731843575419
CQHYNNWPPAF,2,0.0111731843575419
CQHYNNWPTF,2,0.0111731843575419
CQKYDSVPFNF,2,0.0111731843575419
CQKYDSVPFTF,11,0.061452513966480445
CQKYTSAPRTF,2,0.0111731843575419
CQNYNSAPFTF,2,0.0111731843575419
CQQCHSFPVTF,3,0.01675977653631285
CQQFGSSPTWTF,2,0.0111731843575419
CQQFSDWPYTF,6,0.0335195530726257
CQQGRNWPPTF,2,0.0111731843575419
CQQHDSLPLTF,2,0.0111731843575419
CQQHYTTPHTF,3,0.01675977653631285
CQQLSDYPFTF,2,0.0111731843575419
CQQRNWPPLFTF,2,0.0111731843575419
CQQRSNWPAITF,2,0.0111731843575419
CQQRSNWPRTF,3,0.01675977653631285
CQQRSSWLTF,2,0.0111731843575419
CQQSDSLPPTF,5,0.027932960893854747
CQQSFNSPRTF,2,0.0111731843575419
CQQSHNTPLTF,3,0.01675977653631285
CQQSHSIPRTF,8,0.0446927374301676
CQQSYNSPRTF,2,0.0111731843575419
CQQSYNTPRTF,2,0.0111731843575419
CQQSYSSTPYTF,2,0.0111731843575419
CQQSYSTLITF,2,0.0111731843575419
CQQSYSTLYTF,2,0.0111731843575419
CQQSYSTPYTF,2,0.0111731843575419
CQQSYSVPQTF,2,0.0111731843575419
CQQSYTTPPTF,4,0.0223463687150838
CQQTDRTPPTF,11,0.061452513966480445
CQQTYSTPQVTF,2,0.0111731843575419
CQQTYTTPETF,2,0.0111731843575419
CQQYDEWPLVF,2,0.0111731843575419
CQQYGSLSWTF,8,0.0446927374301676
CQQYGSSLSF,2,0.0111731843575419
CQQYGSSPWTF,4,0.0223463687150838
CQQYGSSSRTF,2,0.0111731843575419
CQQYNDYPITF,4,0.0223463687150838
CQQYNEWPPATF,2,0.0111731843575419
CQQYNISPFTF,2,0.0111731843575419
CQQYNKWPWTF,2,0.0111731843575419
CQQYNSYSRTF,3,0.01675977653631285
CQQYNSYSYTF,4,0.0223463687150838
CQQYNSYWTF,4,0.0223463687150838
CQQYSNWPRTF,4,0.0223463687150838
CQQYTNLWTF,2,0.0111731843575419
