CDR3,count,relative.frequency
CARDKAIF,3,0.07894736842105263
CARSDRGSIF,12,0.3157894736842105
CATSRVTIF,8,0.21052631578947367
CGSYTSKSTLIF,2,0.05263157894736842
CQAWDSRTVIF,7,0.18421052631578946
CSSRDSSGRGLIF,2,0.05263157894736842
CVQSSHYPRIF,4,0.10526315789473684
