CDR3,count,relative.frequency
CAAWGDRLHGFVF,2,0.0021810250817884407
CAGGYPRLKTF,2,0.0021810250817884407
CALSGTWVIF,3,0.003271537622682661
CARDGESTF,2,0.0021810250817884407
CESASYPEGNF,787,0.8582333696837514
CESASYPGGNF,4,0.004362050163576881
CGSLWGGGGF,2,0.0021810250817884407
CIIPGPHTQF,2,0.0021810250817884407
CITAVCFRHFDPNF,4,0.004362050163576881
CLLDWGAGMGF,2,0.0021810250817884407
CLLSAPLRLKTF,2,0.0021810250817884407
CLQHDNFPYTF,2,0.0021810250817884407
CLQHNTYPRTF,2,0.0021810250817884407
CLQSLQLPPTF,18,0.019629225736095966
CMQNIQAITF,30,0.03271537622682661
CMQPLQTPHTF,2,0.0021810250817884407
CMQSFYLQTF,4,0.004362050163576881
CMQTVQTPYTF,2,0.0021810250817884407
CQEFLTDSGITF,4,0.004362050163576881
CQHYEGYPTF,3,0.003271537622682661
CQHYGTSGHTF,2,0.0021810250817884407
CQHYYSWPTF,2,0.0021810250817884407
CQNYKGDSKTF,2,0.0021810250817884407
CQQHYGYSTF,2,0.0021810250817884407
CQQRADWFVTF,2,0.0021810250817884407
CQQSYSTPYTF,3,0.003271537622682661
CQQYDMSPLTF,2,0.0021810250817884407
CQQYESNFRTF,2,0.0021810250817884407
CQQYHTNFRTF,2,0.0021810250817884407
CSPWTGGGSGF,6,0.006543075245365322
CTAMLAPGF,7,0.007633587786259542
CVQSVQVPPTF,2,0.0021810250817884407
CVSIFDQFFNF,2,0.0021810250817884407
CWSDLLRWIQF,2,0.0021810250817884407
