CDR3,count,relative.frequency
CARDGPTIF,17,0.1440677966101695
CARPLWF,2,0.01694915254237288
CASYTSSLTLIF,34,0.288135593220339
CGVWDDRLYIF,2,0.01694915254237288
CNSYSTNSPVIF,44,0.3728813559322034
CQQYDAFLIF,2,0.01694915254237288
CQQYYSSPFIF,3,0.025423728813559324
CVIWHTSGLIF,14,0.11864406779661017
