CDR3,count,relative.frequency
CSGNTIYF,2,0.2857142857142857
CSVAQGTEAFF,5,0.7142857142857143
