CDR3,count,relative.frequency
CAAWDDSLNGPVF,3,0.036585365853658534
CAAWDDSLNGRVF,5,0.06097560975609756
CATWDDSLNGPVF,4,0.04878048780487805
CGTWDSSLSAGVF,9,0.10975609756097561
CNSRDITGNHRVF,4,0.04878048780487805
CNSRDSSGNQYVF,2,0.024390243902439025
CQAWDSGTDVVF,5,0.06097560975609756
CQAWDSSTVVF,4,0.04878048780487805
CQAWDSTTGVF,4,0.04878048780487805
CQAWDSTTVVF,2,0.024390243902439025
CQTWDSGTAVF,2,0.024390243902439025
CQTWDSSTAVF,2,0.024390243902439025
CQTWGSGIRVF,3,0.036585365853658534
CQVWDSGSDPVVF,2,0.024390243902439025
CQVWDSSSDHQVF,6,0.07317073170731707
CSSYAGSNNLVF,2,0.024390243902439025
CSSYTSSSTVIF,2,0.024390243902439025
CSSYTSSSTVVF,8,0.0975609756097561
CSSYTSSTVLF,5,0.06097560975609756
CSYAGRSTFILF,3,0.036585365853658534
CVLYMGSGVVVF,5,0.06097560975609756
