CDR3,count,relative.frequency
CAHMSSGF,2,0.000576036866359447
CAKEGF,12,0.0034562211981566822
CAKSYTKGF,2,0.000576036866359447
CALDF,2,0.000576036866359447
CARRALMINF,2,0.000576036866359447
CARSHTKGF,334,0.09619815668202765
CARSHTQGF,11,0.0031682027649769587
CARSHTRGF,26,0.007488479262672811
CCSHAGSSTGVF,5,0.0014400921658986176
CCSYAGSGGFVF,3,0.0008640552995391706
CCSYGGSGTVF,3,0.0008640552995391706
CESASNPEGNF,2,0.000576036866359447
CESASYPEGNF,2973,0.856278801843318
CESASYPGGNF,2,0.000576036866359447
CHQSYRMPYTF,2,0.000576036866359447
CHQTYSAPYNF,2,0.000576036866359447
CHQYYSSQWTF,4,0.001152073732718894
CISFLFFSFF,3,0.0008640552995391706
CLAWDSTTVRF,2,0.000576036866359447
CLPSARGCFF,2,0.000576036866359447
CLQFDTYPWTF,3,0.0008640552995391706
CMQTLQTWTF,6,0.0017281105990783411
CMQTMYHPWTF,2,0.000576036866359447
CQESYNTQYTF,2,0.000576036866359447
CQHLHSYPFTF,2,0.000576036866359447
CQHYSRFPYTF,2,0.000576036866359447
CQQAKSLLTF,14,0.004032258064516129
CQQASSLLTF,2,0.000576036866359447
CQQFHTF,2,0.000576036866359447
CQQSDTWTF,2,0.000576036866359447
CQQSYAVPRTF,5,0.0014400921658986176
CQQSYNIFRTF,2,0.000576036866359447
CQQSYRVHLTF,2,0.000576036866359447
CQQVEKVPSTF,2,0.000576036866359447
CQQYDILPPTF,4,0.001152073732718894
CQQYENSLWTF,2,0.000576036866359447
CQQYGRTF,2,0.000576036866359447
CQQYGTTSLTF,2,0.000576036866359447
CQQYYKNVRTF,2,0.000576036866359447
CRLLLEKKKTF,2,0.000576036866359447
CSDVIIARCGF,2,0.000576036866359447
CTRSHTQGF,14,0.004032258064516129
