CDR3,count,relative.frequency
CASSFTQTGTQYF,3,0.10714285714285714
CASSGVSYNEQFF,2,0.07142857142857142
CASSLLAQETQYF,3,0.10714285714285714
CASSLQEGQPQHF,2,0.07142857142857142
CASSLVGYEQYF,6,0.21428571428571427
CASSLYLDTQYF,2,0.07142857142857142
CASSRGDQDTEAFF,2,0.07142857142857142
CASSYPDIQETQYF,2,0.07142857142857142
CASYLGPGYTF,2,0.07142857142857142
CSALTGGETQYF,2,0.07142857142857142
CSVDRGDSSEQYF,2,0.07142857142857142
