CDR3,count,relative.frequency
CQAWDTDSLIF,2,0.18181818181818182
CQQSENVPIIF,2,0.18181818181818182
CQQYEDRPLTF,4,0.36363636363636365
CQSDDRGTLIF,3,0.2727272727272727
