CDR3,count,relative.frequency
CAASGFTFSTF,8,0.057971014492753624
CAAWDDSLNGLF,2,0.014492753623188406
CARDSKTGYTF,3,0.021739130434782608
CARHGF,6,0.043478260869565216
CASGITF,10,0.07246376811594203
CATWDRPDRGKLF,4,0.028985507246376812
CESASYPEGNF,21,0.15217391304347827
CGAWDGTLSTYVF,2,0.014492753623188406
CGSAVSFSGSSNF,2,0.014492753623188406
CGTWDSTLLEGVF,2,0.014492753623188406
CHIFLLCSGNF,2,0.014492753623188406
CHLEVWAGDTF,2,0.014492753623188406
CHQYYLSYTF,5,0.036231884057971016
CILYLGPRYGF,4,0.028985507246376812
CLLLYSYLYAANF,2,0.014492753623188406
CMQSLLPPWTF,2,0.014492753623188406
CQHFHNWPRTF,2,0.014492753623188406
CQQRSRTF,3,0.021739130434782608
CQQSHSSPRTF,2,0.014492753623188406
CQQSLGSPQWTF,6,0.043478260869565216
CQQYDRLYTF,2,0.014492753623188406
CQQYGTSLTF,2,0.014492753623188406
CQQYHTSLPATF,2,0.014492753623188406
CQQYITTPTF,2,0.014492753623188406
CQQYKTFATF,2,0.014492753623188406
CQQYNSNF,10,0.07246376811594203
CQQYNTFWTF,4,0.028985507246376812
CQQYSIHSTF,4,0.028985507246376812
CQQYYSSFLTF,3,0.021739130434782608
CSLQPPPPGF,2,0.014492753623188406
CSPSDPMVFSSF,2,0.014492753623188406
CSPWTGGGSGF,2,0.014492753623188406
CSSYASSGTVF,3,0.021739130434782608
CSSYTRSGTRVF,5,0.036231884057971016
CVVSVRTESTF,3,0.021739130434782608
