CDR3,count,relative.frequency
CAANSDHLNF,2,0.0018115942028985507
CAARVAFSEALVF,4,0.0036231884057971015
CAAVYSNMSHNF,2,0.0018115942028985507
CESASYPEGNF,1089,0.9864130434782609
CGSASYPEGNF,2,0.0018115942028985507
CHLGSLQPPPPGF,2,0.0018115942028985507
CQPGVGQGFNF,3,0.002717391304347826
