CDR3,count,relative.frequency
CARNAIF,14,0.5384615384615384
CASWDVSLRSPIF,4,0.15384615384615385
CQQHFDLRPLSF,2,0.07692307692307693
CQQHVSLRPLSF,4,0.15384615384615385
CQQYFTTLLIF,2,0.07692307692307693
