CDR3,count,relative.frequency
CAKDAARAADYW,2,0.01020408163265306
CAKDVGHHFDNW,4,0.02040816326530612
CAKEAARVVIDYW,3,0.015306122448979591
CAKNIGRGFDPW,2,0.01020408163265306
CARALQELSELDYW,10,0.05102040816326531
CARAQWGANDYW,2,0.01020408163265306
CARDDRPFTFDYW,8,0.04081632653061224
CARDKDPFDSW,2,0.01020408163265306
CARDWHQWGFDPW,4,0.02040816326530612
CAREDFNWFDPW,3,0.015306122448979591
CAREQFIADFDYW,3,0.015306122448979591
CAREQFMTDFDYW,6,0.030612244897959183
CARGMGWFDPW,2,0.01020408163265306
CARGTRDFDYW,5,0.025510204081632654
CARHRPPFDYW,20,0.10204081632653061
CARISAVTFDYW,4,0.02040816326530612
CARLETGTTFDYW,4,0.02040816326530612
CARNRGWFDPW,4,0.02040816326530612
CARRGSGFDYW,2,0.01020408163265306
CARRMGALDVW,2,0.01020408163265306
CARSQYHLLFDYW,4,0.02040816326530612
CARSRPWFDPW,5,0.025510204081632654
CDYW,3,0.015306122448979591
CIRNRGWFDPW,4,0.02040816326530612
CSGISCYLVDYW,4,0.02040816326530612
CSSTSSCWFDPW,9,0.04591836734693878
CTKDAGRQFDYW,9,0.04591836734693878
CTRDDRPFTFDYW,7,0.03571428571428571
CVIPILDYW,32,0.16326530612244897
CVIPVLDYW,17,0.08673469387755102
CVITGTARSDYW,5,0.025510204081632654
CVRGPDGMDVW,5,0.025510204081632654
