CDR3,count,relative.frequency
CAASGFTFTNF,2,0.0023014959723820483
CAAWDDRKNGLGF,4,0.004602991944764097
CAAWDGSLNAGVF,2,0.0023014959723820483
CALLGMDGF,2,0.0023014959723820483
CARGF,40,0.04602991944764097
CAVRVSGYALNF,3,0.0034522439585730723
CESASYPEGNF,738,0.8492520138089759
CESASYPGGNF,2,0.0023014959723820483
CESASYPVGNF,2,0.0023014959723820483
CESASYSEGNF,2,0.0023014959723820483
CGAEAGGVPGGF,2,0.0023014959723820483
CGMISDAGAGF,2,0.0023014959723820483
CHKYGSARGTF,2,0.0023014959723820483
CHQYCFTPLTF,3,0.0034522439585730723
CHQYSSFSTF,2,0.0023014959723820483
CLKYGGARGTF,2,0.0023014959723820483
CLQYYDPLYTF,3,0.0034522439585730723
CLTLIGSPNF,2,0.0023014959723820483
CLVPEKGSVTSGF,2,0.0023014959723820483
CMDSPLGGLPTKGF,2,0.0023014959723820483
CMQGLQLRYTF,2,0.0023014959723820483
CQHYNSYSENF,2,0.0023014959723820483
CQQFENLVLTF,2,0.0023014959723820483
CQQFGTSHLTF,2,0.0023014959723820483
CQQNFNARTF,2,0.0023014959723820483
CQQYDLFVTF,3,0.0034522439585730723
CQVYGRSQYTF,2,0.0023014959723820483
CQYYNDYWTF,2,0.0023014959723820483
CSCAGNVVQVF,2,0.0023014959723820483
CSSYGTRDNFLF,20,0.023014959723820484
CVLLLFSGLPFGF,2,0.0023014959723820483
CVYCGDNWSENF,9,0.010356731875719217
