CDR3,count,relative.frequency
CAGDIRNAFDIW,5,0.024390243902439025
CAHRRRVRFDFW,6,0.02926829268292683
CAILNNDALDYW,9,0.04390243902439024
CAKDQYVDYW,3,0.014634146341463415
CARDAPDYW,7,0.03414634146341464
CARDHDQDYW,8,0.03902439024390244
CARDKGGWFDPW,6,0.02926829268292683
CARDLSAWGDYW,6,0.02926829268292683
CARDRGGWFDPW,2,0.00975609756097561
CARDWSGSFDSW,12,0.05853658536585366
CARELYVDYGEDYW,2,0.00975609756097561
CARGGAEFDLW,4,0.01951219512195122
CARGSSGGDYW,3,0.014634146341463415
CARGWPRNGPDYW,2,0.00975609756097561
CARGYGYPYFDYW,9,0.04390243902439024
CARGYSPFDYW,2,0.00975609756097561
CARKWDVLDYW,4,0.01951219512195122
CARNRGGWFDPW,3,0.014634146341463415
CARRGYDGDWFDPW,22,0.1073170731707317
CARRGYSTPLDYW,2,0.00975609756097561
CARVLRHLDAFDIW,4,0.01951219512195122
CARVLSVYVDYW,4,0.01951219512195122
CARVVSVYVDYW,3,0.014634146341463415
CATDAGYFDLW,6,0.02926829268292683
CAVVREGFDYW,3,0.014634146341463415
CFGDSYIAYW,4,0.01951219512195122
CGRDRGGWFDPW,2,0.00975609756097561
CQAWGDYW,2,0.00975609756097561
CRASVSVFDYW,6,0.02926829268292683
CSGAFHIW,4,0.01951219512195122
CSREFDPW,20,0.0975609756097561
CSRGVGAIDYW,5,0.024390243902439025
CTASATDYW,3,0.014634146341463415
CTRGRLGDYW,2,0.00975609756097561
CTRLGGGDAFDIW,2,0.00975609756097561
CTRLGGGDAFDLW,6,0.02926829268292683
CVKKADYW,2,0.00975609756097561
CVRGELWYFDLW,2,0.00975609756097561
CVRGWSFDYW,5,0.024390243902439025
CYMGFDYW,3,0.014634146341463415
