CDR3,count,relative.frequency
CASILGTEETQYF,4,0.5714285714285714
CSNQPQHF,3,0.42857142857142855
