CDR3,count,relative.frequency
CAAQLLAKTDGF,2,0.005449591280653951
CAGQSPQLSFGF,2,0.005449591280653951
CAKETSDWHGGF,2,0.005449591280653951
CARGTF,6,0.01634877384196185
CAVSGNTPLVF,4,0.010899182561307902
CCMKDNCYITF,2,0.005449591280653951
CESASYPEGNF,108,0.29427792915531337
CGAMEGGFGSDF,2,0.005449591280653951
CGSPEAF,2,0.005449591280653951
CHQRRDWPWTF,33,0.08991825613079019
CHQRRSWPLTF,7,0.01907356948228883
CHQYDNLPWTF,3,0.008174386920980926
CHQYDTFSWTF,5,0.013623978201634877
CHQYDTNLWTF,5,0.013623978201634877
CHQYGDLPNTF,2,0.005449591280653951
CHQYYTNPQTF,10,0.027247956403269755
CIIPFGKKIAF,2,0.005449591280653951
CIIPGPHTQF,2,0.005449591280653951
CILYLGPRYGF,4,0.010899182561307902
CLLKIVTLSVLHFF,2,0.005449591280653951
CLLNSRKMTF,2,0.005449591280653951
CLQHNSYPLTF,3,0.008174386920980926
CLQHYSYLITF,4,0.010899182561307902
CQFWAAGIPTF,2,0.005449591280653951
CQHEWTF,3,0.008174386920980926
CQHSDTF,2,0.005449591280653951
CQHTYSSLGYTF,2,0.005449591280653951
CQHYNDFPLTF,8,0.021798365122615803
CQQAQSVTF,3,0.008174386920980926
CQQCDTDPWTF,2,0.005449591280653951
CQQCNTELPTF,4,0.010899182561307902
CQQFHIYSTF,2,0.005449591280653951
CQQFYTSPRTF,4,0.010899182561307902
CQQHFDTRLTF,4,0.010899182561307902
CQQNKDHDITF,3,0.008174386920980926
CQQSFSNPRTF,19,0.051771117166212535
CQQSHNTLYTF,4,0.010899182561307902
CQQSYIDWTF,5,0.013623978201634877
CQQTYDTLWTF,11,0.02997275204359673
CQQVYTFPLTF,6,0.01634877384196185
CQQYKYSHTF,44,0.11989100817438691
CSSIPYFCLPTF,3,0.008174386920980926
CTAMLAPGF,18,0.04904632152588556
CTILRVLSSNF,2,0.005449591280653951
CTTLISLGSNF,2,0.005449591280653951
