CDR3,count,relative.frequency
CAANSDHLNF,3,0.008771929824561403
CALLGMDGF,2,0.005847953216374269
CALYMGSDIWIF,13,0.038011695906432746
CAPSNLDLTYGF,2,0.005847953216374269
CAQATDFVRTF,2,0.005847953216374269
CARDWGDYF,2,0.005847953216374269
CAREGSLTNF,2,0.005847953216374269
CARGTGF,8,0.023391812865497075
CARQNF,3,0.008771929824561403
CARSMANF,9,0.02631578947368421
CAVYMGSDTWVF,25,0.07309941520467836
CCSFAGSFHVF,4,0.011695906432748537
CCSYAGSGQGF,2,0.005847953216374269
CESASYPEGNF,50,0.14619883040935672
CHQRGNWPPTF,10,0.029239766081871343
CHQSYGLPFTF,2,0.005847953216374269
CHQTYNTPQTF,11,0.03216374269005848
CHQYDVSPETF,13,0.038011695906432746
CHQYKTYPYTF,2,0.005847953216374269
CLKYRSALFTF,2,0.005847953216374269
CLQHHSSPPTF,4,0.011695906432748537
CLQTLHSPQTF,73,0.2134502923976608
CLSYDTRLSGSVF,2,0.005847953216374269
CMQRVQFPITF,2,0.005847953216374269
CNLLLSTIFLWTF,2,0.005847953216374269
CNSFAGANNYVF,8,0.023391812865497075
CQHANSLFTF,4,0.011695906432748537
CQQCYSDITF,2,0.005847953216374269
CQQFGDSYTF,5,0.014619883040935672
CQQFYAWPRTF,2,0.005847953216374269
CQQHGNSPVTF,2,0.005847953216374269
CQQNLGAPYTF,10,0.029239766081871343
CQQRDNGRYNF,2,0.005847953216374269
CQQRTDWLTF,2,0.005847953216374269
CQQSFVSTWTF,12,0.03508771929824561
CQQTFSLWTF,2,0.005847953216374269
CQQTYNPPYTF,2,0.005847953216374269
CQQTYTAPRTF,2,0.005847953216374269
CQQYENVSYTF,4,0.011695906432748537
CQQYGSSRLTF,2,0.005847953216374269
CQQYNGDSRTF,2,0.005847953216374269
CQQYRTF,10,0.029239766081871343
CQQYSGYRTF,2,0.005847953216374269
CQYYGSSPFTF,2,0.005847953216374269
CSSSTFTNIPFVF,3,0.008771929824561403
CSSYGGSRIVLF,2,0.005847953216374269
CSSYTRSSIYVF,2,0.005847953216374269
CSSYTVNTIGVF,2,0.005847953216374269
CTQTTEFRRTF,6,0.017543859649122806
