CDR3,count,relative.frequency
CAAAGFNFNYW,2,0.017857142857142856
CAKELRPNDYW,2,0.017857142857142856
CAKYGGDFDYW,20,0.17857142857142858
CAKYGGGFDYW,11,0.09821428571428571
CAMDLSGARDYW,2,0.017857142857142856
CARAPSPDYW,2,0.017857142857142856
CARDGTAGDFDYW,7,0.0625
CARGYDLFDNW,3,0.026785714285714284
CARQDDGLDVW,3,0.026785714285714284
CARSGRDAFDVW,2,0.017857142857142856
CGRSNTFDPW,15,0.13392857142857142
CKGENCYFASW,6,0.05357142857142857
CTNGVCFPDYW,2,0.017857142857142856
CVGDAFDIW,23,0.20535714285714285
CVMSDPYYFDYW,2,0.017857142857142856
CVRDLSGPFDYW,2,0.017857142857142856
CVRGGEDFDSW,4,0.03571428571428571
CVSDGFDIW,2,0.017857142857142856
CVTEGFDIW,2,0.017857142857142856
