CDR3,count,relative.frequency
CALIGF,2,0.3333333333333333
CQTGANNLFF,2,0.3333333333333333
CVSVFAGVQCEVQLVESGGGF,2,0.3333333333333333
