CDR3,count,relative.frequency
CATIDKLRFTIF,5,0.29411764705882354
CCSYAVSRTLIF,3,0.17647058823529413
CQQXYTTPLIF,2,0.11764705882352941
CQRYLTTPFIF,3,0.17647058823529413
CSSFRGTTTLIF,4,0.23529411764705882
