CDR3,count,relative.frequency
CANDLGF,2,0.001445086705202312
CANLEKLSIF,3,0.002167630057803468
CATWDYSLNGYVF,2,0.001445086705202312
CESASYPEGNF,1258,0.9089595375722543
CESASYPERNF,2,0.001445086705202312
CGSPEAF,4,0.002890173410404624
CLQHISYPPTF,2,0.001445086705202312
CLRDVSYGSGKIEF,7,0.0050578034682080926
CLVWDSGTRHRVF,2,0.001445086705202312
CMQGLEPPYTF,3,0.002167630057803468
CMQGLQDRTF,2,0.001445086705202312
CQECYSSPFTF,11,0.007947976878612716
CQESYSSWTF,2,0.001445086705202312
CQHYDDLPRWTF,2,0.001445086705202312
CQHYGNLYTF,8,0.005780346820809248
CQHYNNFWGTF,14,0.010115606936416185
CQNYKSDPLTF,2,0.001445086705202312
CQQGFDSPLTF,2,0.001445086705202312
CQQNYDSPRTF,3,0.002167630057803468
CQQTYSIVLTF,9,0.006502890173410405
CQQYDTSWTF,4,0.002890173410404624
CQQYDTYLYTF,4,0.002890173410404624
CQQYGDSPQTF,2,0.001445086705202312
CQRYGTSQITF,21,0.015173410404624277
CQTLASDPFTF,4,0.002890173410404624
CQTVASDPFTF,2,0.001445086705202312
CRLLLCESQSHTF,3,0.002167630057803468
CSPWTGGGSGF,2,0.001445086705202312
CSTYTAYNTTF,2,0.001445086705202312
