CDR3,count,relative.frequency
CALQRPPGPDCGF,2,0.0003154574132492114
CAVSPLAPGF,3,0.00047318611987381704
CCSYVGSKNYVF,2,0.0003154574132492114
CESASCPEGNF,3,0.00047318611987381704
CESASSPEGNF,2,0.0003154574132492114
CESASYPAGNF,3,0.00047318611987381704
CESASYPEENF,6,0.0009463722397476341
CESASYPEGNF,6252,0.9861198738170347
CESASYPERNF,3,0.00047318611987381704
CESASYPGGNF,7,0.0011041009463722397
CESASYPKGNF,2,0.0003154574132492114
CESASYSEGNF,2,0.0003154574132492114
CESDSYPEGNF,6,0.0009463722397476341
CGSASYPEGNF,2,0.0003154574132492114
CGSPEAF,18,0.0028391167192429023
CKAASEVDGF,2,0.0003154574132492114
CKSASYPEGNF,6,0.0009463722397476341
CQQAGTFSWTF,4,0.0006309148264984228
CQRFNNSSLTF,4,0.0006309148264984228
CSPSDPMVFSSF,2,0.0003154574132492114
CTAMLAPGF,5,0.0007886435331230284
CTLQENVLF,2,0.0003154574132492114
CYTSDRVF,2,0.0003154574132492114
