CDR3,count,relative.frequency
CAHRGVGATRFDYW,14,0.02631578947368421
CAKAHDYW,8,0.015037593984962405
CAKGMLEYFDYW,4,0.007518796992481203
CAKGVLEYFDNW,2,0.0037593984962406013
CAKRIADYW,6,0.011278195488721804
CALDVW,3,0.005639097744360902
CARAIWELHPFDYW,2,0.0037593984962406013
CARDFDRNFDCW,5,0.009398496240601503
CARDFDRNFDYW,3,0.005639097744360902
CARDFDSNFDCW,5,0.009398496240601503
CARDFDSNFDYW,25,0.046992481203007516
CARDFDSYFDCW,3,0.005639097744360902
CARDHYNFHFDYW,31,0.05827067669172932
CARDLNNNFDYW,59,0.11090225563909774
CARDLNNNYDYW,45,0.08458646616541353
CARDLNSNFDYW,39,0.07330827067669173
CARDQGTVWFRYW,5,0.009398496240601503
CARDSGGVLDYW,2,0.0037593984962406013
CARDVGLGSDYW,14,0.02631578947368421
CARDVW,10,0.018796992481203006
CAREAYYNYVDYW,8,0.015037593984962405
CARELAGSFDYW,5,0.009398496240601503
CARELNSHYDYW,26,0.04887218045112782
CARELNSKFDFW,5,0.009398496240601503
CARELNSVFDYW,3,0.005639097744360902
CARELNTKCDYW,3,0.005639097744360902
CARESNSIFDYW,6,0.011278195488721804
CARGFTSDYW,4,0.007518796992481203
CARGRATNYFDSW,4,0.007518796992481203
CARGYDTGYIDYW,10,0.018796992481203006
CARHYGSAFDYW,2,0.0037593984962406013
CARLAAETGVFDYW,2,0.0037593984962406013
CARSKGILTYLDYW,3,0.005639097744360902
CARSYGYYSFFDYW,17,0.03195488721804511
CARVSLLRSWFDPW,7,0.013157894736842105
CARYVVDGYFDYW,2,0.0037593984962406013
CASAPGDYW,3,0.005639097744360902
CASEQWLRFDYW,5,0.009398496240601503
CASIRRDAFDIW,3,0.005639097744360902
CATDRGDAFDIW,2,0.0037593984962406013
CATFYGDFDYW,4,0.007518796992481203
CATGWFDPW,3,0.005639097744360902
CCTGWFDPW,2,0.0037593984962406013
CELYYYYYGMDVW,2,0.0037593984962406013
CGRGLPIDYW,2,0.0037593984962406013
CSPARCYKSFDYW,2,0.0037593984962406013
CSRFDYW,7,0.013157894736842105
CSRLDYW,4,0.007518796992481203
CSRPRPDTTSGDYW,3,0.005639097744360902
CSRSYFDYW,4,0.007518796992481203
CSRYYFDLW,5,0.009398496240601503
CSSASCYTPFDYW,31,0.05827067669172932
CSSTICSNWFESW,2,0.0037593984962406013
CSSTSCYPYFDYW,9,0.016917293233082706
CSTARCPKSFDYW,2,0.0037593984962406013
CSTARCYKSFDYW,4,0.007518796992481203
CTRAPGLVVFDFW,14,0.02631578947368421
CTRSSCYPYYFDCW,3,0.005639097744360902
CTRVAAVAGIFDYW,2,0.0037593984962406013
CTTGWFDPW,12,0.022556390977443608
CTTTSCFHDYW,3,0.005639097744360902
CVKDSKNWAFDVW,3,0.005639097744360902
CVKEEWLPDYW,2,0.0037593984962406013
CYKRGAFDIW,2,0.0037593984962406013
