CDR3,count,relative.frequency
CAAWDDSLDGFVF,5,0.05319148936170213
CAAWDDSLNGFVF,5,0.05319148936170213
CAAWDDSLNGVVF,2,0.02127659574468085
CAAWDDSLSAPVF,2,0.02127659574468085
CCSYAGSSTWVF,2,0.02127659574468085
CETWGTGFHVF,2,0.02127659574468085
CNSRDSSGNHWVF,2,0.02127659574468085
CNSRDSSGNPHVVF,2,0.02127659574468085
CQAWDSSSVVF,2,0.02127659574468085
CQAWDSSTAVF,2,0.02127659574468085
CQAWDSSTYAVF,2,0.02127659574468085
CQAWDSSVIF,2,0.02127659574468085
CQGADSSGSYVF,2,0.02127659574468085
CQSADSSGTSPWVF,3,0.031914893617021274
CQSADSSGTVVF,4,0.0425531914893617
CQSTDSSGTYWVF,3,0.031914893617021274
CQSYDISGVVF,2,0.02127659574468085
CQSYDNSLRGSVF,2,0.02127659574468085
CQSYDNSNYWVF,2,0.02127659574468085
CQSYDRSLSTSVF,2,0.02127659574468085
CQSYDSSLSGWVF,4,0.0425531914893617
CQSYDSSNGVF,2,0.02127659574468085
CQSYDSSNVVF,4,0.0425531914893617
CQTWDTGLWVF,10,0.10638297872340426
CQTWGTGIQVF,2,0.02127659574468085
CQTWGTGIRVF,4,0.0425531914893617
CQTWGTGMEF,2,0.02127659574468085
CQTWGTGMGVF,2,0.02127659574468085
CQVWDSSTDHPVF,4,0.0425531914893617
CQVWDSSTVVF,2,0.02127659574468085
CSSYANSNNVF,2,0.02127659574468085
CSSYTSSSTAVF,2,0.02127659574468085
CSSYTTSSTLYVVF,2,0.02127659574468085
CYSAADSNLVF,2,0.02127659574468085
