CDR3,count,relative.frequency
CAHRAPWEDAFHVW,2,0.0037174721189591076
CAISSWSDYW,4,0.007434944237918215
CAKDENWGFSW,2,0.0037174721189591076
CAKDGQYGFFDYW,2,0.0037174721189591076
CAKDVQLRYFDYW,4,0.007434944237918215
CAKGSVPIDWFDPW,94,0.17472118959107807
CAKQGGFAHFEYW,5,0.00929368029739777
CAKQTEYSSSYFDYW,2,0.0037174721189591076
CARAGGGDYVDYW,4,0.007434944237918215
CARDGAGTSDYW,36,0.06691449814126393
CARDLGVGALDVW,16,0.02973977695167286
CARDLRVFDAW,174,0.32342007434944237
CARDNPRLDHFDYW,3,0.0055762081784386614
CARDYGGNSYYFDYW,2,0.0037174721189591076
CAREGGSSQAFDIW,3,0.0055762081784386614
CAREGGYSGYW,6,0.011152416356877323
CARESVVRGWFDPW,2,0.0037174721189591076
CAREWHDAFDIW,11,0.020446096654275093
CAREYTSSCDYW,7,0.013011152416356878
CARGEGDGYDYW,9,0.016728624535315983
CARGGEVSAFDIW,5,0.00929368029739777
CARGGSSSWYYDYW,4,0.007434944237918215
CARGKIGARFDPW,9,0.016728624535315983
CARKAYANYFDYW,3,0.0055762081784386614
CARLETGTYYFDHW,5,0.00929368029739777
CARLYSGSYYFDYW,3,0.0055762081784386614
CARQLYSGLSDYW,2,0.0037174721189591076
CARRGDMYVFDIW,2,0.0037174721189591076
CARRGPVTHNFDYW,25,0.046468401486988845
CARRLYFDWVDPW,4,0.007434944237918215
CARSKEVADAFDIW,5,0.00929368029739777
CARVRVQLWPDYW,2,0.0037174721189591076
CARVRVRLWPDYW,4,0.007434944237918215
CATTVTTTFDYW,7,0.013011152416356878
CSGGRCYSAFDYW,2,0.0037174721189591076
CSGGSCYADYW,3,0.0055762081784386614
CSGGSCYSAFDYW,4,0.007434944237918215
CTTEWLRPIFDYW,2,0.0037174721189591076
CTTMFWWELRDYW,2,0.0037174721189591076
CTVNNWFDPW,4,0.007434944237918215
CVRDNPRLDHFDYW,53,0.09851301115241635
