CDR3,count,relative.frequency
CARDFPRPLWF,4,0.13793103448275862
CARITIF,2,0.06896551724137931
CCSYAGRTTIF,2,0.06896551724137931
CISYTSSRTLIF,2,0.06896551724137931
CQQANSVPLIF,2,0.06896551724137931
CQTWDSRNVIF,6,0.20689655172413793
CSSYAGNGNLIF,4,0.13793103448275862
CTSYTTSRSLIF,7,0.2413793103448276
