CDR3,count,relative.frequency
CNSRDSSGSHGVF,2,0.14285714285714285
CQSSDSTNVVF,4,0.2857142857142857
CQSYDTSGIF,2,0.14285714285714285
CYSAADNQWVF,2,0.14285714285714285
CYSADSSGKERVF,4,0.2857142857142857
