CDR3,count,relative.frequency
CAAWDANLNGLF,3,0.014925373134328358
CAAWDDNLSGYVF,5,0.024875621890547265
CAAWDDSLNGYVF,7,0.03482587064676617
CAAWDDSLNSPVF,2,0.009950248756218905
CAAWDDSLQGLVF,6,0.029850746268656716
CAAWDDTLSGWVF,3,0.014925373134328358
CGTWDSSLSAVVF,16,0.07960199004975124
CLLSYSGAWVF,3,0.014925373134328358
CLLSYSGIWVF,3,0.014925373134328358
CLLYMGSGIVVF,2,0.009950248756218905
CMIWHSSTWVF,2,0.009950248756218905
CNSRDSSGAHWVF,2,0.009950248756218905
CQAWDSRTASYYVF,42,0.208955223880597
CQAWDSSTPLVF,3,0.014925373134328358
CQAWDSSTVVF,10,0.04975124378109453
CQGWDSSSDHRVF,2,0.009950248756218905
CQSFDSSLSGSVF,2,0.009950248756218905
CQSYDIRLSGYVF,3,0.014925373134328358
CQSYDNSLSGWVF,2,0.009950248756218905
CQSYDNSLTWVF,3,0.014925373134328358
CQSYDSRNHGVF,2,0.009950248756218905
CQSYDSSLNTVVF,2,0.009950248756218905
CQSYDSSLNTWVF,2,0.009950248756218905
CQTWGPGIVVF,3,0.014925373134328358
CQVWDSDFDHWVF,2,0.009950248756218905
CQVWDSSTGVF,2,0.009950248756218905
CQVWESDSDHWVF,31,0.15422885572139303
CSAWDDSLNAWVF,4,0.01990049751243781
CSSYTSRSTLVF,2,0.009950248756218905
CSSYTSSSTYVVF,2,0.009950248756218905
CSSYTTSSTWVF,13,0.06467661691542288
CSYAGSNTLVF,12,0.05970149253731343
CYSTDSSGDHGVF,3,0.014925373134328358
