CDR3,count,relative.frequency
CALPILWIGF,2,0.3333333333333333
CANQAGTALIF,2,0.3333333333333333
CYTGANSKLTF,2,0.3333333333333333
