CDR3,count,relative.frequency
CAKDLPPLIF,36,0.23841059602649006
CARDPSIF,2,0.013245033112582781
CARDPTIF,42,0.2781456953642384
CARGTIF,2,0.013245033112582781
CCSFAGKYFLIF,2,0.013245033112582781
CCSYAGYSTLIF,2,0.013245033112582781
CCSYVGSSPLIF,3,0.019867549668874173
CGSMSTSGTLIF,4,0.026490066225165563
CGSYTGSRMVIF,2,0.013245033112582781
CHHRSNPWIF,6,0.039735099337748346
CMQGRYSPWIF,2,0.013245033112582781
CMQVLQTPFIF,9,0.059602649006622516
CQEYESSPFIF,4,0.026490066225165563
CQHLNANPFIF,4,0.026490066225165563
CQHLNGNPFIF,2,0.013245033112582781
CQHYHSPPYIF,2,0.013245033112582781
CQQTDSPPLIF,2,0.013245033112582781
CQQVGTAPPYIF,2,0.013245033112582781
CQQYRPSIF,13,0.08609271523178808
CQQYSPLYIF,2,0.013245033112582781
CQQYSPSIF,2,0.013245033112582781
CRQYGSPPYIF,4,0.026490066225165563
CRTEVVSLIF,2,0.013245033112582781
