CDR3,count,relative.frequency
CAAFDSW,33,0.052547770700636945
CAAFDYW,4,0.006369426751592357
CAAGDAFDMW,2,0.0031847133757961785
CAAYFDYW,2,0.0031847133757961785
CAHGSTLGAFDIW,2,0.0031847133757961785
CAKDFSDGWYFDVW,2,0.0031847133757961785
CAKDHPTAGFDWW,2,0.0031847133757961785
CAKGGTNFDYW,2,0.0031847133757961785
CAPSRTYRDYW,15,0.02388535031847134
CARAQILRYFEYW,3,0.004777070063694267
CARAQVLRYFDYW,4,0.006369426751592357
CARAYGGDAFDVW,2,0.0031847133757961785
CARDDGDQLDYW,16,0.025477707006369428
CARDDYGDYLFDHW,2,0.0031847133757961785
CARDESARSYDYW,2,0.0031847133757961785
CARDEVQVGFDYW,33,0.052547770700636945
CARDGGAFDYW,3,0.004777070063694267
CARDGVGHAFDPW,4,0.006369426751592357
CARDPATFDYVW,2,0.0031847133757961785
CAREGFNWYFDLW,4,0.006369426751592357
CAREGVNWYFDLW,4,0.006369426751592357
CAREPSSGYHFDYW,2,0.0031847133757961785
CARERRGDYW,8,0.012738853503184714
CAREVKDDLYFDLW,2,0.0031847133757961785
CARGGFDRSYDYW,4,0.006369426751592357
CARGIWFDLW,2,0.0031847133757961785
CARGNRPFDYW,10,0.01592356687898089
CARGYGIYW,2,0.0031847133757961785
CARHLGYRKFDYW,3,0.004777070063694267
CARHSGGPFDYW,21,0.03343949044585987
CARKSGAHDYW,2,0.0031847133757961785
CARLNTMHFDIW,4,0.006369426751592357
CARLNTMRFDIW,5,0.007961783439490446
CARNGDYW,3,0.004777070063694267
CARQRGLQLDYW,16,0.025477707006369428
CARQVRGSSFDSW,2,0.0031847133757961785
CARRAVGNWFDPW,19,0.030254777070063694
CARVLAWTEFDFW,5,0.007961783439490446
CASHSFDYW,2,0.0031847133757961785
CASHYYDAFDIW,2,0.0031847133757961785
CATGAYGAFDVW,24,0.03821656050955414
CATGDFDFW,25,0.03980891719745223
CATGFSVFEYW,6,0.009554140127388535
CATGGLFRSFDNW,9,0.014331210191082803
CATGTLGRADAFDVW,3,0.004777070063694267
CFALDVW,8,0.012738853503184714
CLQYNSYW,2,0.0031847133757961785
CSAADCPFYLDYW,5,0.007961783439490446
CSRFDSW,2,0.0031847133757961785
CSSISCSDFDPW,2,0.0031847133757961785
CSSISCSEFDPW,2,0.0031847133757961785
CSSTSCSFDHW,2,0.0031847133757961785
CTRDDGDHLDYW,3,0.004777070063694267
CTRDDGDQLDYW,256,0.40764331210191085
CTRGDAGDYW,5,0.007961783439490446
CTRHYVDGAFDYW,2,0.0031847133757961785
CTSLDYW,2,0.0031847133757961785
CVREIWWRFDYW,2,0.0031847133757961785
CVRSYNRNWFDPW,2,0.0031847133757961785
CVTRGFDYW,4,0.006369426751592357
CVTRGLYDHDYW,2,0.0031847133757961785
CYVYYYYYMDVW,3,0.004777070063694267
