CDR3,count,relative.frequency
CAANSDHLNF,2,0.0030349013657056147
CAASGFDFSNF,4,0.006069802731411229
CAASGFTFSTF,3,0.004552352048558422
CAFLDDSMFTF,2,0.0030349013657056147
CAIQYVLLF,8,0.012139605462822459
CAKDFGPGF,4,0.006069802731411229
CAKDRLYYGGNF,22,0.03338391502276176
CAKDSDLGYSYGF,2,0.0030349013657056147
CAKDSRRGYSGF,5,0.007587253414264037
CAKYGAYYF,2,0.0030349013657056147
CARDLEYNF,2,0.0030349013657056147
CARDLGF,153,0.2321699544764795
CARDPGF,2,0.0030349013657056147
CARGGF,27,0.0409711684370258
CARPTGWDSGF,11,0.01669195751138088
CARPTGWYSGF,13,0.019726858877086494
CARSASRGF,6,0.009104704097116844
CASHGDSNNVLF,2,0.0030349013657056147
CATDLPGMGF,2,0.0030349013657056147
CATRHRSAEPAGF,2,0.0030349013657056147
CCSYKVF,3,0.004552352048558422
CESASYPEGNF,65,0.09863429438543247
CGSPEAF,8,0.012139605462822459
CGTWDSSLSAGF,2,0.0030349013657056147
CHQCNNWHTF,3,0.004552352048558422
CHQHHSFPHTF,2,0.0030349013657056147
CHQYDASSTF,2,0.0030349013657056147
CHQYHSFTYTF,2,0.0030349013657056147
CHVWDTITDEGF,2,0.0030349013657056147
CIQSLQSFTF,2,0.0030349013657056147
CLHYTKYPWTF,5,0.007587253414264037
CLLCSSRRAWSRF,2,0.0030349013657056147
CLLLCETFGF,2,0.0030349013657056147
CLLLLYIYFSKLF,3,0.004552352048558422
CMQATQFPYTF,103,0.15629742033383914
CMSYTRSSTYVF,2,0.0030349013657056147
CQAWDSNAWGF,6,0.009104704097116844
CQAWGSNTVAF,2,0.0030349013657056147
CQETYITPWTF,8,0.012139605462822459
CQHSSSIPWTF,2,0.0030349013657056147
CQHYLNLPYTF,7,0.010622154779969651
CQLYGRLPYTF,2,0.0030349013657056147
CQQCDDWPGTF,2,0.0030349013657056147
CQQFGTSFPTF,2,0.0030349013657056147
CQQRGEKYTF,2,0.0030349013657056147
CQQRNNWPPNF,2,0.0030349013657056147
CQQSAITLWTF,4,0.006069802731411229
CQQSDSAPLTF,2,0.0030349013657056147
CQQTDLTPFNF,10,0.015174506828528073
CQQTDLTPYNF,14,0.021244309559939303
CQQTFNTLFTF,7,0.010622154779969651
CQQYGKTF,2,0.0030349013657056147
CQQYGTALQTF,6,0.009104704097116844
CQQYSHNSWTF,2,0.0030349013657056147
CQRPLPLLWF,2,0.0030349013657056147
CQTWDRSTYVF,24,0.036418816388467376
CQVWDSHTGIF,2,0.0030349013657056147
CSRGGF,6,0.009104704097116844
CSSYTSSSTF,6,0.009104704097116844
CTSTLPFGF,2,0.0030349013657056147
CTSYTSGTTVVF,2,0.0030349013657056147
CVHSSMGF,49,0.07435508345978756
CVQHNMFPLTF,2,0.0030349013657056147
