CDR3,count,relative.frequency
CASRPTGNYGYTF,5,0.5555555555555556
CASTLGQGNGYTF,2,0.2222222222222222
CASYAPSTDTQYF,2,0.2222222222222222
