CDR3,count,relative.frequency
CAGLLDYW,4,0.0103359173126615
CAGTTCSTYFDYW,2,0.00516795865633075
CAHRQGERNYFDYW,6,0.015503875968992248
CAKDGGALDVW,9,0.023255813953488372
CAKEGWELEFDYW,4,0.0103359173126615
CAKNSGGYVDYW,2,0.00516795865633075
CALDYW,16,0.041343669250646
CARAGDSDAFDIW,3,0.007751937984496124
CARALVEGFDVW,20,0.05167958656330749
CARATDRYYFDLW,3,0.007751937984496124
CARAVVAVANWFDTW,2,0.00516795865633075
CARDGAFDIW,2,0.00516795865633075
CARDGERGGDYW,4,0.0103359173126615
CARDGGNNWFDPW,10,0.025839793281653745
CARDLNWFDSW,2,0.00516795865633075
CARDPNGYYFDYW,7,0.01808785529715762
CARDQGHEAFDIW,68,0.17571059431524547
CARDQGLEAFDIW,2,0.00516795865633075
CARDYPFDYW,5,0.012919896640826873
CAREEAGNYFDYW,11,0.028423772609819122
CAREGFDHW,14,0.03617571059431524
CAREGGDYW,4,0.0103359173126615
CARGHYYYAMDVW,5,0.012919896640826873
CARGSAEFDYW,80,0.20671834625322996
CARGTDNFYLDYW,3,0.007751937984496124
CARGVNFDYW,3,0.007751937984496124
CARGVTDYW,2,0.00516795865633075
CARGYEDAFDIW,2,0.00516795865633075
CARRDPGYWYLDLW,2,0.00516795865633075
CARTTVTATWFDPW,2,0.00516795865633075
CARVGTSSFDSW,4,0.0103359173126615
CARVQPGPYYFDFW,2,0.00516795865633075
CARVRWGSAFDIW,5,0.012919896640826873
CASGGSFYPQYW,3,0.007751937984496124
CATGDDAWYFEYW,2,0.00516795865633075
CATSTPMDLLDYW,15,0.03875968992248062
CFDHW,2,0.00516795865633075
CGTTTDYAFDVW,2,0.00516795865633075
CHGMDVW,2,0.00516795865633075
CSGGFCDYPYFDYW,2,0.00516795865633075
CSKDHDYW,7,0.01808785529715762
CSRGWFAPW,2,0.00516795865633075
CSTTSCPGAFDVW,6,0.015503875968992248
CTRMAYAFDSW,17,0.04392764857881137
CTRVLGFDPW,2,0.00516795865633075
CVKNSSVWFFDYW,2,0.00516795865633075
CVREGFDTW,7,0.01808785529715762
CVRGGAYDTLDIW,2,0.00516795865633075
CVTLSFDYW,2,0.00516795865633075
CYAFDSW,2,0.00516795865633075
