CDR3,count,relative.frequency
CARVERTTIF,9,0.16363636363636364
CMHSLQSPPIF,2,0.03636363636363636
CQAWDTNTLIF,2,0.03636363636363636
CQHYYTTPFIF,32,0.5818181818181818
CSSSAGNRNLIF,6,0.10909090909090909
CTSYADNSKLIF,4,0.07272727272727272
