CDR3,count,relative.frequency
CASSSPRGEQYF,2,0.10526315789473684
CASSXTRDTQYF,17,0.8947368421052632
