CDR3,count,relative.frequency
CARDGGGTDLIF,2,0.043478260869565216
CASWDDSLRGVIF,2,0.043478260869565216
CASYAGSNTLIF,3,0.06521739130434782
CASYAGSRNYIF,8,0.17391304347826086
CCQQSYDRPLTF,2,0.043478260869565216
CCSYAGNNILIF,2,0.043478260869565216
CCSYAGRGVIF,3,0.06521739130434782
CDSHTTTDTRIF,2,0.043478260869565216
CISYTTSRTLIF,8,0.17391304347826086
CQHYHSYPYIF,4,0.08695652173913043
CQQTYFTPLIF,6,0.13043478260869565
CQQYSTFPWIF,2,0.043478260869565216
CTSYGGRNNLIF,2,0.043478260869565216
