CDR3,count,relative.frequency
CASRSGTVAEQYF,2,0.14285714285714285
CASSLEGGNTIYF,2,0.14285714285714285
CVRETFYF,10,0.7142857142857143
