CDR3,count,relative.frequency
CAKYYDLQPDAFDIW,2,0.019417475728155338
CARDFTTVTVDYW,5,0.04854368932038835
CARDRKLALDYW,16,0.1553398058252427
CARDSFFVW,4,0.038834951456310676
CARDSGITRFDYW,2,0.019417475728155338
CARDSGRGDTFDVW,6,0.05825242718446602
CARGRGADYW,3,0.02912621359223301
CARHLWDIFDYW,18,0.17475728155339806
CARRRGTWNLDYW,4,0.038834951456310676
CARSAYYFDYW,13,0.1262135922330097
CASGKFDYW,6,0.05825242718446602
CLRRRRRDYW,2,0.019417475728155338
CSGGSCSRADYW,2,0.019417475728155338
CSGGSCYGFDYW,2,0.019417475728155338
CVAGSIFDYW,2,0.019417475728155338
CVRDGAEDAFEIW,2,0.019417475728155338
CVRDSGRGDTFDVW,4,0.038834951456310676
CVVDYW,2,0.019417475728155338
CYCSGSFDYW,6,0.05825242718446602
CYSEDAFDFW,2,0.019417475728155338
