CDR3,count,relative.frequency
CASRGRWADTQYF,2,0.14285714285714285
CASSGQGEAFF,2,0.14285714285714285
CASSHRYSLYEQYF,5,0.35714285714285715
CASSQVQGTEAFF,2,0.14285714285714285
CASSSSMLEQYF,3,0.21428571428571427
