CDR3,count,relative.frequency
CAAWDGYYKKLF,3,0.21428571428571427
CALWEATYYKKLF,3,0.21428571428571427
CATWDRGGSYYKKLF,6,0.42857142857142855
CATWEMVYKKLF,2,0.14285714285714285
