CDR3,count,relative.frequency
CAKDRDGMDVW,2,0.014084507042253521
CAKGLGRFDYW,3,0.02112676056338028
CARARGEILFDYW,2,0.014084507042253521
CARDGRLSPADYW,2,0.014084507042253521
CARDKDILSFDSW,2,0.014084507042253521
CARDPIIRGFDYW,13,0.09154929577464789
CARGGSFDLW,15,0.1056338028169014
CARGLNWNYDYW,21,0.14788732394366197
CARGLYVDVW,4,0.028169014084507043
CARGTTVTSFDYW,4,0.028169014084507043
CARLVRGSPPDYW,15,0.1056338028169014
CARNNYYYGMDVW,11,0.07746478873239436
CARRDYGDYW,5,0.035211267605633804
CARTRSRGGGFFDYW,2,0.014084507042253521
CARWTANCFEPW,2,0.014084507042253521
CATGRSTYYIDYW,6,0.04225352112676056
CKNNICPYYFDNW,2,0.014084507042253521
CMRQVSGFDEW,3,0.02112676056338028
CSADLDYW,12,0.08450704225352113
CSGGTCPFDSW,2,0.014084507042253521
CSGVCYHDAFDIW,2,0.014084507042253521
CSRGSCRAEYLQHW,2,0.014084507042253521
CSRGSCYIDYW,3,0.02112676056338028
CSTDFDYW,3,0.02112676056338028
CVSGPLIDFDFW,2,0.014084507042253521
CYRFPEHFQHW,2,0.014084507042253521
