CDR3,count,relative.frequency
CAGDHCYGFEYW,2,0.008928571428571428
CAGGYFPDW,2,0.008928571428571428
CAHQKERWFDPW,23,0.10267857142857142
CAHRRGAPGFFDYW,8,0.03571428571428571
CARDGLAGNWFDPW,2,0.008928571428571428
CARDQSWSCDYW,15,0.06696428571428571
CARDQSWSFDYW,22,0.09821428571428571
CAREPYYNAVDYW,12,0.05357142857142857
CARGADYGDYGDYW,2,0.008928571428571428
CARGPEFNWFDPW,14,0.0625
CARHRDFDYW,4,0.017857142857142856
CARHRTTVNWFDPW,2,0.008928571428571428
CARLGTNFDYW,2,0.008928571428571428
CARRGGISTFDYW,17,0.07589285714285714
CARSRNWFDPW,3,0.013392857142857142
CARVMRPLAPFDYW,4,0.017857142857142856
CARWNYGDFDYW,2,0.008928571428571428
CASHDGSGFRYW,2,0.008928571428571428
CASSLDYW,33,0.14732142857142858
CSEGSCYEGNFDYW,29,0.12946428571428573
CSSLDYW,6,0.026785714285714284
CTKDHAYSFDYW,10,0.044642857142857144
CTRDLGHPKYYFYYW,2,0.008928571428571428
CVRAGRGLFDHW,2,0.008928571428571428
CVRDSRSYFFDNW,2,0.008928571428571428
CVRGPITAAFDYW,2,0.008928571428571428
