CDR3,count,relative.frequency
CAAQLLAKTDGF,2,0.002758620689655172
CAAWDDSLSGWGF,2,0.002758620689655172
CAHLANF,2,0.002758620689655172
CAKDHAEGGGYGF,2,0.002758620689655172
CAKSTSRGF,2,0.002758620689655172
CAKVLEYYDF,4,0.005517241379310344
CALYWGSGVWLF,12,0.016551724137931035
CARGGF,4,0.005517241379310344
CESASYPEGNF,176,0.24275862068965517
CGSVCLQSQHF,3,0.004137931034482759
CGSVRLQSQHF,3,0.004137931034482759
CGSVRPQSQHF,3,0.004137931034482759
CHQHHSSPRTF,2,0.002758620689655172
CHQHYSSPRTF,4,0.005517241379310344
CHQRSDWVTF,6,0.008275862068965517
CHQSGDLHTF,2,0.002758620689655172
CHQYHSAPRTF,2,0.002758620689655172
CHQYYESPQTF,3,0.004137931034482759
CIIVRQLFTTF,2,0.002758620689655172
CISFLFFSFF,5,0.006896551724137931
CKASEDSFSGF,4,0.005517241379310344
CLHYNTYSTF,4,0.005517241379310344
CLQGTFWPWTF,2,0.002758620689655172
CLQTLQIPPTF,3,0.004137931034482759
CLVNFGGAQPLGF,2,0.002758620689655172
CMQAQQTPLTF,2,0.002758620689655172
CMQGSRFPYTF,2,0.002758620689655172
CPPADPGTQGF,2,0.002758620689655172
CQAWDSNAYVF,2,0.002758620689655172
CQHF,2,0.002758620689655172
CQHFGNSRLTF,3,0.004137931034482759
CQHGTNWPITF,4,0.005517241379310344
CQHVNNYTYTF,9,0.012413793103448275
CQKYGDSLYTF,3,0.004137931034482759
CQQFHVYSTF,7,0.009655172413793104
CQQFITFPYTF,5,0.006896551724137931
CQQFNAYPLTF,2,0.002758620689655172
CQQFYINPITF,379,0.5227586206896552
CQQFYPSITF,2,0.002758620689655172
CQQGF,2,0.002758620689655172
CQQHNGYRWTF,3,0.004137931034482759
CQQLINWPGGF,2,0.002758620689655172
CQQRSNWPSFTF,4,0.005517241379310344
CQQSYTSRTF,13,0.01793103448275862
CQQSYTVEYTF,9,0.012413793103448275
CQQYDGSPWTF,2,0.002758620689655172
CQQYDTYRTF,2,0.002758620689655172
CQVWDTGTEIF,2,0.002758620689655172
CSDVIIARCGF,2,0.002758620689655172
CSVHHSHNTGF,2,0.002758620689655172
CYTAPPYGQPQPGF,2,0.002758620689655172
