CDR3,count,relative.frequency
CAANSDHLNF,2,0.0032948929159802307
CAANSDHLNFGLF,2,0.0032948929159802307
CAARVAFSEALVF,6,0.009884678747940691
CAF,6,0.009884678747940691
CAGASGNTGKLIF,2,0.0032948929159802307
CAGESVSNF,2,0.0032948929159802307
CALAGEGGGF,2,0.0032948929159802307
CARASGSWLVDF,13,0.0214168039538715
CARGERFLITF,18,0.029654036243822075
CAVDGADKLIF,2,0.0032948929159802307
CCSFAGSYTF,3,0.004942339373970346
CCSYAARSGF,2,0.0032948929159802307
CCSYAASYTVNF,2,0.0032948929159802307
CCSYAGGYVF,3,0.004942339373970346
CCSYAGSGSVVF,6,0.009884678747940691
CEQFGASLTF,10,0.016474464579901153
CESASDPEGNF,2,0.0032948929159802307
CESASYPEGNF,362,0.5963756177924218
CESASYPGGNF,4,0.006589785831960461
CGSASYPEGNF,4,0.006589785831960461
CGSLWGGGGF,3,0.004942339373970346
CGSPEAF,12,0.019769357495881382
CIIPSGFFFF,2,0.0032948929159802307
CLHHNHYVRTF,2,0.0032948929159802307
CLHHNRYFRTF,8,0.013179571663920923
CLHHNRYLRTF,3,0.004942339373970346
CLHYNRYLRTF,3,0.004942339373970346
CLHYTHSLRTF,2,0.0032948929159802307
CLLFGTQLVFF,2,0.0032948929159802307
CLQHNNLWTF,6,0.009884678747940691
CLQYDNLWTF,2,0.0032948929159802307
CLQYNRYVRTF,5,0.008237232289950576
CMAALQPLYTF,2,0.0032948929159802307
CMQGLHSWTF,2,0.0032948929159802307
CMQGLRIPQTF,2,0.0032948929159802307
CMQSLQGDTF,4,0.006589785831960461
CPLYSGGVYVF,2,0.0032948929159802307
CPSARCFFIPWF,2,0.0032948929159802307
CQESYNAPYTF,2,0.0032948929159802307
CQHLINYPFTF,3,0.004942339373970346
CQKYDSAPFTF,2,0.0032948929159802307
CQKYNRPFTF,2,0.0032948929159802307
CQLYGTSPRYTF,2,0.0032948929159802307
CQNFNSGPLTF,3,0.004942339373970346
CQQDNDYWKF,2,0.0032948929159802307
CQQDNSLWTF,3,0.004942339373970346
CQQFFITPRTF,3,0.004942339373970346
CQQGYQKPRTF,6,0.009884678747940691
CQQRHITF,2,0.0032948929159802307
CQQRRTF,4,0.006589785831960461
CQQRSYLITF,2,0.0032948929159802307
CQQSENFSTF,5,0.008237232289950576
CQQVKRYPYTF,3,0.004942339373970346
CQQYDSHSWTF,4,0.006589785831960461
CQQYDTF,2,0.0032948929159802307
CQQYDTYRTF,2,0.0032948929159802307
CQQYENFSTF,9,0.014827018121911038
CQQYNTTF,2,0.0032948929159802307
CQQYSRGYTF,6,0.009884678747940691
CQQYYLWPLTF,3,0.004942339373970346
CQVYNDLSWTF,2,0.0032948929159802307
CSSLLYLCCTF,2,0.0032948929159802307
CSSYAGSNNF,2,0.0032948929159802307
CSSYAGSNNFGF,7,0.011532125205930808
CTAMLAPGF,5,0.008237232289950576
