CDR3,count,relative.frequency
CAHGADGYFDLW,2,0.009615384615384616
CAKGCLDGFDYW,2,0.009615384615384616
CAKGCLEGFDYW,9,0.04326923076923077
CALTNWFSYW,3,0.014423076923076924
CALTNYFHFW,2,0.009615384615384616
CAQVVRGLFDYW,3,0.014423076923076924
CARAGYHLHYFDYW,2,0.009615384615384616
CARAYTLDYW,2,0.009615384615384616
CARENGYTPFDLW,2,0.009615384615384616
CAREPMASANDYW,5,0.02403846153846154
CARETQENAFDLW,46,0.22115384615384615
CARGDYEHTIDYW,2,0.009615384615384616
CARGDYGGYW,2,0.009615384615384616
CARGKGWVDYW,7,0.03365384615384615
CARGYDFSDFDYW,3,0.014423076923076924
CARGYFDWHNYFDCW,2,0.009615384615384616
CARHKSGSDWLDPW,2,0.009615384615384616
CARHNYALNFDLW,7,0.03365384615384615
CARHWNDFDYW,3,0.014423076923076924
CARQIVGTRVFDYW,5,0.02403846153846154
CARRTGSYVDFW,10,0.04807692307692308
CARSTGEGNYFEYW,4,0.019230769230769232
CARVWGGDPPDYW,3,0.014423076923076924
CATDYDYW,3,0.014423076923076924
CATGSGSRGFDPW,2,0.009615384615384616
CATRGPSDYW,4,0.019230769230769232
CATRNSLDYW,2,0.009615384615384616
CISSRVIDYW,2,0.009615384615384616
CSPTSCLGFDYW,7,0.03365384615384615
CTRGHMGDYW,2,0.009615384615384616
CTRYPRGVGFDPW,8,0.038461538461538464
CTSTNCPYYLDYW,2,0.009615384615384616
CTTKFNYW,7,0.03365384615384615
CTTRTCSHFDHW,4,0.019230769230769232
CVKGAYTNYW,3,0.014423076923076924
CYCDHYMDVW,20,0.09615384615384616
CYTSYLDYW,14,0.0673076923076923
