CDR3,count,relative.frequency
CAKDADIW,15,0.13274336283185842
CAMDVW,2,0.017699115044247787
CARDAGVAEAFDIW,2,0.017699115044247787
CARDYGDYFDYW,2,0.017699115044247787
CAREGQLLTLDYW,5,0.04424778761061947
CARGARQLNYFDFW,5,0.04424778761061947
CARGDYW,4,0.035398230088495575
CARGTDLFDRW,4,0.035398230088495575
CARGVFDPW,3,0.02654867256637168
CARHGPYDQAAFDIW,2,0.017699115044247787
CARKSSDAFDVW,3,0.02654867256637168
CARMADPRRETDYW,2,0.017699115044247787
CARQWVKSFDHW,3,0.02654867256637168
CARRFAFDIW,2,0.017699115044247787
CARSGNWFDPW,5,0.04424778761061947
CATAEGTGFDYW,4,0.035398230088495575
CCREEGDYW,4,0.035398230088495575
CEYFHHW,5,0.04424778761061947
CHAAGTLDYW,2,0.017699115044247787
CLRSVCSPFDHW,7,0.061946902654867256
CSDDAFDIW,5,0.04424778761061947
CSSTNCYDSW,2,0.017699115044247787
CTRSNEYKFDYW,5,0.04424778761061947
CVKGSQFDHW,2,0.017699115044247787
CVKGSQFDYW,3,0.02654867256637168
CVSIDDYGGDYW,7,0.061946902654867256
CVTQGFDYW,2,0.017699115044247787
CYKGFDFW,3,0.02654867256637168
CYPEYFQDW,3,0.02654867256637168
