CDR3,count,relative.frequency
CASSAGRGGNTIYF,2,0.18181818181818182
CASSLQGASGYTF,2,0.18181818181818182
CASSRDVNYGYTF,2,0.18181818181818182
CAWRSTGQETQYF,2,0.18181818181818182
CSVESTVNTEAFF,3,0.2727272727272727
