CDR3,count,relative.frequency
CARDYRNTIF,8,0.24242424242424243
CARPLWF,4,0.12121212121212122
CMQTLHRPLTF,2,0.06060606060606061
CQQLNSYPLIF,2,0.06060606060606061
CQQYYGSPLIF,2,0.06060606060606061
CSSYTNTSALIF,12,0.36363636363636365
CVRPLWF,3,0.09090909090909091
