CDR3,count,relative.frequency
CASRAGQGNEKLFF,2,0.14285714285714285
CASSLELQGYEQYF,10,0.7142857142857143
CASTNRVGNTEAFF,2,0.14285714285714285
