CDR3,count,relative.frequency
CARDVLRITIF,2,0.14285714285714285
CDTSSDDRNVIF,2,0.14285714285714285
CGSYTTTDTLIF,6,0.42857142857142855
CQQYTRRPLTF,2,0.14285714285714285
CVSYTTTDTLIF,2,0.14285714285714285
