CDR3,count,relative.frequency
CAAGIGWLIDYW,6,0.043478260869565216
CADGWWQGFGYW,2,0.014492753623188406
CAGRIFDIW,10,0.07246376811594203
CAHGSCAFDHW,2,0.014492753623188406
CAKDYGGSSLFDYW,2,0.014492753623188406
CARATPFFYW,2,0.014492753623188406
CARDEGLRYFDYW,2,0.014492753623188406
CARDSAHSLDYW,4,0.028985507246376812
CAREDLLWAFDFW,2,0.014492753623188406
CAREEPRGWFDSW,2,0.014492753623188406
CAREGKKGDFDYW,2,0.014492753623188406
CARGFLRKGFDSW,2,0.014492753623188406
CARGGTVTDFDLW,2,0.014492753623188406
CARGLLGAFDNW,25,0.18115942028985507
CARGNSGGLSDYW,2,0.014492753623188406
CARGSYSGYGGYW,2,0.014492753623188406
CARHTFGAYDIW,5,0.036231884057971016
CARITLWRYYFDYW,2,0.014492753623188406
CARMDDYHDSW,2,0.014492753623188406
CARRADYFDTW,4,0.028985507246376812
CARRHFWSAYCDYW,2,0.014492753623188406
CARRHGAGAFDVW,2,0.014492753623188406
CARSPDGGYDDYW,2,0.014492753623188406
CASQKGYRIDYW,3,0.021739130434782608
CATLMTTGYFDDW,2,0.014492753623188406
CATSDYIGDPDYW,2,0.014492753623188406
CAVCYSDALDVW,3,0.021739130434782608
CAYYYYMDVW,2,0.014492753623188406
CFASPFDCW,2,0.014492753623188406
CGTFDLW,4,0.028985507246376812
CLRSQNLFDLW,2,0.014492753623188406
CSDDFDVW,2,0.014492753623188406
CSTTKCPFDYW,2,0.014492753623188406
CTNDCFDYW,2,0.014492753623188406
CTNFDFW,3,0.021739130434782608
CTQFDYW,2,0.014492753623188406
CTRDRYLDSW,2,0.014492753623188406
CTRMDYW,5,0.036231884057971016
CTTGRDDFLYW,2,0.014492753623188406
CVMGAFQYW,3,0.021739130434782608
CYRRAFYFDLW,2,0.014492753623188406
CYRRAFYFDQW,5,0.036231884057971016
