CDR3,count,relative.frequency
CASSEGLYGYTF,4,0.16666666666666666
CASSFLQGTEAFF,2,0.08333333333333333
CASSIDRPDTQYF,2,0.08333333333333333
CASSLQETQYF,2,0.08333333333333333
CASSLSLTGELFF,5,0.20833333333333334
CASSLVNTEAFF,3,0.125
CASSSGPTYEQYF,2,0.08333333333333333
CASTPTEDGYTF,2,0.08333333333333333
CRPSGNNEQFF,2,0.08333333333333333
