CDR3,count,relative.frequency
CAAWDDSLIGPVF,17,0.19101123595505617
CAAWDDTLNGPVF,5,0.056179775280898875
CETWDSHLWVF,5,0.056179775280898875
CHSRDSSGNHLKVF,2,0.02247191011235955
CLLSYNGARVF,5,0.056179775280898875
CLLYMGGGIWLF,2,0.02247191011235955
CLLYYGGARVF,2,0.02247191011235955
CLLYYGGAVVF,5,0.056179775280898875
CQAWDSNTVVF,2,0.02247191011235955
CQAWDSRTVVF,2,0.02247191011235955
CQAWDSSTVVF,2,0.02247191011235955
CQAWDSTTAVF,2,0.02247191011235955
CQAWDSTTVVF,2,0.02247191011235955
CQIWGTGIWVF,11,0.12359550561797752
CQSVDSSGAYWVF,2,0.02247191011235955
CQSWGTGIVVF,3,0.033707865168539325
CQSYDSSLSGSVF,2,0.02247191011235955
CSAWDSSLSAWVF,2,0.02247191011235955
CSSHTSSSSLVF,2,0.02247191011235955
CSSYAGRNNFVRF,2,0.02247191011235955
CSSYTSSKTLVF,2,0.02247191011235955
CSSYTSSSFWVF,2,0.02247191011235955
CSYAGSSTLRVF,4,0.0449438202247191
CTSYAGSSFVF,2,0.02247191011235955
CTTWDDSLSGRVF,2,0.02247191011235955
