CDR3,count,relative.frequency
CAHTDGAARFDPW,2,0.0040650406504065045
CANMAAGTLDYW,2,0.0040650406504065045
CARASRPNFFDPW,2,0.0040650406504065045
CARDLYSYFDQW,3,0.006097560975609756
CARDPLEADFDTW,2,0.0040650406504065045
CARDSISARPHFDYW,3,0.006097560975609756
CAREGQLGNFDYW,8,0.016260162601626018
CAREKDGFDVW,2,0.0040650406504065045
CARENGGGIFDYW,2,0.0040650406504065045
CARENRGGIFDYW,17,0.034552845528455285
CARESGYYFDYW,15,0.03048780487804878
CAREVEGLFHYW,2,0.0040650406504065045
CAREVLGRFDPW,2,0.0040650406504065045
CARGFKYFDFW,3,0.006097560975609756
CARGRTIFDYW,7,0.014227642276422764
CARGVDYLDYW,3,0.006097560975609756
CARGVVSPDYW,38,0.07723577235772358
CARGYPLLDYW,29,0.05894308943089431
CARGYTRDAFEVW,8,0.016260162601626018
CARITGTTSFDFW,2,0.0040650406504065045
CARLNVTRNWFDPW,6,0.012195121951219513
CARMAIVMGVDYW,4,0.008130081300813009
CARNGVGDTFDIW,3,0.006097560975609756
CARNKVVDGWFDPW,3,0.006097560975609756
CARNSGSYDYW,2,0.0040650406504065045
CARRGRGKFFYFDQW,2,0.0040650406504065045
CARRGYTSAWFFDYW,5,0.01016260162601626
CARRRADSFDLW,2,0.0040650406504065045
CARSGYGLDYYFDYW,2,0.0040650406504065045
CARVKWRVAFDYW,2,0.0040650406504065045
CARWVDYGDYIDYW,14,0.028455284552845527
CARYVGKSDYW,12,0.024390243902439025
CASTHFGGTFDYW,3,0.006097560975609756
CATAVFDYW,3,0.006097560975609756
CATDTESGFDYW,2,0.0040650406504065045
CATGGSDYW,24,0.04878048780487805
CDAW,3,0.006097560975609756
CDHW,6,0.012195121951219513
CGSASDYW,12,0.024390243902439025
CGTGGLDYW,7,0.014227642276422764
CRDETFDYW,2,0.0040650406504065045
CSGGSCSYAFDIW,3,0.006097560975609756
CSGGTCSYAFDIW,10,0.02032520325203252
CSGGVCYSAFDYW,13,0.026422764227642278
CSGGVCYWAFDYW,3,0.006097560975609756
CSRTNCKAAFDYW,4,0.008130081300813009
CSSTSCYGVDYW,3,0.006097560975609756
CTRALDYW,12,0.024390243902439025
CTSFNCGNWFDPW,2,0.0040650406504065045
CTTDCFDIFDHW,2,0.0040650406504065045
CTTDRWDYW,68,0.13821138211382114
CVGGNLFDLW,5,0.01016260162601626
CVKESFDYW,3,0.006097560975609756
CVSASDYW,85,0.17276422764227642
CYSAFDYW,6,0.012195121951219513
CYYGLDVW,2,0.0040650406504065045
