CDR3,count,relative.frequency
CAILLGRDYW,4,0.04040404040404041
CAKAPPYGPFDYW,6,0.06060606060606061
CAKGAYDYW,15,0.15151515151515152
CARFDYW,4,0.04040404040404041
CARGPFDSW,2,0.020202020202020204
CARLGNHFDYW,2,0.020202020202020204
CARMSMIENAFDIW,2,0.020202020202020204
CARSYDQDGMDVW,2,0.020202020202020204
CARVSGWYWFDPW,2,0.020202020202020204
CATGGSAYFDHW,2,0.020202020202020204
CATSSRTNAFDVW,2,0.020202020202020204
CATSSRTNAYDVW,6,0.06060606060606061
CSAGRCDYAFDIW,8,0.08080808080808081
CTAGTPVDYW,4,0.04040404040404041
CTIFGATFDYW,4,0.04040404040404041
CTRDPEGIQDFDYW,15,0.15151515151515152
CTRDTGSLQGFDYW,2,0.020202020202020204
CTREFHGGYHDYW,7,0.0707070707070707
CVRAFDIW,3,0.030303030303030304
CVRFDFW,5,0.050505050505050504
CWDVDYW,2,0.020202020202020204
