CDR3,count,relative.frequency
CARDTIF,20,0.5263157894736842
CLLGELNAPKIF,2,0.05263157894736842
CQQRTKRPLTF,2,0.05263157894736842
CTTPLTIF,14,0.3684210526315789
