CDR3,count,relative.frequency
CAAKSREPYF,2,0.07407407407407407
CASQGYTF,3,0.1111111111111111
CASSFAGTSYEQYF,9,0.3333333333333333
CASSFDRIYEQYF,3,0.1111111111111111
CASSISAGSTEAFF,2,0.07407407407407407
CASSLDAGELFF,2,0.07407407407407407
CASSLGSLYGYTF,2,0.07407407407407407
CASSPGQPDTQYF,2,0.07407407407407407
CSLSSLEIYF,2,0.07407407407407407
