CDR3,count,relative.frequency
CASREDGNYGYTF,2,0.11764705882352941
CASSIDPNYGYTF,2,0.11764705882352941
CASSLVAGSHGYTF,2,0.11764705882352941
CASSSGNYEQYF,2,0.11764705882352941
CASSSVEALEAFF,2,0.11764705882352941
CASTEGEDTEAFF,2,0.11764705882352941
CASTVQDQETQYF,3,0.17647058823529413
CAWTLRLGDGYTF,2,0.11764705882352941
