CDR3,count,relative.frequency
CCSYAGHRTLIF,2,0.3333333333333333
CCSYAGSQTLIF,2,0.3333333333333333
CLQYDRYPYIF,2,0.3333333333333333
