CDR3,count,relative.frequency
CAGRGYYYFDYW,2,0.0013966480446927375
CARAYGLIDYW,2,0.0013966480446927375
CARAYNYAFDVW,2,0.0013966480446927375
CARDSYSGDYPFDYW,2,0.0013966480446927375
CARGGHYDNYFDYW,3,0.002094972067039106
CARGGSVFYDAFDVW,2,0.0013966480446927375
CARGGSWFDSW,4,0.002793296089385475
CARRSAFDVW,2,0.0013966480446927375
CARTAFGDYPLFDYW,2,0.0013966480446927375
CATYSSGFSYW,2,0.0013966480446927375
CPPIHDYGDHW,2,0.0013966480446927375
CPTIHDYGDHW,4,0.002793296089385475
CSDGTCYWFDYW,2,0.0013966480446927375
CSPIHDYGDHW,2,0.0013966480446927375
CTNSFCPLDYW,7,0.004888268156424581
CTPIHDYGDHW,2,0.0013966480446927375
CTRQSVSCHDYW,4,0.002793296089385475
CTSIHDYGDHW,2,0.0013966480446927375
CTSTSCYAFDFW,2,0.0013966480446927375
CTTIHDYCDHW,4,0.002793296089385475
CTTIHDYGDHW,1316,0.9189944134078212
CTTIHDYGDYW,2,0.0013966480446927375
CTTIHDYGYYW,2,0.0013966480446927375
CTTIHDYRDHW,2,0.0013966480446927375
CTTIHDYSDHW,2,0.0013966480446927375
CTTIHEYGDYW,2,0.0013966480446927375
CTTIHNYGDHW,2,0.0013966480446927375
CTTIHQYGDHW,2,0.0013966480446927375
CTTIHYYGDHW,2,0.0013966480446927375
CVRGGRVFYDAFDMW,2,0.0013966480446927375
CVRKGYFDYW,4,0.002793296089385475
CVRVLSEVFDYW,28,0.019553072625698324
CVVRYDDMDVW,2,0.0013966480446927375
CYLHIGYNWFDPW,10,0.006983240223463687
