CDR3,count,relative.frequency
CARAPDEGAFDIW,4,0.15384615384615385
CARGDSPGVFDFW,2,0.07692307692307693
CARGTSLTNYFEYW,6,0.23076923076923078
CARGTTVTDYW,2,0.07692307692307693
CARGVDTGDFDAW,3,0.11538461538461539
CARLHVSSSSLFDYW,2,0.07692307692307693
CATGVTLDYW,2,0.07692307692307693
CVREGTSGYFLFW,5,0.19230769230769232
