CDR3,count,relative.frequency
CAAGTGYSDFDYW,5,0.0273224043715847
CAEQPAGGEDYW,6,0.03278688524590164
CAHRHPSTAFDIW,19,0.10382513661202186
CAHRSMTDAFDIW,14,0.07650273224043716
CAKEVAARLDYW,22,0.12021857923497267
CAKMVRGNWFDPW,2,0.01092896174863388
CAMGGDGLFDYW,18,0.09836065573770492
CARAGPGEFDNW,2,0.01092896174863388
CARASGRGSFDYW,10,0.0546448087431694
CARASNPHAFDMW,2,0.01092896174863388
CARDRARAFDIW,2,0.01092896174863388
CAREDDLFDLW,19,0.10382513661202186
CAREGSSSWFLDYW,3,0.01639344262295082
CARGGGANWFDPW,4,0.02185792349726776
CARGGGDYDFWDVW,2,0.01092896174863388
CARGWQPWFDSW,8,0.04371584699453552
CARHLSGGYDPFDYW,2,0.01092896174863388
CARRGFDYW,3,0.01639344262295082
CARSYDDFDYW,4,0.02185792349726776
CARVYYQYGMDVW,2,0.01092896174863388
CATYHPFDHW,2,0.01092896174863388
CSRHLSGGYDPFDYW,2,0.01092896174863388
CTRGGGYPFDYW,12,0.06557377049180328
CTTNSVVVSTDYW,12,0.06557377049180328
CVRDCDYW,4,0.02185792349726776
CVRGHSNYRGDYW,2,0.01092896174863388
