CDR3,count,relative.frequency
CASRDFTDTQYF,2,0.041666666666666664
CASRGDYTDTQYF,2,0.041666666666666664
CASSEGGQNYEQYF,2,0.041666666666666664
CASSFDRGSYEQYF,2,0.041666666666666664
CASSIAGPTEAFF,3,0.0625
CASSLDTPDTQYF,2,0.041666666666666664
CASSLVQGTYEQYF,6,0.125
CASSLVTSIGYTF,4,0.08333333333333333
CASSPDRINGYTF,3,0.0625
CASSPGTAYEQYF,3,0.0625
CASSPTREKLFF,2,0.041666666666666664
CASSRDRSGEQFF,2,0.041666666666666664
CKSHRGYTF,2,0.041666666666666664
CSAPQGTEAFF,2,0.041666666666666664
CSASYKAGYEQYF,3,0.0625
CSATRTGPGNQPQHF,2,0.041666666666666664
CSVERSDQDTQYF,2,0.041666666666666664
CSVGGGTEAFF,2,0.041666666666666664
CSVGPLNTEAFF,2,0.041666666666666664
