CDR3,count,relative.frequency
CAASTSSFDNW,7,0.007658643326039387
CAASTSSLDYW,2,0.002188183807439825
CAASTSYFDYW,2,0.002188183807439825
CAASTTSFHYW,9,0.009846827133479213
CAAYTSYFDNW,2,0.002188183807439825
CAKDYGQYFDHW,3,0.0032822757111597373
CAKGGDGHVPFDYW,5,0.005470459518599562
CAKGSPQGGFDYW,4,0.00437636761487965
CAKGWTRDGFDVW,2,0.002188183807439825
CARALFENWFDPW,3,0.0032822757111597373
CARDTPGDSIDVW,4,0.00437636761487965
CAREEYSSASFDYW,2,0.002188183807439825
CAREFYYRFDYW,2,0.002188183807439825
CARETLGAFDVW,3,0.0032822757111597373
CARETTRKFDSW,2,0.002188183807439825
CARGGGHSFSYW,4,0.00437636761487965
CARGGWNDDGMDVW,3,0.0032822757111597373
CARGIRADYW,2,0.002188183807439825
CARGLGDYW,5,0.005470459518599562
CARGNYGDYFDYW,5,0.005470459518599562
CARGWGSFDYW,20,0.02188183807439825
CARHGGSTGWFDPW,4,0.00437636761487965
CARHPGASFDYW,3,0.0032822757111597373
CARIEGFGFDPW,20,0.02188183807439825
CARRAGESLFDYW,2,0.002188183807439825
CARRGGGHDYW,2,0.002188183807439825
CARRHYYFDLW,9,0.009846827133479213
CARRHYYFESW,3,0.0032822757111597373
CARRISGSTFDYW,6,0.006564551422319475
CARSDWFDPW,2,0.002188183807439825
CARSDWNSFDYW,4,0.00437636761487965
CARSVNFWFDFW,6,0.006564551422319475
CARSVNFWFDYW,39,0.04266958424507659
CARTSGWYYFDYW,14,0.015317286652078774
CARVFDFW,2,0.002188183807439825
CARWGGSTAFDYW,7,0.007658643326039387
CASERFDNW,5,0.005470459518599562
CASERFDSW,2,0.002188183807439825
CASVTGAFDYW,2,0.002188183807439825
CATLERSSEEDYW,3,0.0032822757111597373
CATVSSGWYYFDYW,2,0.002188183807439825
CAVALDYW,253,0.27680525164113784
CAVHAFDYW,2,0.002188183807439825
CGNFDFW,10,0.010940919037199124
CMDVW,6,0.006564551422319475
CNDFDNW,4,0.00437636761487965
CNNFDHW,7,0.007658643326039387
CRTIGTERDYW,3,0.0032822757111597373
CSGNTCFGAFDYW,6,0.006564551422319475
CSLFDYW,2,0.002188183807439825
CSRGNCHNWLDPW,2,0.002188183807439825
CTPYSYSDYW,273,0.2986870897155361
CTQFDYW,24,0.0262582056892779
CTQMDYW,2,0.002188183807439825
CTRDRAGAGLDYW,2,0.002188183807439825
CTREKKLSYFDLW,2,0.002188183807439825
CTRGGIVGDLDYW,2,0.002188183807439825
CTRGGIVGDRDYW,18,0.019693654266958426
CTRSWGDYW,3,0.0032822757111597373
CTSFDYW,4,0.00437636761487965
CTTDRYTKYKFDYW,5,0.005470459518599562
CTTSLGSWFDPW,11,0.012035010940919038
CVKALGDYW,2,0.002188183807439825
CVRGLGDYW,14,0.015317286652078774
CVRGLLYGWFDSW,23,0.02516411378555799
CVRGSARHWFDPW,2,0.002188183807439825
CVRGVESDYFDYW,2,0.002188183807439825
CVRIQNYFDHW,2,0.002188183807439825
