CDR3,count,relative.frequency
CAHSSGWQYYFDIW,2,0.012269938650306749
CARAGADYFDHW,129,0.7914110429447853
CARAGADYFGHW,2,0.012269938650306749
CARALDYW,7,0.04294478527607362
CARLVALTSYMDVW,2,0.012269938650306749
CARRWAGYYFDDW,4,0.024539877300613498
CATNTCPDDAFDLW,2,0.012269938650306749
CSTPYSGYVYYW,11,0.06748466257668712
CVKGGWADSW,2,0.012269938650306749
CVVGEHLDYW,2,0.012269938650306749
