CDR3,count,relative.frequency
CASILLAGDGYTF,3,0.08571428571428572
CASRNHRETQYF,3,0.08571428571428572
CASSHSGGYGYTF,5,0.14285714285714285
CASSLFRGPTEAFF,3,0.08571428571428572
CASSPDGNTIYF,2,0.05714285714285714
CASSPPSSETQYF,2,0.05714285714285714
CASSPRGRTQYF,2,0.05714285714285714
CASSPTPIYGYTF,5,0.14285714285714285
CASSYEGYEQYF,6,0.17142857142857143
CASTLDRSYGYTF,2,0.05714285714285714
CSAGSGANTDTQYF,2,0.05714285714285714
