CDR3,count,relative.frequency
CAANSDHLNF,6,0.046153846153846156
CAGRTGTASKLTF,2,0.015384615384615385
CAMGGSNYKLTF,2,0.015384615384615385
CARDADVNF,4,0.03076923076923077
CESASYPEANF,3,0.023076923076923078
CESASYPEGNF,28,0.2153846153846154
CESASYPERNF,2,0.015384615384615385
CGSLGGWGGF,2,0.015384615384615385
CHQSSTLAYTF,8,0.06153846153846154
CISFLFFSFF,7,0.05384615384615385
CLLSGTKGASF,2,0.015384615384615385
CLQHDTFPHTF,2,0.015384615384615385
CLQLNPYLSFTF,2,0.015384615384615385
CLQSLHTPWTF,2,0.015384615384615385
CMQSLHGPFTF,2,0.015384615384615385
CMQTLQISRTF,2,0.015384615384615385
CQAWDSDTVEGF,3,0.023076923076923078
CQHANTFSYTF,2,0.015384615384615385
CQHYYNIPYTF,4,0.03076923076923077
CQQSDNFPFTF,6,0.046153846153846156
CQQSLTTPYTF,3,0.023076923076923078
CQQSYSIPITF,6,0.046153846153846156
CQQTYNTLRTF,2,0.015384615384615385
CQQTYSAQWTF,4,0.03076923076923077
CQQVVDFPLTF,2,0.015384615384615385
CQQYDSSAYTF,2,0.015384615384615385
CQQYGRTF,10,0.07692307692307693
CQQYSSWVTF,2,0.015384615384615385
CSAHVFINICYIF,2,0.015384615384615385
CSSYAGNKYVF,2,0.015384615384615385
CTTDTF,4,0.03076923076923077
