CDR3,count,relative.frequency
CAGAVVGWFDPW,6,0.06521739130434782
CAGGRCYWAFDIW,2,0.021739130434782608
CAHHFDSW,7,0.07608695652173914
CARDSSAALDYW,6,0.06521739130434782
CARKWQDAFDIW,3,0.03260869565217391
CARQVAVAVFDRW,7,0.07608695652173914
CARSGDGNWFETW,2,0.021739130434782608
CARVGYSYGHFDYW,4,0.043478260869565216
CATLWGGLYNDFW,2,0.021739130434782608
CATQPGELQPLDYW,10,0.10869565217391304
CAWKPFDNW,4,0.043478260869565216
CFHIW,2,0.021739130434782608
CFNIW,6,0.06521739130434782
CTHGVCPFDSW,2,0.021739130434782608
CTRMVGISIFSYW,7,0.07608695652173914
CTSTSCYDYW,2,0.021739130434782608
CTTLWDRDYW,18,0.1956521739130435
CVRHAERFYFDSW,2,0.021739130434782608
