CDR3,count,relative.frequency
CARLYGYSF,2,0.09090909090909091
CASGGGLEQYF,2,0.09090909090909091
CASIPRNTEAFF,2,0.09090909090909091
CASSGSYYGYTF,2,0.09090909090909091
CASSLGGETQYF,2,0.09090909090909091
CASSSGTGYEAFF,2,0.09090909090909091
CASSTSLYEQYF,6,0.2727272727272727
CSVSTGRNTEAFF,2,0.09090909090909091
CTSDSVETQWF,2,0.09090909090909091
