CDR3,count,relative.frequency
CAGDCHDAFDLW,8,0.058823529411764705
CAKMGTRGDFDYW,3,0.022058823529411766
CAKRGLYHYLDSW,2,0.014705882352941176
CARCPQNLWYFDLW,3,0.022058823529411766
CARCTRTWFAPW,4,0.029411764705882353
CARDVMYRFDSW,2,0.014705882352941176
CARDYYYSNDYW,2,0.014705882352941176
CAREEGYFDLW,2,0.014705882352941176
CAREGNYLFDYW,2,0.014705882352941176
CAREPAAMGFDYW,17,0.125
CAREPAATGFDYW,2,0.014705882352941176
CARGDTDYGCDYW,15,0.11029411764705882
CARGYPYFGLW,2,0.014705882352941176
CARQKPLGHFDNW,2,0.014705882352941176
CARQTHYYALDVW,4,0.029411764705882353
CARSLPTDTGDYW,4,0.029411764705882353
CARVMVTTYNFFDPW,2,0.014705882352941176
CASGFYSFDQW,4,0.029411764705882353
CATEEWYHFDYW,2,0.014705882352941176
CATGIREGAFDSW,2,0.014705882352941176
CATMGVGGNWFDPW,4,0.029411764705882353
CDHW,8,0.058823529411764705
CSITVCLDYW,2,0.014705882352941176
CSLRDWYFDVW,4,0.029411764705882353
CSRGLCYDAFDMW,2,0.014705882352941176
CTRARGGGYFEQW,2,0.014705882352941176
CTRDTGVGGYIDFW,2,0.014705882352941176
CTRTWFAPW,2,0.014705882352941176
CTTDPSSMSDYW,2,0.014705882352941176
CTTNRCDWFDPW,4,0.029411764705882353
CTTNRCDWFDSW,2,0.014705882352941176
CTTTNCHIFFDHW,2,0.014705882352941176
CVRDHNYAFDVW,2,0.014705882352941176
CVREVTYDAFDMW,2,0.014705882352941176
CVREVTYDAFDVW,7,0.051470588235294115
CVRRGWWFDLW,5,0.03676470588235294
