CDR3,count,relative.frequency
CAHLPTIF,2,0.028169014084507043
CARDGIF,3,0.04225352112676056
CARDLIF,10,0.14084507042253522
CARDPTIF,15,0.2112676056338028
CARDRITIF,17,0.23943661971830985
CARNTIF,3,0.04225352112676056
CARQLPKIF,10,0.14084507042253522
CARVMIF,2,0.028169014084507043
CVRERITIF,9,0.1267605633802817
