CDR3,count,relative.frequency
CAAWDDKLSGRVF,5,0.014164305949008499
CAAWDDSLGGEVVF,3,0.0084985835694051
CAAWDDSLGGLYVF,12,0.0339943342776204
CAAWDDSLIGWVF,2,0.0056657223796034
CAAWDDSLNGPVF,2,0.0056657223796034
CCSYAGSYTLVF,2,0.0056657223796034
CCSYAGSYTSVF,13,0.036827195467422094
CCSYAGSYTYVF,2,0.0056657223796034
CETWDTNTRVF,3,0.0084985835694051
CGTWDSSLNAGVF,3,0.0084985835694051
CLLSF,16,0.0453257790368272
CLLSYNGAWVF,3,0.0084985835694051
CMIWHDSAWVF,2,0.0056657223796034
CMIWHSSTWVF,53,0.1501416430594901
CQAWDRSTAVF,2,0.0056657223796034
CQAWDSFTHVLF,4,0.0113314447592068
CQAWDSNTALF,2,0.0056657223796034
CQAWDSSHVVF,16,0.0453257790368272
CQAWDSSPQF,2,0.0056657223796034
CQAWDSSTASF,7,0.019830028328611898
CQAWDSSTLVF,5,0.014164305949008499
CQSADISGTYIF,7,0.019830028328611898
CQSADSRGNVVF,2,0.0056657223796034
CQSADSSGTQYVF,3,0.0084985835694051
CQSADSSGTWVF,11,0.031161473087818695
CQSHDSSTNWVF,4,0.0113314447592068
CQSYDGSNVVF,2,0.0056657223796034
CQSYDGSSHVVF,2,0.0056657223796034
CQSYDLSNHVVF,7,0.019830028328611898
CQSYDNTNQVF,5,0.014164305949008499
CQSYDSGAWVF,3,0.0084985835694051
CQSYDSSLRIAVF,4,0.0113314447592068
CQSYDSSLSAVLF,2,0.0056657223796034
CQSYDSSLSGQEVF,2,0.0056657223796034
CQSYDSSLSGSVF,14,0.039660056657223795
CQSYDSSLSWVF,2,0.0056657223796034
CQSYDTSLSGSLVF,2,0.0056657223796034
CQTWATGIWVF,10,0.028328611898016998
CQTWGTGIGVF,2,0.0056657223796034
CQVWDSDSYHVVF,2,0.0056657223796034
CSAWDDSLKGLVF,2,0.0056657223796034
CSAWDSSLNAWVF,6,0.0169971671388102
CSAWDTSLSAWVF,14,0.039660056657223795
CSLYTSTSTVVF,2,0.0056657223796034
CSSYAGSNNLGVF,2,0.0056657223796034
CSSYAGSNNYVLF,2,0.0056657223796034
CSSYAGSNSYVF,4,0.0113314447592068
CSSYTDSSTWVF,3,0.0084985835694051
CSSYTGSSTYVF,2,0.0056657223796034
CSSYTISSTYVF,3,0.0084985835694051
CSSYTSSRTVVF,16,0.0453257790368272
CSSYTSTLTLF,6,0.0169971671388102
CSSYTSTSTLVF,6,0.0169971671388102
CSYAGNYTFVF,6,0.0169971671388102
CSYAGSYTLVIF,4,0.0113314447592068
CVLYMGNGIWVF,2,0.0056657223796034
CVLYMGSGIPWVF,15,0.042492917847025496
CVLYMRSGVWVF,5,0.014164305949008499
CYSADFSGDQRVF,2,0.0056657223796034
CYSASDNNLYWMF,2,0.0056657223796034
CYSTDSSGDPVF,2,0.0056657223796034
CYTAADNDWVF,2,0.0056657223796034
