CDR3,count,relative.frequency
CARAVRTTIF,2,0.2857142857142857
CMHALEPPYIF,3,0.42857142857142855
CVSSRAMIF,2,0.2857142857142857
