CDR3,count,relative.frequency
CAHGYDSFDYW,5,0.11363636363636363
CAKGAHFDEW,2,0.045454545454545456
CARDLSWAFDSW,3,0.06818181818181818
CARDRTVTYFDYW,2,0.045454545454545456
CARGAYQFEYW,5,0.11363636363636363
CARGGYQFEYW,11,0.25
CARSRDGFNIW,2,0.045454545454545456
CARTNWYFDLW,5,0.11363636363636363
CASRINGYFDLW,2,0.045454545454545456
CSRWFDPW,2,0.045454545454545456
CTRGINWAFDIW,2,0.045454545454545456
CVRVDSAWYLDYW,3,0.06818181818181818
