CDR3,count,relative.frequency
CASSFSGGGYEQYF,4,0.15384615384615385
CASSFTGELFF,2,0.07692307692307693
CASSLDFDKTQYF,4,0.15384615384615385
CASSLGGRETQYF,2,0.07692307692307693
CASSLVGVLTEAFF,4,0.15384615384615385
CASSVDGVEAFF,2,0.07692307692307693
CATSRENSPLHF,4,0.15384615384615385
CSVVSGSGETQYF,2,0.07692307692307693
CSYNSPLHF,2,0.07692307692307693
