CDR3,count,relative.frequency
CASRLNRGELFF,3,0.13636363636363635
CASSFNSNTEAFF,3,0.13636363636363635
CASSLGLKETQYF,11,0.5
CASSLWYNEQFF,3,0.13636363636363635
CASSPGPNGYTF,2,0.09090909090909091
