CDR3,count,relative.frequency
CAAVYSNMSHNF,2,0.0031201248049922
CAEISGAGSYQLTF,2,0.0031201248049922
CAFQRGGGF,4,0.0062402496099844
CAKGPF,2,0.0031201248049922
CARAAYTF,2,0.0031201248049922
CARDNPDTGF,4,0.0062402496099844
CCSYAGISTF,3,0.0046801872074883
CESASYPEGNF,362,0.5647425897035881
CFSLPTSGQGF,2,0.0031201248049922
CGMISDAGAGF,2,0.0031201248049922
CGSASYPEGNF,2,0.0031201248049922
CGSVCLQSQHF,2,0.0031201248049922
CGSVRLQSQHF,2,0.0031201248049922
CGSVRPQSQHF,7,0.0109204368174727
CGSYTSGSKLF,8,0.0124804992199688
CGTIIHGCVF,2,0.0031201248049922
CHLGSLHPPPPGF,5,0.0078003120124804995
CHQSYSSPNTF,4,0.0062402496099844
CHQYDDYPYTF,2,0.0031201248049922
CHQYDTSPDTF,2,0.0031201248049922
CHQYGTLPLNF,2,0.0031201248049922
CHQYHTFWTF,8,0.0124804992199688
CHQYHTWPWTF,2,0.0031201248049922
CHQYNKWPFTF,2,0.0031201248049922
CISFLFFSFF,3,0.0046801872074883
CLHFGFSSYTF,2,0.0031201248049922
CLLRLLGPGNF,2,0.0031201248049922
CLLRSQLKQSF,2,0.0031201248049922
CLQSFSSRTF,21,0.0327613104524181
CMNGQQDPRTF,2,0.0031201248049922
CMQGLRIPATF,6,0.0093603744149766
CQEYAMSRTF,2,0.0031201248049922
CQEYSTYSLTF,2,0.0031201248049922
CQHSSTLPYTF,2,0.0031201248049922
CQHYGYPPPTF,2,0.0031201248049922
CQHYPNTF,6,0.0093603744149766
CQHYPSSLTF,2,0.0031201248049922
CQHYYLPPYTF,2,0.0031201248049922
CQKFGSSPPFTF,2,0.0031201248049922
CQNYGGSSLTF,2,0.0031201248049922
CQQF,3,0.0046801872074883
CQQHFGIPLTF,2,0.0031201248049922
CQQHLTF,2,0.0031201248049922
CQQNEDVPYTF,4,0.0062402496099844
CQQRNTWLTF,3,0.0046801872074883
CQQSYNSPFTF,3,0.0046801872074883
CQQSYSSPYTF,2,0.0031201248049922
CQQSYTSSWTF,2,0.0031201248049922
CQQTYSADTF,2,0.0031201248049922
CQQTYSARTF,2,0.0031201248049922
CQQTYSDRTF,10,0.015600624024960999
CQQTYTMFFTF,5,0.0078003120124804995
CQQWGTF,2,0.0031201248049922
CQQYAMSRTF,2,0.0031201248049922
CQQYETPYTF,2,0.0031201248049922
CQQYFGFPYTF,6,0.0093603744149766
CQQYFSDTTF,2,0.0031201248049922
CQQYGYFPWTF,53,0.08268330733229329
CQQYQTSSGTF,2,0.0031201248049922
CQQYYERRSTF,8,0.0124804992199688
CQQYYNLWTF,2,0.0031201248049922
CQQYYTVLPTF,2,0.0031201248049922
CQRFGFSSYTF,2,0.0031201248049922
CQSYGSVPPTF,2,0.0031201248049922
CQVWDGTGVVTF,2,0.0031201248049922
CRGSIASNF,2,0.0031201248049922
CRKPDVSHGEMVSGF,2,0.0031201248049922
CSDVIIARCGF,5,0.0078003120124804995
CSDVIVARCSF,2,0.0031201248049922
CSQNEESPWTF,2,0.0031201248049922
CSSFSTSGTLGVF,2,0.0031201248049922
CVREVRGF,2,0.0031201248049922
CVTVSSHEPHGF,2,0.0031201248049922
