CDR3,count,relative.frequency
CARDIGGYTF,2,0.04878048780487805
CASSPPSSYEQYF,7,0.17073170731707318
CQHYGQTF,25,0.6097560975609756
CSARGFGNTIYF,2,0.04878048780487805
CSVLTAYEQYF,5,0.12195121951219512
