CDR3,count,relative.frequency
CARDLRITIF,3,0.05357142857142857
CARDSPRIF,25,0.44642857142857145
CAREIRITIF,4,0.07142857142857142
CIQAQETPLIF,8,0.14285714285714285
CQAWDNSPEIF,2,0.03571428571428571
CSSHAGSDNLIF,2,0.03571428571428571
CSSHVGSDNLIF,2,0.03571428571428571
CSSYADSDNLIF,8,0.14285714285714285
CSSYADSNSLIF,2,0.03571428571428571
