CDR3,count,relative.frequency
CAKENYAMDVW,2,0.02531645569620253
CAKGVVAATSGFDYW,2,0.02531645569620253
CAKRGNDGSYFDYW,2,0.02531645569620253
CAKSPWSDSW,4,0.05063291139240506
CALETFDYW,3,0.0379746835443038
CARDPQRSFDYW,3,0.0379746835443038
CAREAYSGLYFDQW,17,0.21518987341772153
CARKRDYGDLDYW,2,0.02531645569620253
CARSYESTLDYW,2,0.02531645569620253
CARYHTPMFHFDYW,9,0.11392405063291139
CSGGSCYTDYW,4,0.05063291139240506
CSGGTCYDYW,16,0.20253164556962025
CSGGWFDPW,3,0.0379746835443038
CTRTSCYYDYW,2,0.02531645569620253
CTTTDCHMFDYW,6,0.0759493670886076
CYYDHAFDYW,2,0.02531645569620253
