CDR3,count,relative.frequency
CARDRHPIF,9,0.19148936170212766
CARGRIF,4,0.0851063829787234
CATRYRIF,17,0.3617021276595745
CLLYFGGVPLIF,5,0.10638297872340426
CNSLTAGRSIIF,2,0.0425531914893617
CQQCTHWPLIF,2,0.0425531914893617
CQQHEDRPLTF,2,0.0425531914893617
CQVSDSNTLIF,2,0.0425531914893617
CSSYAGSDHLIF,4,0.0851063829787234
