CDR3,count,relative.frequency
CAAWDDSLSDRLVF,2,0.02247191011235955
CATWDDSLSGPEVF,2,0.02247191011235955
CGTWDSSLSAVVF,6,0.06741573033707865
CGTWDSSLSGVF,2,0.02247191011235955
CLLSYSGGRVF,4,0.0449438202247191
CLLSYSLTRRVF,2,0.02247191011235955
CLLYYGGARVF,4,0.0449438202247191
CQAWDSSLFVF,4,0.0449438202247191
CQAWDSSTAVF,2,0.02247191011235955
CQAWGTGIRVF,2,0.02247191011235955
CQSYDNGLSGSVF,2,0.02247191011235955
CQSYDSSLIGSVF,11,0.12359550561797752
CQSYDSSLSGCVF,3,0.033707865168539325
CQSYDSTNDNYVF,29,0.3258426966292135
CQTWDSHTVVF,2,0.02247191011235955
CQTWGTGSWVF,10,0.11235955056179775
CSSYTSSSTYVF,2,0.02247191011235955
