CDR3,count,relative.frequency
CARDAIF,4,0.36363636363636365
CARLEPTIF,4,0.36363636363636365
CQQFSRTPYIF,3,0.2727272727272727
