CDR3,count,relative.frequency
CDNNNDMRF,2,0.3333333333333333
CQTGANNLFF,2,0.3333333333333333
CVSGPRLRAGTPWRLVTRRFGF,2,0.3333333333333333
