CDR3,count,relative.frequency
CALSGFDFW,4,0.013201320132013201
CANEGVAAHFDFW,2,0.006600660066006601
CARDRVRAYFDYW,4,0.013201320132013201
CARGKTANFDYW,2,0.006600660066006601
CARGNLFDYW,9,0.0297029702970297
CARGRSGWVFDQW,2,0.006600660066006601
CARGTEDFDSW,176,0.5808580858085809
CARGTEDFDYW,89,0.29372937293729373
CARHEWSSDYW,2,0.006600660066006601
CARLDGDYIDSW,2,0.006600660066006601
CATGPGSWDAFDTW,2,0.006600660066006601
CTRDFLDYW,2,0.006600660066006601
CVRDSSVYYFDYW,3,0.009900990099009901
CVRGDFGGLDYW,2,0.006600660066006601
CVRGDRRDYW,2,0.006600660066006601
