CDR3,count,relative.frequency
CASGHSDLFEAFF,16,0.5161290322580645
CASSFDRLYEQYF,12,0.3870967741935484
CLQTSDNYRWTF,3,0.0967741935483871
