CDR3,count,relative.frequency
CAAWDDSLNGWVF,2,0.0425531914893617
CGTWDTSLSAGVF,3,0.06382978723404255
CLLSYSGAWVF,2,0.0425531914893617
CMIWHNSAWVF,2,0.0425531914893617
CNSRDSSGNSLVF,2,0.0425531914893617
CQAWDSSTMVF,2,0.0425531914893617
CQSYDSRLSGSWVF,2,0.0425531914893617
CQSYDSSKIWVF,2,0.0425531914893617
CQTWGTGIQVF,3,0.06382978723404255
CQTWGTGMVF,10,0.2127659574468085
CQVWDSHSDHLVF,4,0.0851063829787234
CSSYAGSNNLIF,2,0.0425531914893617
CSSYTFSSTLEVF,3,0.06382978723404255
CSSYTSSGTQVF,2,0.0425531914893617
CSSYTSSSTPVVF,2,0.0425531914893617
CYSRDSSGNHWVF,4,0.0851063829787234
