CDR3,count,relative.frequency
CARDRNTIF,3,0.3333333333333333
CAVRERTALIF,2,0.2222222222222222
CSSFAGGNRLIF,2,0.2222222222222222
CSSFAGGNSLIF,2,0.2222222222222222
