CDR3,count,relative.frequency
CASKIGSNTEAFF,2,0.18181818181818182
CASSLTSGSYEQYF,2,0.18181818181818182
CASSRDIFYGYTF,2,0.18181818181818182
CATSKGGIDGYTF,5,0.45454545454545453
