CDR3,count,relative.frequency
CSSYTTSRNLIF,3,0.08571428571428572
CSSYTTSRTLIF,32,0.9142857142857143
