CDR3,count,relative.frequency
CALPILCNTNAGKSTF,4,0.36363636363636365
CAVRDGGSYIPTF,2,0.18181818181818182
CAYSGAGSYQLTF,2,0.18181818181818182
CGMDSSYKLIF,3,0.2727272727272727
