CDR3,count,relative.frequency
CASHRTNRPLVF,2,0.06451612903225806
CASYTHNRPLVF,4,0.12903225806451613
CASYTNIRTVIF,6,0.1935483870967742
CLHYKNYPYIF,4,0.12903225806451613
CLHYLNYPYIF,6,0.1935483870967742
CLHYMNYPYIF,3,0.0967741935483871
CLQASQWPYIF,2,0.06451612903225806
CMQGLRPLTF,2,0.06451612903225806
CSAYTITNKWIF,2,0.06451612903225806
