CDR3,count,relative.frequency
CAKGERRDTIF,3,0.046153846153846156
CARVTIF,22,0.3384615384615385
CASYAGFHNLIF,2,0.03076923076923077
CATELIF,2,0.03076923076923077
CQAWDRFVIF,4,0.06153846153846154
CQTWDMRTVIF,3,0.046153846153846156
CSSHAGTDKVFF,10,0.15384615384615385
CSSYAGNNTLIF,15,0.23076923076923078
CSSYGTTKTIF,4,0.06153846153846154
