CDR3,count,relative.frequency
CARARITIF,9,0.20454545454545456
CARPLPF,2,0.045454545454545456
CARSIRVAIF,19,0.4318181818181818
CQTWDSRAVIF,2,0.045454545454545456
CQTWDSRTGIF,3,0.06818181818181818
CQVWDIRTPVIF,9,0.20454545454545456
