CDR3,count,relative.frequency
CASSFTVTGELFF,3,0.42857142857142855
CSARTDENYGYTF,2,0.2857142857142857
CSARVGTKNIQYF,2,0.2857142857142857
