CDR3,count,relative.frequency
CAARLYGGAFDIW,3,0.006564551422319475
CAKRLKGLTYFDYW,2,0.00437636761487965
CARDASWVISFDPW,10,0.02188183807439825
CARDNDYW,25,0.05470459518599562
CARDTRWRGLDYW,3,0.006564551422319475
CARDWGYDAFDIW,2,0.00437636761487965
CAREEAAMDVW,16,0.0350109409190372
CAREEGAMDVW,62,0.13566739606126915
CAREWNAMDVW,3,0.006564551422319475
CARHWGGATDYW,15,0.03282275711159737
CARLCGYFDQW,5,0.010940919037199124
CARLYGYFDQW,7,0.015317286652078774
CARRFDYW,3,0.006564551422319475
CARRSDRDWFDPW,4,0.0087527352297593
CARSFEPFDFDYW,3,0.006564551422319475
CARTSAGYFDYW,11,0.024070021881838075
CARVMDYGDYFDYW,26,0.05689277899343545
CARVTIFGSSDYW,4,0.0087527352297593
CASRLFGGAFDIW,5,0.010940919037199124
CASRLYGGAFDIW,96,0.2100656455142232
CATMVDYGDYFDYW,6,0.01312910284463895
CATTTGDAFDVW,5,0.010940919037199124
CSGGSCYGFDYW,4,0.0087527352297593
CSGTTCSRDGFDYW,2,0.00437636761487965
CSRDGFDYW,127,0.2778993435448578
CSVMIYLEYFQNW,2,0.00437636761487965
CTGGDYEFNYW,2,0.00437636761487965
CTTLRIVEVDYW,2,0.00437636761487965
CVRGWGFDPW,2,0.00437636761487965
