CDR3,count,relative.frequency
CAANSDHLNF,2,0.008032128514056224
CAASGFTF,2,0.008032128514056224
CAGHLVGRGPRLF,2,0.008032128514056224
CARDF,18,0.07228915662650602
CARTF,4,0.01606425702811245
CAVSPLAPGF,2,0.008032128514056224
CCSSAGDRYVF,3,0.012048192771084338
CCSYSGTYVVF,38,0.15261044176706828
CESASYPEGNF,10,0.040160642570281124
CGQRGTGF,2,0.008032128514056224
CGSPEAF,3,0.012048192771084338
CHQTRSSPWTF,4,0.01606425702811245
CHQYASSPLTF,2,0.008032128514056224
CIHRDKLGSF,2,0.008032128514056224
CIIVREMNLITF,10,0.040160642570281124
CINPKILNF,2,0.008032128514056224
CLLLLYIYFSKLF,2,0.008032128514056224
CLLLSDSAGTF,5,0.020080321285140562
CLQHDIFPYTF,3,0.012048192771084338
CMEAAQAWTF,6,0.024096385542168676
CMQGLQSHPTF,5,0.020080321285140562
CMQSLQVPITF,6,0.024096385542168676
CQAWDISAYVF,4,0.01606425702811245
CQESFIMPWTF,2,0.008032128514056224
CQHLNNHAGTF,7,0.028112449799196786
CQHLSYYAGTF,3,0.012048192771084338
CQHLTHYAGTF,2,0.008032128514056224
CQHLTIYAGTF,9,0.03614457831325301
CQHLTLYAGTF,15,0.060240963855421686
CQHYHNSPQNTF,4,0.01606425702811245
CQLLTDYAGTF,4,0.01606425702811245
CQQRIDWRGTF,5,0.020080321285140562
CQQRRNGLTF,2,0.008032128514056224
CQQRSDWPTF,2,0.008032128514056224
CQQSYSSPLTF,15,0.060240963855421686
CQQSYSYITF,3,0.012048192771084338
CQQTYRIPQTF,5,0.020080321285140562
CQQYAFSLYTF,2,0.008032128514056224
CQQYSDYPTF,8,0.0321285140562249
CQQYYHDLTF,2,0.008032128514056224
CQSYDSGLGGGF,2,0.008032128514056224
CQSYDSGLGVGF,4,0.01606425702811245
CQYLNDYAGTF,5,0.020080321285140562
CSSFTSTNTYVF,2,0.008032128514056224
CSSIAGSEILLF,4,0.01606425702811245
CTAMLAPGF,3,0.012048192771084338
CTILNYCLSTF,2,0.008032128514056224
