CDR3,count,relative.frequency
CARFAIF,4,0.008695652173913044
CARLAIF,447,0.9717391304347827
CARSPIF,5,0.010869565217391304
CCSYAGRSRIF,2,0.004347826086956522
CQSYDTRGIIF,2,0.004347826086956522
