CDR3,count,relative.frequency
CARDLPNRVTIF,2,0.014492753623188406
CARPKGRFTIF,5,0.036231884057971016
CARPKGRVTIF,64,0.463768115942029
CASRDRSNDRLIF,2,0.014492753623188406
CASRDRTTDHLIF,9,0.06521739130434782
CASRVITTHHLIF,2,0.014492753623188406
CCSYAPSSTLIF,2,0.014492753623188406
CCSYSGSGTLIF,8,0.057971014492753624
CCSYTNMNSLIF,4,0.028985507246376812
CHQYYGRPLTF,3,0.021739130434782608
CLQTLQTPLIF,4,0.028985507246376812
CQAWDSRSVIF,3,0.021739130434782608
CQHYHIQPLIF,4,0.028985507246376812
CQHYHMHPLIF,2,0.014492753623188406
CQQLNGSPFIF,2,0.014492753623188406
CQQSDNLRALIF,2,0.014492753623188406
CQQYQIRPLTF,2,0.014492753623188406
CSSYANTNRLIF,2,0.014492753623188406
CSSYRRANTLIF,2,0.014492753623188406
CTSYTDSTLLIF,12,0.08695652173913043
CTTIPRGDIF,2,0.014492753623188406
