CDR3,count,relative.frequency
CAISGDIDYW,12,0.01056338028169014
CAKEALRYFDHW,26,0.022887323943661973
CAKGGSNFDYW,29,0.025528169014084508
CAKNPQPQNLDYW,3,0.002640845070422535
CAMGGMDYW,18,0.01584507042253521
CANSGDIDYW,6,0.00528169014084507
CAPAYFDYW,3,0.002640845070422535
CARDASGSYPDNW,4,0.0035211267605633804
CARDEGSPDYW,7,0.006161971830985915
CARDLRWALDVW,4,0.0035211267605633804
CARDPSGAFDSW,4,0.0035211267605633804
CARDRAVAAWFDPW,31,0.027288732394366196
CARDSGDLYFDHW,2,0.0017605633802816902
CARDSNHFYIDYW,2,0.0017605633802816902
CAREAFDFW,29,0.025528169014084508
CAREGGIDRGAFDIW,3,0.002640845070422535
CARENRGGFLDYW,3,0.002640845070422535
CARESRTDAFDIW,16,0.014084507042253521
CAREVSSSIDYW,3,0.002640845070422535
CARGAFDIW,11,0.009683098591549295
CARGAFDVW,6,0.00528169014084507
CARGGFDIW,6,0.00528169014084507
CARGGTRGNWFDPW,5,0.0044014084507042256
CARGSRTDAFDIW,2,0.0017605633802816902
CARHAPSSFDYW,3,0.002640845070422535
CARLGVRKDFDDW,2,0.0017605633802816902
CARLGVRKDFDEW,5,0.0044014084507042256
CARLTDFDYW,6,0.00528169014084507
CARNRAVAAWFDPW,2,0.0017605633802816902
CARRGGRGYFDLW,13,0.011443661971830986
CARRNWKLYAFDIW,2,0.0017605633802816902
CARRXAFDIW,3,0.002640845070422535
CARSMVASDYW,3,0.002640845070422535
CARVPEMGNWFDPW,2,0.0017605633802816902
CARXGGRGYFDLW,2,0.0017605633802816902
CASLSGWALDIW,3,0.002640845070422535
CATITRGYFHYW,3,0.002640845070422535
CATPGDPFDYW,17,0.014964788732394365
CATQRGFWFFDLW,4,0.0035211267605633804
CATRQTTFDIW,2,0.0017605633802816902
CATSTGDDSFDVW,2,0.0017605633802816902
CFRKGDYW,26,0.022887323943661973
CFSSLFDDW,2,0.0017605633802816902
CLRKGDYW,108,0.09507042253521127
CLRNGDYW,108,0.09507042253521127
CLYHYYMDVW,2,0.0017605633802816902
CMDVW,3,0.002640845070422535
CSGGRSDYYDYW,3,0.002640845070422535
CSRGAFDIW,3,0.002640845070422535
CSRHYFASW,4,0.0035211267605633804
CSRXGFDIW,4,0.0035211267605633804
CSSISCYSFDSW,10,0.008802816901408451
CTGDYPNYW,37,0.032570422535211266
CTRALDYW,31,0.027288732394366196
CTRPDYW,11,0.009683098591549295
CTRRKGGDHFDSW,2,0.0017605633802816902
CTYGGNCDYW,15,0.013204225352112676
CVRHFDSW,3,0.002640845070422535
CVRKGDYW,445,0.39172535211267606
CVYRADVADIW,8,0.007042253521126761
CYMDVW,2,0.0017605633802816902
