CDR3,count,relative.frequency
CASSFGQETQFF,2,0.045454545454545456
CASSLGFDYGYTF,2,0.045454545454545456
CASSQGRRTDTQYF,2,0.045454545454545456
CASSVAGGPEAFF,2,0.045454545454545456
CASTSINEQFF,2,0.045454545454545456
CATSDSRDEETQYF,2,0.045454545454545456
CHQYNYGRTF,30,0.6818181818181818
CSARQGGTEAFF,2,0.045454545454545456
