CDR3,count,relative.frequency
CAAWDRNYYKKLF,2,0.11764705882352941
CALWEVPYKKLF,11,0.6470588235294118
CATWDGNYYKKLF,2,0.11764705882352941
CATWNLYYKKLF,2,0.11764705882352941
