CDR3,count,relative.frequency
CADIGAFDFW,2,0.009900990099009901
CAKMGGFDFDSW,2,0.009900990099009901
CAKRENWFDPW,2,0.009900990099009901
CARARGNGYDYW,2,0.009900990099009901
CARASSGFDPW,2,0.009900990099009901
CARDGVSSSPDFDYW,2,0.009900990099009901
CARDVW,3,0.01485148514851485
CARELNSAFDIW,4,0.019801980198019802
CAREQHVVTFDYW,19,0.09405940594059406
CAREQWELGSAFDIW,11,0.054455445544554455
CARGDQWFHPW,5,0.024752475247524754
CARGHDLDYW,2,0.009900990099009901
CARGNWGGWYFDLW,3,0.01485148514851485
CARLALGANDYW,2,0.009900990099009901
CARLPGDFDDPFDYW,2,0.009900990099009901
CARRSQSAEYFQHW,5,0.024752475247524754
CARVGDSGSSFDYW,2,0.009900990099009901
CASEPGNWFDPW,20,0.09900990099009901
CASFWVFRDYW,15,0.07425742574257425
CATLDYYGSPDYW,2,0.009900990099009901
CAWCFDLW,2,0.009900990099009901
CEGADYW,2,0.009900990099009901
CLRDYW,6,0.0297029702970297
CRSDTSNWFDAW,3,0.01485148514851485
CSGGGCTHFDSW,2,0.009900990099009901
CSGGGCTHFDYW,9,0.04455445544554455
CSGGSCYWFDPW,2,0.009900990099009901
CSKSLDYW,2,0.009900990099009901
CSYFDLW,6,0.0297029702970297
CSYFDYW,26,0.12871287128712872
CTHFDSW,5,0.024752475247524754
CTTDYLFDPW,5,0.024752475247524754
CTTFDSW,4,0.019801980198019802
CTTGYAGAFEIW,4,0.019801980198019802
CTTHPDYW,9,0.04455445544554455
CTTVKLDTALDYW,2,0.009900990099009901
CVRDLWGRDDYW,6,0.0297029702970297
