CDR3,count,relative.frequency
CAKDRLPTIF,7,0.018867924528301886
CARDLRGTIF,84,0.22641509433962265
CARGRIAIF,2,0.005390835579514825
CARGRITIF,38,0.10242587601078167
CASGRVRIF,40,0.1078167115902965
CASRITIF,73,0.1967654986522911
CHQYKIYPLIF,2,0.005390835579514825
CKQSVERPLTF,111,0.2991913746630728
CMQRIKFPLIF,2,0.005390835579514825
CQAWDSGPVIF,10,0.026954177897574125
CQQTRIRPLF,2,0.005390835579514825
