CDR3,count,relative.frequency
CARGSDFSLDYW,15,0.18292682926829268
CARGTDFSLDYW,24,0.2926829268292683
CARGYSNGYYDYW,6,0.07317073170731707
CARNENWFDPW,5,0.06097560975609756
CARVSRDAFHIW,2,0.024390243902439025
CASSSCYLDYW,5,0.06097560975609756
CATSSCSDYFDSW,4,0.04878048780487805
CAWISSGWYFDYW,5,0.06097560975609756
CTRGVASGFDIW,2,0.024390243902439025
CTRNNGYSDYW,3,0.036585365853658534
CTTGFGSGGEDYW,2,0.024390243902439025
CTTLGRTDYW,2,0.024390243902439025
CVRDAPHSAFDIW,5,0.06097560975609756
CVRGREYSFDSW,2,0.024390243902439025
