CDR3,count,relative.frequency
CASGGTEAFF,4,0.09090909090909091
CASRAPAYGYTF,2,0.045454545454545456
CASSEQMNTEAFF,2,0.045454545454545456
CASSFDTYEQYF,3,0.06818181818181818
CASSFSMNTEAFF,2,0.045454545454545456
CASSGTGREQYF,2,0.045454545454545456
CASSLESIKTQYF,2,0.045454545454545456
CASSLKETQYF,2,0.045454545454545456
CASSPSETQYF,4,0.09090909090909091
CASSTDRPSGEQYF,4,0.09090909090909091
CASSVEGYGYTF,2,0.045454545454545456
CASTQRGVTEAFF,3,0.06818181818181818
CQQYGQTF,2,0.045454545454545456
CSAGWDYGYTF,2,0.045454545454545456
CSAQEETQYF,2,0.045454545454545456
CSARDRPARTEAFF,2,0.045454545454545456
CSPNVHYTF,2,0.045454545454545456
CSVHDRVDTEAFF,2,0.045454545454545456
