CDR3,count,relative.frequency
CAKADRDAFDIW,2,0.07142857142857142
CARDAWAGTTDYW,8,0.2857142857142857
CARENWKSVDYW,8,0.2857142857142857
CARGLDWYFDLW,2,0.07142857142857142
CPRRAWFDTW,2,0.07142857142857142
CSREGSGWGFDYW,6,0.21428571428571427
