CDR3,count,relative.frequency
CAKDTFDLW,2,0.043478260869565216
CAKGQGYFDYW,2,0.043478260869565216
CARANRGAFDVW,4,0.08695652173913043
CARGDYGFFDFW,2,0.043478260869565216
CARGRGYFDDW,2,0.043478260869565216
CARRGVLTDADYW,3,0.06521739130434782
CARRRTFDYW,2,0.043478260869565216
CATGYPWFDYW,2,0.043478260869565216
CATYRGDFDYW,2,0.043478260869565216
CNRRFYFDSW,21,0.45652173913043476
CVRDVNWAFDMW,2,0.043478260869565216
CVRGTGDYW,2,0.043478260869565216
