CDR3,count,relative.frequency
CAKDPTIF,20,0.30303030303030304
CQAWDIRSVIF,8,0.12121212121212122
CQQSRRPLTF,7,0.10606060606060606
CQQYSGYPLIF,4,0.06060606060606061
CQQYTKRPLTF,2,0.030303030303030304
CQSGTAPKLLIF,14,0.21212121212121213
CQTWDYRTVIF,9,0.13636363636363635
CSSYTSELIF,2,0.030303030303030304
