CDR3,count,relative.frequency
CASSAGGWETQYF,3,0.17647058823529413
CASSQGTEAFF,2,0.11764705882352941
CSARDPYNEQFF,6,0.35294117647058826
CSVEYGNNYGYTF,6,0.35294117647058826
