CDR3,count,relative.frequency
CAFDIW,2,0.007662835249042145
CAHRPNWGTFDFW,2,0.007662835249042145
CAKLRSDPLDVW,5,0.019157088122605363
CAKRGDFDDFPVW,6,0.022988505747126436
CAKRGDPDDFPIW,32,0.12260536398467432
CAKRGDPDDFPVW,2,0.007662835249042145
CAKRGDSDDFPIW,26,0.09961685823754789
CAKRGDSDDFPVW,6,0.022988505747126436
CAKRGDSDDFSIW,7,0.02681992337164751
CAKRGDSDVFPIW,2,0.007662835249042145
CALSDYW,2,0.007662835249042145
CARDARGDAFDIW,2,0.007662835249042145
CARDDPQYAFDFW,6,0.022988505747126436
CARDLTHLDYW,36,0.13793103448275862
CARENWGTAFDIW,3,0.011494252873563218
CARESRVDAFDMW,2,0.007662835249042145
CARGDHPYYYDYW,2,0.007662835249042145
CARGEWGRFDYW,5,0.019157088122605363
CARGGFLDAFDLW,2,0.007662835249042145
CARGGLSSFDYW,8,0.03065134099616858
CARGLDYW,2,0.007662835249042145
CARGTRLDYW,2,0.007662835249042145
CARIGGEGGDYW,2,0.007662835249042145
CARLGDGFDIW,2,0.007662835249042145
CARLGNWSLDYW,3,0.011494252873563218
CARLWDYYAMDVW,2,0.007662835249042145
CARMVQGFDVW,2,0.007662835249042145
CARQVTGDYFDLW,8,0.03065134099616858
CARRALAGYFDYW,2,0.007662835249042145
CARSRSGFYFDYW,2,0.007662835249042145
CARSRWNFYLDYW,2,0.007662835249042145
CARVGGYEKIMDYW,2,0.007662835249042145
CARYLTHLDYW,2,0.007662835249042145
CASDYW,2,0.007662835249042145
CASRTSRTFDSW,2,0.007662835249042145
CATGSYYGWFDPW,4,0.01532567049808429
CATIDDSSGYYFDNW,2,0.007662835249042145
CATLRFEEFAFDHW,6,0.022988505747126436
CATSVGATFDYW,2,0.007662835249042145
CLYYFDHW,2,0.007662835249042145
CPFNTCSWYFDLW,2,0.007662835249042145
CSGSGCYRFDYW,2,0.007662835249042145
CSMSSTFFDYW,4,0.01532567049808429
CSSNSCSSFDYW,2,0.007662835249042145
CSTAYWGFDLW,5,0.019157088122605363
CTRGRFDSW,2,0.007662835249042145
CTRGVCCDYW,2,0.007662835249042145
CTTEVTEGFYYW,2,0.007662835249042145
CTTSRCFSFDLW,2,0.007662835249042145
CVRDDPRGFFDLW,2,0.007662835249042145
CVREHGQQGFDYW,7,0.02681992337164751
CVREQVGGLFDFW,2,0.007662835249042145
CVRGRSWKAFDVW,2,0.007662835249042145
CVRRSEYLDYW,2,0.007662835249042145
CVRYYFDYW,7,0.02681992337164751
CYTPEGWFDPW,5,0.019157088122605363
