CDR3,count,relative.frequency
CAGSALLRSGF,3,0.008547008547008548
CAKDQWLRPLRGF,2,0.005698005698005698
CARGRSGGF,12,0.03418803418803419
CARQVF,8,0.022792022792022793
CATTPASFFCTF,2,0.005698005698005698
CESASYPEGNF,163,0.46438746438746437
CFLSERTATF,2,0.005698005698005698
CGMISDAGAGF,4,0.011396011396011397
CGSPEAF,6,0.017094017094017096
CGSVCLQSQHF,2,0.005698005698005698
CGSVCPQSQHF,2,0.005698005698005698
CGSVRLQSQHF,6,0.017094017094017096
CGSVRPQSQHF,3,0.008547008547008548
CHHYATNSQTF,50,0.14245014245014245
CLLFGTQLVFF,2,0.005698005698005698
CLQGINLYTF,2,0.005698005698005698
CLQNNDWPFTF,2,0.005698005698005698
CLSLFILCPGF,2,0.005698005698005698
CMQGLQNRVTF,3,0.008547008547008548
CNLLLPTVFWTF,2,0.005698005698005698
CQHRTTF,17,0.04843304843304843
CQHYGSWTF,6,0.017094017094017096
CQNYDTALLTF,2,0.005698005698005698
CQQCNTYHTF,6,0.017094017094017096
CQQRSSSITF,3,0.008547008547008548
CQQRSTSITF,3,0.008547008547008548
CQQYDITLVTF,2,0.005698005698005698
CQQYFNSITF,2,0.005698005698005698
CSGDSLPKKYVF,2,0.005698005698005698
CSGDSVPKKNMLF,5,0.014245014245014245
CSGDSVPKNMLF,2,0.005698005698005698
CSSSTTSNTYVF,7,0.019943019943019943
CSSYTDISSVF,2,0.005698005698005698
CSSYTSPKVF,5,0.014245014245014245
CTAMLAPGF,2,0.005698005698005698
CTSFSTSKTYVF,5,0.014245014245014245
CYSTDNF,2,0.005698005698005698
