CDR3,count,relative.frequency
CASSLVGYGYTF,2,0.3333333333333333
CASSSSYEQYF,2,0.3333333333333333
CSSYTSGNTILF,2,0.3333333333333333
