CDR3,count,relative.frequency
CAHRRVGDWFDPW,3,0.01744186046511628
CAHSHGLFDYW,3,0.01744186046511628
CAKESGSGSYYDHW,2,0.011627906976744186
CAKYGLSYSLDYW,3,0.01744186046511628
CARARGIAAEFDYW,2,0.011627906976744186
CARDAGDCPFDYW,5,0.029069767441860465
CARDEAFDIW,6,0.03488372093023256
CARDLHLAATSDYW,6,0.03488372093023256
CARDPGAFDYW,5,0.029069767441860465
CARDSRVQRWFDPW,4,0.023255813953488372
CARGGTAQAFDIW,10,0.05813953488372093
CARGVARGAFDIW,5,0.029069767441860465
CARGVGDYW,25,0.14534883720930233
CARGYSGYDDYW,4,0.023255813953488372
CARHGVLRLWFDPW,2,0.011627906976744186
CARHLRYSGIDYW,2,0.011627906976744186
CARLSGTWRFDYW,5,0.029069767441860465
CARSHKNEFDYW,4,0.023255813953488372
CARTGAAAMDVW,2,0.011627906976744186
CARVLADGAFDIW,3,0.01744186046511628
CARYGGGDYW,3,0.01744186046511628
CATAFDTSLDYW,10,0.05813953488372093
CATDTSGAYFDCW,2,0.011627906976744186
CATIDYW,5,0.029069767441860465
CATWGFDAFDMW,3,0.01744186046511628
CRSAFDAW,2,0.011627906976744186
CSRGRRKFDYW,5,0.029069767441860465
CSRGYTSSWFFDYW,5,0.029069767441860465
CSRSSCFDFW,2,0.011627906976744186
CTPENWFDPW,22,0.12790697674418605
CTPENWFDTW,2,0.011627906976744186
CTTDQEWLGDFDYW,3,0.01744186046511628
CVRGWRENSFDVW,2,0.011627906976744186
CVRQHQLGHFDSW,2,0.011627906976744186
CW,3,0.01744186046511628
