CDR3,count,relative.frequency
CAELLDPFGF,2,0.0010085728693898135
CAGVPSAPGF,2,0.0010085728693898135
CATF,8,0.004034291477559254
CAVAHVCNPSTF,2,0.0010085728693898135
CDRSIPFTTF,3,0.0015128593040847202
CESASYPEGNF,1949,0.9828542612203732
CESASYPGGNF,2,0.0010085728693898135
CGSPEAF,3,0.0015128593040847202
CLLSWLEETF,2,0.0010085728693898135
CQHYDTSPFTF,2,0.0010085728693898135
CQQSHSLWTF,2,0.0010085728693898135
CQQSYTIPWTF,2,0.0010085728693898135
CRDSESSVDDF,2,0.0010085728693898135
CTWQLLILHLGF,2,0.0010085728693898135
