CDR3,count,relative.frequency
CAAWDDSLNGCVF,6,0.056074766355140186
CAAWDDSLNGHVVF,2,0.018691588785046728
CAAWDDSLNGRVF,9,0.08411214953271028
CAAWDDSLNGYVF,4,0.037383177570093455
CAAWDDSLSGRVF,3,0.028037383177570093
CCSYAGSSTVIF,2,0.018691588785046728
CHSRDSSGNHVVF,2,0.018691588785046728
CMIWHSSAWVF,4,0.037383177570093455
CQAWDSSTVVF,5,0.04672897196261682
CQSADSSGTYRVF,2,0.018691588785046728
CQSYDSNLSGVF,2,0.018691588785046728
CQSYDSSLRVVVF,4,0.037383177570093455
CQSYDSSLSGSVF,2,0.018691588785046728
CQSYDSSLSGWVF,7,0.06542056074766354
CQTWDSTTVVF,4,0.037383177570093455
CQTWGTGIPVF,7,0.06542056074766354
CQTWGTGIQVF,3,0.028037383177570093
CSSRDSSGDHVVF,2,0.018691588785046728
CSSYAGSNSVLF,2,0.018691588785046728
CSSYSSSSTLKVF,10,0.09345794392523364
CSSYTDRSTLDVF,2,0.018691588785046728
CSSYTSSNTLLF,2,0.018691588785046728
CSSYTSSSTPVF,2,0.018691588785046728
CSSYTSSSTRVF,7,0.06542056074766354
CSSYTSSSTSVVF,2,0.018691588785046728
CSSYTSSSTVVF,4,0.037383177570093455
CTSYTSSSTLVF,2,0.018691588785046728
CVLYMGSGIWVF,4,0.037383177570093455
