CDR3,count,relative.frequency
CAASWTTEGAYDVW,2,0.010869565217391304
CAHRKRQLWIFDYW,4,0.021739130434782608
CAKGRLYFDSW,3,0.016304347826086956
CARAFGTSPFDYW,4,0.021739130434782608
CARARSGAIDYW,3,0.016304347826086956
CARATWTGSFDIW,2,0.010869565217391304
CARDTGWGWVDYW,6,0.03260869565217391
CARDTLNILDSW,2,0.010869565217391304
CARDVRIAALDYW,2,0.010869565217391304
CAREFDSGSYRFDYW,2,0.010869565217391304
CARELPHTRYFDYW,2,0.010869565217391304
CARELPRSCYFDFW,3,0.016304347826086956
CAREWKFVDQFDYW,5,0.02717391304347826
CARGAGSSYHDYW,2,0.010869565217391304
CARHMNNDFIDYW,2,0.010869565217391304
CARKYYDAFDIW,3,0.016304347826086956
CARNWRDAFDIW,11,0.059782608695652176
CARRLVVFDCW,12,0.06521739130434782
CARRLVVFDLW,4,0.021739130434782608
CARRLVVFDYW,14,0.07608695652173914
CARSGTRRYDYW,5,0.02717391304347826
CARSVGHLDYW,2,0.010869565217391304
CARTLGGVLDYW,2,0.010869565217391304
CARVAAGTGYFDYW,4,0.021739130434782608
CARVGYYHDFDFW,2,0.010869565217391304
CARVYVGWFDSW,4,0.021739130434782608
CARWERGRAFDIW,4,0.021739130434782608
CASDPGANGDLDYW,7,0.03804347826086957
CASENTYNAFDIW,8,0.043478260869565216
CATLRSVDYW,4,0.021739130434782608
CATSSSSYGYWFDYW,12,0.06521739130434782
CGDGTCYFDSW,4,0.021739130434782608
CSRVPDYW,2,0.010869565217391304
CSRWFDFW,3,0.016304347826086956
CTGDACYTFYW,4,0.021739130434782608
CTGSPCYFDTW,2,0.010869565217391304
CTTTGERVYDAFDMW,3,0.016304347826086956
CTTTSCYYFFDYW,3,0.016304347826086956
CTTYGPFDPW,2,0.010869565217391304
CVKGDRRDYW,2,0.010869565217391304
CVLASFDYW,4,0.021739130434782608
CVRAFDYW,3,0.016304347826086956
CVRDSNLWLRDYW,10,0.05434782608695652
