CDR3,count,relative.frequency
CASSASGNTIYF,2,0.09523809523809523
CQQSYDTQAF,9,0.42857142857142855
CQTSGYTF,3,0.14285714285714285
CSASGYTF,5,0.23809523809523808
CSVAAGTGVAYGYTF,2,0.09523809523809523
