CDR3,count,relative.frequency
CARHRGTIF,4,0.2857142857142857
CASFSTINTLIF,4,0.2857142857142857
CAVWDDSLRGVIF,2,0.14285714285714285
CQHTYSLPLIF,2,0.14285714285714285
CQSYDFTIPGIF,2,0.14285714285714285
