CDR3,count,relative.frequency
CAKDAGRLIF,2,0.02702702702702703
CAKGDLIF,17,0.22972972972972974
CARGRIF,2,0.02702702702702703
CARGRRITIF,9,0.12162162162162163
CARSRSAIF,9,0.12162162162162163
CERGGIF,2,0.02702702702702703
CERLWRHGIF,2,0.02702702702702703
CQKYSSDSLIF,5,0.06756756756756757
CTRFEIF,2,0.02702702702702703
CVFRATIF,17,0.22972972972972974
CVHLSRISIF,7,0.0945945945945946
