CDR3,count,relative.frequency
CAHTRGDGYFDLW,2,0.03225806451612903
CAKVTLRAFDIW,14,0.22580645161290322
CAREDYW,9,0.14516129032258066
CARHEFWNLPFDYW,11,0.1774193548387097
CARPGEASAFDIW,11,0.1774193548387097
CARPLSGYYVDYW,2,0.03225806451612903
CASLYFDYW,6,0.0967741935483871
CATYNWLDSW,2,0.03225806451612903
CATYRWLDPW,3,0.04838709677419355
CVKQYVDVW,2,0.03225806451612903
