CDR3,count,relative.frequency
CAISDYDNQPQHF,2,0.10526315789473684
CASRAGLGYGYTF,2,0.10526315789473684
CASSFGRDEQYF,3,0.15789473684210525
CASSLASGQETQYF,4,0.21052631578947367
CASSLDSTGNTIYF,2,0.10526315789473684
CASSLERDYEQYF,2,0.10526315789473684
CATWDDSLNGYTF,4,0.21052631578947367
