CDR3,count,relative.frequency
CAKGALDYW,2,0.019230769230769232
CAKGGGGGVFDIW,2,0.019230769230769232
CAKSGIGYFTSW,2,0.019230769230769232
CARGNSRWYIDYW,15,0.14423076923076922
CARKMRDGGIFDYW,2,0.019230769230769232
CARRGSHAFDVW,8,0.07692307692307693
CASEDSSSFDYW,4,0.038461538461538464
CAYQTRAFDPW,3,0.028846153846153848
CITDPGDFEDYW,2,0.019230769230769232
CSRADPYGYVDYW,5,0.04807692307692308
CSRGSQHRGFDVW,4,0.038461538461538464
CTGRGAGDYW,2,0.019230769230769232
CTSVTSYRVYW,2,0.019230769230769232
CTTGNSGGEDYW,25,0.2403846153846154
CTTGNSGGGDYW,5,0.04807692307692308
CTTGNTGGEDYW,9,0.08653846153846154
CTTGYTGGEDYW,2,0.019230769230769232
CTTSTCPFDSW,2,0.019230769230769232
CVISSFDSW,2,0.019230769230769232
CVRDGGVSFDYW,2,0.019230769230769232
CVRDTPGESLDYW,4,0.038461538461538464
