CDR3,count,relative.frequency
CARSTIF,7,0.7777777777777778
CQYRDQIF,2,0.2222222222222222
