CDR3,count,relative.frequency
CHQSYSTLWTF,2,0.011904761904761904
CLQDSTYPRTF,3,0.017857142857142856
CMQALETPYTF,2,0.011904761904761904
CMQALQIPTF,34,0.20238095238095238
CMQALQTPLTF,2,0.011904761904761904
CMQRIEYPRTF,2,0.011904761904761904
CMQSLQTPLTF,2,0.011904761904761904
CQKYNGAPRTF,2,0.011904761904761904
CQQAISFPYTF,2,0.011904761904761904
CQQANSLPITF,4,0.023809523809523808
CQQASSFPLTF,3,0.017857142857142856
CQQASSFPYSF,6,0.03571428571428571
CQQFSKYPWTF,2,0.011904761904761904
CQQGYNTPITF,3,0.017857142857142856
CQQHGSSPRTF,2,0.011904761904761904
CQQLSSYPLAVTF,7,0.041666666666666664
CQQRGEWPPGASF,2,0.011904761904761904
CQQSNSWPRTF,2,0.011904761904761904
CQQSYGTPPTF,3,0.017857142857142856
CQQSYSNPNTF,2,0.011904761904761904
CQQSYSSYTF,3,0.017857142857142856
CQQSYSTPWTF,10,0.05952380952380952
CQQSYSTPYTF,2,0.011904761904761904
CQQSYTTPWTF,2,0.011904761904761904
CQQTYGTPQTF,2,0.011904761904761904
CQQTYSMPLTF,2,0.011904761904761904
CQQYDNLPNFSF,2,0.011904761904761904
CQQYENSPWTF,5,0.02976190476190476
CQQYGGSATF,2,0.011904761904761904
CQQYGSSLTF,4,0.023809523809523808
CQQYGSSPRTF,5,0.02976190476190476
CQQYGSSPWTF,3,0.017857142857142856
CQQYINFPYTF,2,0.011904761904761904
CQQYNKWPYTF,2,0.011904761904761904
CQQYNSYSYTF,2,0.011904761904761904
CQQYNTYSWTF,2,0.011904761904761904
CQQYSSNSYTF,8,0.047619047619047616
CQQYVSSPKTF,5,0.02976190476190476
CQQYYLLPLTF,2,0.011904761904761904
CQQYYNTPWTF,2,0.011904761904761904
CQQYYNYPYSF,3,0.017857142857142856
CQQYYSTPLTF,7,0.041666666666666664
CQQYYSTWTF,2,0.011904761904761904
CQQYYSYPYTF,2,0.011904761904761904
