CDR3,count,relative.frequency
CASSAEDHQPQHF,2,0.3333333333333333
CASSYQGTFGYTF,2,0.3333333333333333
CSVGIVSTEAFF,2,0.3333333333333333
