CDR3,count,relative.frequency
CARNWRDAFDIW,39,0.6964285714285714
CARNWRDGFDIW,11,0.19642857142857142
CARVRGWAFDIW,4,0.07142857142857142
CHSDAFDVW,2,0.03571428571428571
