CDR3,count,relative.frequency
CAISDGYYEQYF,2,0.034482758620689655
CARNVGYSF,43,0.7413793103448276
CASSSTETGNTIYF,2,0.034482758620689655
CSSFGGRNEILFF,2,0.034482758620689655
CSSYTDTDTQAF,6,0.10344827586206896
CSSYTDTETQAF,3,0.05172413793103448
