CDR3,count,relative.frequency
CAKAVSVARLDYW,3,0.013333333333333334
CAKGHLYYHYW,5,0.022222222222222223
CALDYW,2,0.008888888888888889
CARADDMDVW,2,0.008888888888888889
CARDFELDYW,21,0.09333333333333334
CARDLVDLFDYW,3,0.013333333333333334
CARDNHWGPDYW,2,0.008888888888888889
CARDPSGSYFDYW,3,0.013333333333333334
CARDQDGYFDFW,19,0.08444444444444445
CARDRRFWYFDLW,2,0.008888888888888889
CARDSEGFDSW,3,0.013333333333333334
CARDWGGYYLDPW,2,0.008888888888888889
CAREQLEVFDFW,2,0.008888888888888889
CARERQNWSFEYW,4,0.017777777777777778
CARGAAVTTRGFDYW,4,0.017777777777777778
CARGDVFDLW,2,0.008888888888888889
CARGESYDWVDSW,3,0.013333333333333334
CARGGGWMVDYW,10,0.044444444444444446
CARGGLLLPFDYW,5,0.022222222222222223
CARHDGSYYTYLDYW,3,0.013333333333333334
CARKNNWFDTW,2,0.008888888888888889
CARLTSSDALDLW,2,0.008888888888888889
CARMGHAFDTW,4,0.017777777777777778
CARMSRSDFDHW,7,0.03111111111111111
CARNLDYW,2,0.008888888888888889
CARRSRTTFDVW,2,0.008888888888888889
CARTLYGKYFDQW,2,0.008888888888888889
CATGAAIEYFDYW,6,0.02666666666666667
CATNAFDYW,18,0.08
CDFW,2,0.008888888888888889
CFDIW,4,0.017777777777777778
CKSGNCYFDSW,2,0.008888888888888889
CLQLRIFDSW,2,0.008888888888888889
CSGGSCYSFGYW,2,0.008888888888888889
CSRGACYWFDPW,4,0.017777777777777778
CSRVWEDASDLW,2,0.008888888888888889
CSSSRCYDYW,4,0.017777777777777778
CSSTSCNWFDPW,10,0.044444444444444446
CSSTSYGCGLDYW,4,0.017777777777777778
CTTDSQDRRSFDQW,4,0.017777777777777778
CVRDAEQPFDYW,2,0.008888888888888889
CVRDRGNWFDSW,19,0.08444444444444445
CVRGGNYDYW,8,0.035555555555555556
CVRGVGTFDIW,3,0.013333333333333334
CVRNKWVRAFDVW,4,0.017777777777777778
CVRSHAADYW,2,0.008888888888888889
CYMYYYGMDVW,2,0.008888888888888889
