CDR3,count,relative.frequency
CAAWDDSLNGPVF,2,0.007874015748031496
CAAWDDSLNGYVF,2,0.007874015748031496
CAAWDDSLRVF,3,0.011811023622047244
CAAWDDSLSGFVF,2,0.007874015748031496
CATWDDSLNGSVF,2,0.007874015748031496
CATWDDSLSGPVF,4,0.015748031496062992
CCSYAGSSTLVF,2,0.007874015748031496
CETWDSNTWVF,2,0.007874015748031496
CETWDSSLSVVF,10,0.03937007874015748
CGESHTIDGQVGWVF,2,0.007874015748031496
CGTWDSSLSAVVF,5,0.01968503937007874
CGTWDSSLSDGVF,2,0.007874015748031496
CGTWDSSLSVVVF,2,0.007874015748031496
CHSRDSNGNHVF,2,0.007874015748031496
CHSRDSSGNHVVF,5,0.01968503937007874
CIAWDDRLNGYVF,16,0.06299212598425197
CLLSYSGAF,3,0.011811023622047244
CLLSYSGIRVF,2,0.007874015748031496
CMIWHSSAWVF,2,0.007874015748031496
CNSRDSSGNRYVF,2,0.007874015748031496
CNSRDSSGNYLFF,2,0.007874015748031496
CNSYTRSSTLVF,3,0.011811023622047244
CNSYTSSSTRVF,59,0.23228346456692914
CQAWDSNTLVF,4,0.015748031496062992
CQAWDSSIVVF,2,0.007874015748031496
CQAWDSSTGIF,2,0.007874015748031496
CQAWDSSTGVF,6,0.023622047244094488
CQAWDSSTRVF,2,0.007874015748031496
CQSADNSGTYIF,2,0.007874015748031496
CQSADSSGTYVVF,3,0.011811023622047244
CQSFDSRNVVF,8,0.031496062992125984
CQSWGTGMRVF,4,0.015748031496062992
CQSYDSALRGYVF,2,0.007874015748031496
CQSYDSSLINYVF,2,0.007874015748031496
CQSYDSSLRGPVF,2,0.007874015748031496
CQSYDSSLRGSRWVF,2,0.007874015748031496
CQSYDSSLSAVVF,2,0.007874015748031496
CQSYDSSLSGVVF,3,0.011811023622047244
CQSYDSSLWVF,2,0.007874015748031496
CQSYDTSLSGWVF,13,0.051181102362204724
CQSYDYSLSGSSVF,2,0.007874015748031496
CQTWDSSNVVF,4,0.015748031496062992
CQTWGNGFWVF,2,0.007874015748031496
CQTWGTDVVVF,2,0.007874015748031496
CQTWGTGIRVF,4,0.015748031496062992
CQTWGTGLVVF,6,0.023622047244094488
CQVWDSFSDHVVF,2,0.007874015748031496
CQVWDSNTLVF,2,0.007874015748031496
CQVWDSSSDHPVF,6,0.023622047244094488
CQVWDSSSDHYVF,2,0.007874015748031496
CQVWDSTTARF,2,0.007874015748031496
CSAWDTSLSAWVF,2,0.007874015748031496
CSSYSSSSTLVF,2,0.007874015748031496
CSSYTSSSTLVF,6,0.023622047244094488
CSSYTSSSTPIF,4,0.015748031496062992
CSSYTSSSTVVF,2,0.007874015748031496
CVLYMGSGIWVF,2,0.007874015748031496
CYSYAGSSTYVF,5,0.01968503937007874
