CDR3,count,relative.frequency
CARRVLWF,8,0.12698412698412698
CARSEPTIF,12,0.19047619047619047
CASYTQTSPVIF,2,0.031746031746031744
CATRGRITIF,2,0.031746031746031744
CCPYAGSNTLIF,2,0.031746031746031744
CCSYAGRITIF,16,0.25396825396825395
CCSYGGDDNLIF,4,0.06349206349206349
CLLYFGGPWIF,2,0.031746031746031744
CQAWGGRSVIF,2,0.031746031746031744
CQQYNDWPLIF,2,0.031746031746031744
CQRYNTAPLIF,4,0.06349206349206349
CSSHTISTTLIF,7,0.1111111111111111
