CDR3,count,relative.frequency
CAARVAFSEALVF,5,0.010330578512396695
CARGRGLTF,6,0.012396694214876033
CCSYAGSFWGF,2,0.004132231404958678
CEALNSEHPF,4,0.008264462809917356
CESASNPEGNF,2,0.004132231404958678
CESASYPEGNF,360,0.743801652892562
CESASYPGGNF,2,0.004132231404958678
CESASYPKGNF,2,0.004132231404958678
CGSPEAF,2,0.004132231404958678
CHPSSSLPHTF,2,0.004132231404958678
CHQSRSLPHTF,2,0.004132231404958678
CHQSSSLPHTF,49,0.1012396694214876
CISFLFFSFF,3,0.006198347107438017
CLLCSSRRAWSRF,2,0.004132231404958678
CLLLAQQNF,5,0.010330578512396695
CLQYYGSWTF,2,0.004132231404958678
CQAGGPGSYGF,2,0.004132231404958678
CQHYDNVRMYTF,2,0.004132231404958678
CQQSYTIPRTF,2,0.004132231404958678
CQQYGRGFTF,2,0.004132231404958678
CQRRSDLRWTF,22,0.045454545454545456
CSDVIIARCGF,2,0.004132231404958678
CSSYRISGAVF,2,0.004132231404958678
