CDR3,count,relative.frequency
CAKASRPAIF,2,0.013888888888888888
CAKDLGRMTIF,2,0.013888888888888888
CAKRVTIF,4,0.027777777777777776
CARASRPAIF,28,0.19444444444444445
CARDPRIKIF,14,0.09722222222222222
CARDRITIF,16,0.1111111111111111
CAREKRISIF,2,0.013888888888888888
CARGGIF,3,0.020833333333333332
CARGRRTIF,2,0.013888888888888888
CARGWTGPTIF,2,0.013888888888888888
CARPLSIF,2,0.013888888888888888
CARSWGKRPIF,2,0.013888888888888888
CARTLSRLTIF,3,0.020833333333333332
CATDHTIF,2,0.013888888888888888
CGSNAGTDSVIF,2,0.013888888888888888
CQAWDIRTVIF,2,0.013888888888888888
CQAWDNRAVIF,4,0.027777777777777776
CQAWDYRSLIF,8,0.05555555555555555
CQHSFSAPFIF,2,0.013888888888888888
CQHSYTSPFIF,3,0.020833333333333332
CQQGYNTLIF,7,0.04861111111111111
CQQYNNWRPLPF,3,0.020833333333333332
CQSADSSGPLIF,2,0.013888888888888888
CQSADSSVLIF,2,0.013888888888888888
CQSWGTPKVIF,4,0.027777777777777776
CQVDGRPLTF,7,0.04861111111111111
CQYSETTPYIF,4,0.027777777777777776
CSSHTTLYTLIF,4,0.027777777777777776
CSSYAGRNTLIF,6,0.041666666666666664
