CDR3,count,relative.frequency
CARCRVLIF,3,0.020134228187919462
CARGTIF,2,0.013422818791946308
CARRMIF,13,0.087248322147651
CCSFAGTYTLIF,2,0.013422818791946308
CCSYAGRGVIF,2,0.013422818791946308
CCSYAGYNNLIF,2,0.013422818791946308
CCSYGGRYNLIF,7,0.04697986577181208
CGRDRRRIF,21,0.14093959731543623
CGSWGSSLLIF,2,0.013422818791946308
CHQYSDKLTF,4,0.026845637583892617
CNSYSGSDTLIF,2,0.013422818791946308
CQQYKTLPFIF,2,0.013422818791946308
CQQYNFYPLIF,21,0.14093959731543623
CQTWGTGLPWIF,2,0.013422818791946308
CSSFTSDRTVIF,2,0.013422818791946308
CSSFVGIYTLIF,2,0.013422818791946308
CSSHAGSDHLIF,2,0.013422818791946308
CSSYAASDNLIF,2,0.013422818791946308
CSSYAGSDHLIF,8,0.053691275167785234
CSSYAVIDNLIF,4,0.026845637583892617
CSSYGGRDNLIF,8,0.053691275167785234
CSSYGVIDNLIF,4,0.026845637583892617
CSSYGVRENLIF,4,0.026845637583892617
CSSYGVSDNLIF,12,0.08053691275167785
CSSYTSGRTVIF,4,0.026845637583892617
CTSYTTSNTLIF,4,0.026845637583892617
CVKERRAIF,8,0.053691275167785234
