CDR3,count,relative.frequency
CASSEEAYEQYF,3,0.10344827586206896
CASSFSEGYTEAFF,2,0.06896551724137931
CASSLPRGEQYF,2,0.06896551724137931
CASSQVGRGSTEAFF,4,0.13793103448275862
CASSYASRLETQYF,8,0.27586206896551724
CASTQVGGTEAFF,6,0.20689655172413793
CASWSLNTEAFF,2,0.06896551724137931
CSASDEAFF,2,0.06896551724137931
