CDR3,count,relative.frequency
CARGRTAIF,12,0.2926829268292683
CCSYGDSALIF,4,0.0975609756097561
CHHYGTSPQIF,2,0.04878048780487805
CQQADAFLPLIF,3,0.07317073170731707
CQQANAFLPLIF,2,0.04878048780487805
CQQANALLPLIF,8,0.1951219512195122
CQQRRSRPLTF,2,0.04878048780487805
CQQYGDWRPLTF,2,0.04878048780487805
CQYWDRSSLIF,2,0.04878048780487805
CSSFGGSNKLIF,2,0.04878048780487805
CSSYASGGLIF,2,0.04878048780487805
