CDR3,count,relative.frequency
CARHAIF,16,0.12307692307692308
CARQAIF,5,0.038461538461538464
CASYASTPSLIF,47,0.36153846153846153
CDCTLTRPLVF,2,0.015384615384615385
CLQNKIRPLTF,2,0.015384615384615385
CMQTIRTPGIF,2,0.015384615384615385
CQEYSTYPYIF,2,0.015384615384615385
CQHYDSLPLIF,2,0.015384615384615385
CQHYSTWRPLF,4,0.03076923076923077
CQKYNRAPLIF,2,0.015384615384615385
CQQGSKRPLPF,4,0.03076923076923077
CQQNXERPLTF,3,0.023076923076923078
CQQYESPLITF,4,0.03076923076923077
CQQYLTAPRALIF,2,0.015384615384615385
CQQYVYRPLTF,4,0.03076923076923077
CQXWGIRPLQF,8,0.06153846153846154
CSSYAGTNDLIF,19,0.14615384615384616
CTSYTYDNSLIF,2,0.015384615384615385
