CDR3,count,relative.frequency
CAVRGF,2,0.11764705882352941
CAVSDQGGSEKLVF,2,0.11764705882352941
CLILRPGLLLQMGGSGGF,2,0.11764705882352941
CLLICFVWFLCFFLFVCGF,2,0.11764705882352941
CLLPFLKTRKYKARLFPGF,3,0.17647058823529413
CSFSFFFFFFAFFFFLPSRF,2,0.11764705882352941
CVSSRSNDYRLSF,2,0.11764705882352941
CVYLCMYVCMYVSEMGF,2,0.11764705882352941
