CDR3,count,relative.frequency
CAANSDHLNF,5,0.034482758620689655
CAARVAFSEALVF,2,0.013793103448275862
CAAWLLAGLLGF,2,0.013793103448275862
CAELLDPFGF,16,0.1103448275862069
CAELXDPFGF,3,0.020689655172413793
CAIKVLGHIVNF,2,0.013793103448275862
CAVAHVCNPSTF,8,0.05517241379310345
CESASYPEGNF,28,0.19310344827586207
CESASYPXGNF,2,0.013793103448275862
CFLHNELTRNNF,2,0.013793103448275862
CFLLLGTKLPRF,2,0.013793103448275862
CGAEAGGVPGGF,2,0.013793103448275862
CGSPEAF,3,0.020689655172413793
CHLELLNLCAVTF,2,0.013793103448275862
CILYLGPRYGF,2,0.013793103448275862
CISFLFFSFF,3,0.020689655172413793
CLLLRERWVGF,2,0.013793103448275862
CLLPYQCMYSSTF,2,0.013793103448275862
CLRNCRVTGF,2,0.013793103448275862
CMQALQTPRTF,5,0.034482758620689655
CMQGLQRFTF,2,0.013793103448275862
CMQSVSTRTF,4,0.027586206896551724
CNLVAFPPTF,2,0.013793103448275862
CQHFRDSVWTF,2,0.013793103448275862
CQHYSPYFWTF,4,0.027586206896551724
CQQAKSLPLTF,2,0.013793103448275862
CQQHYTGWTF,2,0.013793103448275862
CQQRNNRLTF,2,0.013793103448275862
CQQRSNWLLNF,4,0.027586206896551724
CQQSTSFPSTF,2,0.013793103448275862
CQQSYNPRPYTF,2,0.013793103448275862
CQQSYTTPRTF,2,0.013793103448275862
CQQYFTNSPTF,2,0.013793103448275862
CQQYGHTINF,2,0.013793103448275862
CQSYNMWTF,6,0.041379310344827586
CSRKPQWSGF,2,0.013793103448275862
CSSYAGNDIYLF,2,0.013793103448275862
CTAMLAPGF,4,0.027586206896551724
CTTYLPTSRDF,2,0.013793103448275862
