CDR3,count,relative.frequency
CASYSATGSLIF,2,0.14285714285714285
CCSSTLYLIF,4,0.2857142857142857
CGSYSATDTLIF,2,0.14285714285714285
CSSFSDTDTLIF,2,0.14285714285714285
CSSFTITRTVIF,2,0.14285714285714285
CSSYSDTDTLIF,2,0.14285714285714285
