CDR3,count,relative.frequency
CAAWDDSLNAWVF,4,0.06349206349206349
CCSYAGSYTLLF,4,0.06349206349206349
CHSYDSSLSARVF,2,0.031746031746031744
CHSYDSSLSGWVF,3,0.047619047619047616
CHTWGTGIWVF,2,0.031746031746031744
CLLYYGGALNWVF,2,0.031746031746031744
CNSRDSSGDRPVF,3,0.047619047619047616
CNSRDSSGNHVVF,3,0.047619047619047616
CNSRDSSGNHWVF,2,0.031746031746031744
CQAWDSSTVVF,2,0.031746031746031744
CQSADSSGTSVVF,4,0.06349206349206349
CQSYDGSLTASVF,2,0.031746031746031744
CQSYDSGLSGVVF,2,0.031746031746031744
CQTWDSDTAVF,2,0.031746031746031744
CQTWGTGTWVF,6,0.09523809523809523
CQVWDSSIVVVF,2,0.031746031746031744
CQVWDSSTDNVVF,2,0.031746031746031744
CSAWDDRLNGLVF,2,0.031746031746031744
CSSYAGSNNLVF,3,0.047619047619047616
CSSYTSSSTLVVF,3,0.047619047619047616
CSSYTSSSTRVF,2,0.031746031746031744
CSTWDDSLNGLVF,2,0.031746031746031744
CVLYMSSGIWVF,2,0.031746031746031744
CYSTDSSGYHRVF,2,0.031746031746031744
