CDR3,count,relative.frequency
CAAWDDRLIGVVF,3,0.01327433628318584
CAAWDDSLNGHVVF,12,0.05309734513274336
CAAWDDSLNGPVF,2,0.008849557522123894
CAAWDDSLSGVVF,2,0.008849557522123894
CGTWHSNSF,2,0.008849557522123894
CMIWHSSAVIF,2,0.008849557522123894
CMIWPSNAHALF,5,0.022123893805309734
CNSQDTSGNHVVF,29,0.12831858407079647
CNSRDTSGNHLF,2,0.008849557522123894
CNSRDTSGNHLVF,61,0.26991150442477874
CQAWDSATAVF,2,0.008849557522123894
CQAWDSNTANVF,7,0.030973451327433628
CQAWDSSTAVF,15,0.06637168141592921
CQIWGTGIRVF,2,0.008849557522123894
CQSADSSGTYVVF,7,0.030973451327433628
CQSADSSNTYRVF,22,0.09734513274336283
CQSYDRRNHVVF,3,0.01327433628318584
CQTWGAGVQVF,3,0.01327433628318584
CQTWGTDIRVF,4,0.017699115044247787
CQTWGTGIQVF,2,0.008849557522123894
CQTWGTGIRVF,10,0.04424778761061947
CQVWDSSSDHPEGVF,4,0.017699115044247787
CQVWDSSSDHVVF,8,0.035398230088495575
CQVWDSSTASYVF,13,0.05752212389380531
CQVWDTSTGVF,2,0.008849557522123894
CSYARSYTFGFVF,2,0.008849557522123894
