CDR3,count,relative.frequency
CASSDTDTQYF,3,0.16666666666666666
CASSLAPAQETQYF,2,0.1111111111111111
CASSLDYNEQFF,2,0.1111111111111111
CASSPGDTEAFF,2,0.1111111111111111
CASSRQYF,5,0.2777777777777778
CATGQGITEAFF,2,0.1111111111111111
CATSRTYEQYF,2,0.1111111111111111
