CDR3,count,relative.frequency
CAAGGEHSGFDYW,2,0.006472491909385114
CAGDQDWAFDIW,9,0.02912621359223301
CAGGVCYTADYW,3,0.009708737864077669
CAHSESFDYW,3,0.009708737864077669
CAKQYVDAW,4,0.012944983818770227
CAKQYVDSW,9,0.02912621359223301
CAKSDGFDIW,2,0.006472491909385114
CARAAGGDFHFDYW,10,0.032362459546925564
CARAEGDYW,2,0.006472491909385114
CARDDFWSGYGDYW,2,0.006472491909385114
CARDDMDVW,3,0.009708737864077669
CARDRIDSFDYW,12,0.038834951456310676
CARDRSAGGTDYW,6,0.019417475728155338
CARDSTSDYW,2,0.006472491909385114
CARDTSGWLDYW,3,0.009708737864077669
CARDYGGSAFDIW,4,0.012944983818770227
CAREGRGGGDFFDYW,59,0.19093851132686085
CAREVVGGFDYW,6,0.019417475728155338
CARGDGGDYW,2,0.006472491909385114
CARGGMFDHW,2,0.006472491909385114
CARGKGAFDIW,2,0.006472491909385114
CARGKIYFPYW,6,0.019417475728155338
CARGKVVPDYW,2,0.006472491909385114
CARGLDYW,15,0.04854368932038835
CARGSRGNGAAFDIW,2,0.006472491909385114
CARHPEYYFDYW,2,0.006472491909385114
CARILESRFDFW,3,0.009708737864077669
CARLRNYAFYFDYW,2,0.006472491909385114
CARLTTVGAFDIW,13,0.042071197411003236
CARRRQGTMEDYW,7,0.022653721682847898
CARSDTSGPYFFDYW,5,0.016181229773462782
CARSQGWYFDLW,2,0.006472491909385114
CARWWYFDLW,6,0.019417475728155338
CASLSGNLDYW,2,0.006472491909385114
CATFGPISSFDVW,38,0.12297734627831715
CATQYVDCW,2,0.006472491909385114
CFLDHVPSDYW,2,0.006472491909385114
CHLRAAFDMW,2,0.006472491909385114
CNGGSCYYFDYW,2,0.006472491909385114
CSGDCFSPFDYW,2,0.006472491909385114
CSGGSCYALDYW,2,0.006472491909385114
CSGGSCYSFDPW,2,0.006472491909385114
CSGGSCYSLDYW,3,0.009708737864077669
CSNGVCSWCDSW,2,0.006472491909385114
CTLGGFDYW,12,0.038834951456310676
CTLGGVDYW,3,0.009708737864077669
CTPSKQDFDYW,9,0.02912621359223301
CTRDSTSDYW,3,0.009708737864077669
CVRGGGSYYDHW,4,0.012944983818770227
CYDYW,5,0.016181229773462782
CYFDYW,2,0.006472491909385114
