CDR3,count,relative.frequency
CASNRDGELFF,2,0.3333333333333333
CASSFHSSYEQYF,2,0.3333333333333333
CASSQATDTQYF,2,0.3333333333333333
