CDR3,count,relative.frequency
CALPSLIHLIF,2,0.046511627906976744
CALPSSTILIF,3,0.06976744186046512
CCSYAHTSTLIF,2,0.046511627906976744
CQQLDRYLIF,18,0.4186046511627907
CQSNHGTNLIF,6,0.13953488372093023
CSSYTSPWIF,12,0.27906976744186046
