CDR3,count,relative.frequency
CAKDGRAYNFDYW,2,0.014388489208633094
CALGGWDYW,2,0.014388489208633094
CARDASFDYW,3,0.02158273381294964
CARDHDDIYFDYW,2,0.014388489208633094
CARDLYAFDIW,20,0.14388489208633093
CARDSRWNPWDYW,3,0.02158273381294964
CAREGVGATAFDYW,3,0.02158273381294964
CAREPRGSYDYW,2,0.014388489208633094
CARGGLTVQGFDSW,3,0.02158273381294964
CARGNDIGGFYLDYW,4,0.02877697841726619
CARGPSDFDYW,22,0.15827338129496402
CARLNSIYLDSW,6,0.04316546762589928
CARVAYGGNYFDYW,5,0.03597122302158273
CARYSGQGWFDPW,5,0.03597122302158273
CARYYGSAFDYW,3,0.02158273381294964
CARYYGSGFDYW,16,0.11510791366906475
CGAGDCYHFDYW,9,0.06474820143884892
CSGGCYFHYW,2,0.014388489208633094
CSGGSCYFDYW,2,0.014388489208633094
CTNGVCLFDYW,8,0.05755395683453238
CTYYFDYW,2,0.014388489208633094
CVGDSQDAFDIW,2,0.014388489208633094
CVRQTWGFDYW,10,0.07194244604316546
CYSSLGLVDYW,3,0.02158273381294964
