CDR3,count,relative.frequency
CAVEEAKASASPGF,2,0.037037037037037035
CESASYPEGNF,5,0.09259259259259259
CGSPEAF,12,0.2222222222222222
CISFLFFSFF,6,0.1111111111111111
CQAWDSGIFVF,2,0.037037037037037035
CQQQLTF,2,0.037037037037037035
CQQYFRIPWTF,2,0.037037037037037035
CQQYVTSPWTF,21,0.3888888888888889
CSIPADSQNLTF,2,0.037037037037037035
