CDR3,count,relative.frequency
CACLLDDYGDFDYW,15,0.017201834862385322
CAGERVDYW,11,0.01261467889908257
CAKDVYRWSFDHW,4,0.0045871559633027525
CAKQWLGQFDYW,4,0.0045871559633027525
CALDVW,2,0.0022935779816513763
CALGQRSHFDYW,3,0.0034403669724770644
CARAGRLRDAFDLW,2,0.0022935779816513763
CARALDYW,12,0.013761467889908258
CARDAQYWRFDIW,39,0.04472477064220184
CARDGTFSNAFDIW,5,0.005733944954128441
CARDHWEFRYFDLW,3,0.0034403669724770644
CARDPHWGALDIW,5,0.005733944954128441
CARDVQYWRFDIW,12,0.013761467889908258
CARGGDLGEAFDIW,9,0.010321100917431193
CARGGDYFDYW,11,0.01261467889908257
CARGLNDFDVW,2,0.0022935779816513763
CARGRNHAFDIW,51,0.058486238532110095
CARIVGASDLDYW,2,0.0022935779816513763
CARLQVVHSYFDLW,4,0.0045871559633027525
CARYVMDGKWFDPW,16,0.01834862385321101
CASWLEDDFDVW,3,0.0034403669724770644
CDSW,10,0.011467889908256881
CLVDLDYW,8,0.009174311926605505
CNSVTCSNWFDPW,2,0.0022935779816513763
CSGETCRYFDYW,10,0.011467889908256881
CSGGHCFALDYW,4,0.0045871559633027525
CSGGSCLDYW,7,0.008027522935779817
CSGGTYSPFDHW,3,0.0034403669724770644
CSRFDYW,3,0.0034403669724770644
CSSGSTFDYW,6,0.006880733944954129
CSTTSCFFDYW,4,0.0045871559633027525
CTIYGTEGAFDVW,2,0.0022935779816513763
CTNGVCQNYFDPW,2,0.0022935779816513763
CTRAINHGFDIW,2,0.0022935779816513763
CTREPSNYFDYW,6,0.006880733944954129
CTRGSCQNWFAPW,4,0.0045871559633027525
CTRNYHSYYFDYW,2,0.0022935779816513763
CTTSCDGMDVW,497,0.569954128440367
CVREFEAFDYW,79,0.09059633027522936
CVREFLAFDYW,4,0.0045871559633027525
CYFDVW,2,0.0022935779816513763
