CDR3,count,relative.frequency
CASPTIF,29,0.5686274509803921
CMQGKNLPLIF,3,0.058823529411764705
CMQGLEIPHIF,11,0.21568627450980393
CQAWDTSPVIF,2,0.0392156862745098
CQQYHDLLIF,2,0.0392156862745098
CQSYNRDKWIF,2,0.0392156862745098
CSSYAHPDNLIF,2,0.0392156862745098
