CDR3,count,relative.frequency
CAACDDSLSAWVF,2,0.009433962264150943
CAAWDDGLRGPVF,2,0.009433962264150943
CAAWDDNVNGWVF,2,0.009433962264150943
CAAWDDSLHGWVF,2,0.009433962264150943
CAAWDDSLSVLF,2,0.009433962264150943
CASWDDNLNGWVF,2,0.009433962264150943
CGSYTSSSTLVF,2,0.009433962264150943
CGTWDGSLNAWVF,2,0.009433962264150943
CGTWDSSLSAVVF,2,0.009433962264150943
CLLHYGGAQPWVF,7,0.0330188679245283
CLLSYNGFRVF,2,0.009433962264150943
CLLYYGGAHLVF,10,0.04716981132075472
CLLYYGGARVF,3,0.014150943396226415
CLLYYGGLWVF,3,0.014150943396226415
CLLYYGGTWVF,2,0.009433962264150943
CNSRDSSGKLWVF,2,0.009433962264150943
CNSRDSSGNLWVF,4,0.018867924528301886
CQAWDRRTAYF,4,0.018867924528301886
CQAWDSNTGGVF,2,0.009433962264150943
CQAWDSNTPEVVF,10,0.04716981132075472
CQAWDSRTAYF,18,0.08490566037735849
CQAWDTRTAYF,3,0.014150943396226415
CQMWDSSSDHPVF,8,0.03773584905660377
CQSADSSGTWVF,4,0.018867924528301886
CQSADSSGTYVVF,3,0.014150943396226415
CQSADSTGDPVVF,6,0.02830188679245283
CQSHDSSLSGSGVF,2,0.009433962264150943
CQSPDSSGLSIVF,3,0.014150943396226415
CQSSDSSGSWVF,2,0.009433962264150943
CQSYDNSLSGWVF,2,0.009433962264150943
CQSYDRSLTAVF,2,0.009433962264150943
CQSYDSNNWVF,4,0.018867924528301886
CQSYDSSHHVVF,2,0.009433962264150943
CQSYDSSLDGRVF,4,0.018867924528301886
CQSYDSSLLWVF,3,0.014150943396226415
CQSYDSSLRGWVF,2,0.009433962264150943
CQSYDSSLSSSWVF,2,0.009433962264150943
CQSYDSSLSVPWVF,4,0.018867924528301886
CQSYDSSLSVWVF,3,0.014150943396226415
CQSYDSSLTGSYVF,3,0.014150943396226415
CQSYDSSLWRVVF,2,0.009433962264150943
CQSYDSSVVVF,2,0.009433962264150943
CQTSGTGTRVF,4,0.018867924528301886
CQTWDSRTAYF,4,0.018867924528301886
CQTWDTGIRVF,2,0.009433962264150943
CQTWDTGTAFF,3,0.014150943396226415
CQTWGIGIRVF,2,0.009433962264150943
CQTWGQGIRVF,3,0.014150943396226415
CQTWGTGDWVF,12,0.05660377358490566
CQTWGTGIRVF,3,0.014150943396226415
CQTWGTGIWVF,2,0.009433962264150943
CQVWDSSTVLF,6,0.02830188679245283
CSAWDDSLNGVVF,3,0.014150943396226415
CSLYSSSATWVF,2,0.009433962264150943
CSSYTSSSILVF,2,0.009433962264150943
CSSYTSSTTLIF,3,0.014150943396226415
CSSYTSSTTLVF,4,0.018867924528301886
CVLYLGSGTWVF,3,0.014150943396226415
CYSTDSSGNYYVF,3,0.014150943396226415
