CDR3,count,relative.frequency
CAGWDASRRVIF,32,0.1568627450980392
CARASRVAIF,34,0.16666666666666666
CARDMIF,11,0.05392156862745098
CARDRVKIF,11,0.05392156862745098
CARGAIF,2,0.00980392156862745
CARGPRITIF,2,0.00980392156862745
CARVKIF,15,0.07352941176470588
CARVTMRITIF,2,0.00980392156862745
CASNTNTIPLIF,2,0.00980392156862745
CASYTNTITLIF,29,0.14215686274509803
CCSYAGSTTLIF,6,0.029411764705882353
CGSYTSTNTLIF,6,0.029411764705882353
CMQGERPLTF,31,0.15196078431372548
CQKYTSAPVIF,2,0.00980392156862745
CQQLNSYPLIF,2,0.00980392156862745
CQQSYTRPLIF,2,0.00980392156862745
CQQTYSIPLIF,2,0.00980392156862745
CQQTYSPLITF,2,0.00980392156862745
CRSYTSRSTLIF,2,0.00980392156862745
CRSYTTLRSKIF,2,0.00980392156862745
CSSYAGNKNLIF,2,0.00980392156862745
CTRDRVTIF,3,0.014705882352941176
CVRGQRVTIF,2,0.00980392156862745
