CDR3,count,relative.frequency
CARAYRVFDIFDIW,2,0.043478260869565216
CARDATARWFDPW,2,0.043478260869565216
CARGTMATVTFDYW,7,0.15217391304347827
CSNDCYPFDYW,4,0.08695652173913043
CTNGACYFDYW,26,0.5652173913043478
CVRHGGWHFDLW,5,0.10869565217391304
