CDR3,count,relative.frequency
CAATESYYYGMDVW,2,0.021505376344086023
CARAGSGLDYW,2,0.021505376344086023
CARDSVDAHVDYW,4,0.043010752688172046
CARGDRIVAYDYW,2,0.021505376344086023
CARGGAHDYW,4,0.043010752688172046
CARGGGLNAFDIW,4,0.043010752688172046
CARGKGDDAFDIW,32,0.34408602150537637
CARGRPIDYW,15,0.16129032258064516
CARQMTPRWDFDYW,4,0.043010752688172046
CASTAFDIW,3,0.03225806451612903
CATSRTLDYW,3,0.03225806451612903
CCTTPWFDNW,2,0.021505376344086023
CDTALDIW,2,0.021505376344086023
CEYCSGEDAFDIW,2,0.021505376344086023
CLDYW,4,0.043010752688172046
CLFLCERYERYW,2,0.021505376344086023
CSSTNCYEFDYW,2,0.021505376344086023
CTTPWFDNW,4,0.043010752688172046
