CDR3,count,relative.frequency
CAAAGNHGFDPW,29,0.2636363636363636
CAHASQLHFDSW,2,0.01818181818181818
CAKGEVRFDPW,2,0.01818181818181818
CARDLSWAFDYW,5,0.045454545454545456
CARDLSWSFDIW,6,0.05454545454545454
CARDPLRRSDYW,2,0.01818181818181818
CARGPHNNPFDYW,4,0.03636363636363636
CARGRGWLYDYW,6,0.05454545454545454
CARGRTYFDHW,2,0.01818181818181818
CARGWFDSW,2,0.01818181818181818
CARPDYW,4,0.03636363636363636
CARQGSYNWFDPW,2,0.01818181818181818
CARRYSGSYHFDYW,3,0.02727272727272727
CARSKLWPDYW,2,0.01818181818181818
CARYTGYYFDYW,2,0.01818181818181818
CNTGDGWAFDIW,9,0.08181818181818182
CTRTVFDFW,2,0.01818181818181818
CTTNRLSRFDKW,2,0.01818181818181818
CVDYW,7,0.06363636363636363
CVRDGAVWYFDFW,2,0.01818181818181818
CVRSYYYYGLDVW,2,0.01818181818181818
CVRVFDAMDVW,2,0.01818181818181818
CYGSLYFGNW,7,0.06363636363636363
CYHDYYGMDVW,2,0.01818181818181818
CYYVMDVW,2,0.01818181818181818
