CDR3,count,relative.frequency
CARTTIF,3,0.2727272727272727
CLLAPSPLVIF,2,0.18181818181818182
CQHYDNHPLIF,2,0.18181818181818182
CQQYHERPLTF,2,0.18181818181818182
CQSYNTFPRIF,2,0.18181818181818182
