CDR3,count,relative.frequency
CASSFSGNTIYF,9,0.32142857142857145
CASSLGNEQFF,2,0.07142857142857142
CASSLGQGQETQYF,9,0.32142857142857145
CASSLPPRETQYF,6,0.21428571428571427
CNSLCVTETLYF,2,0.07142857142857142
