CDR3,count,relative.frequency
CAAWDDRLNGVF,2,0.0091324200913242
CAAWDDSLNALVVF,4,0.0182648401826484
CAAWDDSLNAVVF,4,0.0182648401826484
CAAWDDSLNGGVF,6,0.0273972602739726
CAAWDDSLNSYVF,2,0.0091324200913242
CAAWDDSLNVVF,15,0.0684931506849315
CAAWDDSMNVVF,6,0.0273972602739726
CCSYAGSSTWVF,2,0.0091324200913242
CETWDRNTGVF,2,0.0091324200913242
CETWDSNTRVF,2,0.0091324200913242
CGTWDSSLSAWVF,2,0.0091324200913242
CHAWDISTAVF,2,0.0091324200913242
CLLDYSGAVVF,2,0.0091324200913242
CLLSYSGARVF,2,0.0091324200913242
CLLYYGGAQPVVF,2,0.0091324200913242
CLLYYSGAQVF,2,0.0091324200913242
CNSRDNSGNHVLF,3,0.0136986301369863
CNSRDSSGNHWLF,2,0.0091324200913242
CQAWDSSTTVVF,2,0.0091324200913242
CQAWGTGSVVF,3,0.0136986301369863
CQSADASGLIVVF,2,0.0091324200913242
CQSADMSGTYRVF,4,0.0182648401826484
CQSADRSGTHWVF,2,0.0091324200913242
CQSADSSGTIDVF,4,0.0182648401826484
CQSYDDTNVVF,9,0.0410958904109589
CQSYDGDNHVVF,2,0.0091324200913242
CQSYDNSLSGSWVF,2,0.0091324200913242
CQSYDRGLSGWVF,3,0.0136986301369863
CQSYDSDNRWIF,2,0.0091324200913242
CQSYDSNNWVF,2,0.0091324200913242
CQSYDSRNHVVF,2,0.0091324200913242
CQSYDSSDPWVF,3,0.0136986301369863
CQSYDSSHHVVF,2,0.0091324200913242
CQSYDSSHQVF,2,0.0091324200913242
CQSYDSSKQVF,4,0.0182648401826484
CQSYDSSLSASLF,2,0.0091324200913242
CQSYDSSLSGYVF,4,0.0182648401826484
CQSYDSSLSTWVF,5,0.0228310502283105
CQSYDSSLSVVF,2,0.0091324200913242
CQSYDSSNLVF,4,0.0182648401826484
CQSYDSTNEVF,2,0.0091324200913242
CQTWGNGIRVF,4,0.0182648401826484
CQTWGTEYRIF,4,0.0182648401826484
CQVGDSSTVVF,2,0.0091324200913242
CQVWDSRSDHWVF,2,0.0091324200913242
CQVWDSSSDHLLF,2,0.0091324200913242
CQVWDSSSDHVVF,2,0.0091324200913242
CQVWDSSSVVF,2,0.0091324200913242
CQVWDSSTVVF,2,0.0091324200913242
CSSAADKNLVF,2,0.0091324200913242
CSSYAGNNNWVF,7,0.0319634703196347
CSSYAGSSTLVF,2,0.0091324200913242
CSSYTSTSTWVF,42,0.1917808219178082
CSSYTTSDTLVF,2,0.0091324200913242
CVLFMGGGIWVF,2,0.0091324200913242
CYSAADKNLVF,7,0.0319634703196347
CYSAADNNHGVF,2,0.0091324200913242
CYSATDNSVVF,2,0.0091324200913242
