CDR3,count,relative.frequency
CAKDRGRYFFDRW,2,0.027777777777777776
CAKVPPSANWFDPW,2,0.027777777777777776
CARGKFPDYW,10,0.1388888888888889
CARPSNNNWYFDLW,7,0.09722222222222222
CARRGYFDFW,9,0.125
CARRGYFDLW,25,0.3472222222222222
CASAGILSSFDYW,2,0.027777777777777776
CASDYDYW,5,0.06944444444444445
CSRDNGGWFDPW,2,0.027777777777777776
CTTDPALGGFDPW,3,0.041666666666666664
CTTDPELGGFDPW,5,0.06944444444444445
