CDR3,count,relative.frequency
CASGGPRTDTQYF,2,0.041666666666666664
CASSDRNTIYF,3,0.0625
CASSETSGTEAFF,2,0.041666666666666664
CASSGTEAFF,2,0.041666666666666664
CASSLGGEAFF,2,0.041666666666666664
CASSPKTGYTF,2,0.041666666666666664
CASSQEGLTYGYTF,2,0.041666666666666664
CASSSGDWGNTIYF,2,0.041666666666666664
CASSSGLQETQYF,2,0.041666666666666664
CASYTSGNTYVF,2,0.041666666666666664
CAWSAVGYTF,2,0.041666666666666664
CHAWDNNIAFF,15,0.3125
CSSYTLTTAFF,4,0.08333333333333333
CSSYTSGNTILF,2,0.041666666666666664
CSSYTSTNTIIF,4,0.08333333333333333
