CDR3,count,relative.frequency
CAGNCHFEYW,2,0.01818181818181818
CAKAATGYFDYW,2,0.01818181818181818
CAKAGYFDYW,4,0.03636363636363636
CAKDGHFDYW,4,0.03636363636363636
CAKDSSLDYW,2,0.01818181818181818
CAKDVWGSGWLDYW,2,0.01818181818181818
CAKESAWSLDYW,5,0.045454545454545456
CAKHSSLDYW,4,0.03636363636363636
CAKYFSRGGDDYW,2,0.01818181818181818
CARDGLWARDVW,2,0.01818181818181818
CARDLGLDYW,2,0.01818181818181818
CARDRGSDDPIDYW,5,0.045454545454545456
CARDRGSDEPIDYW,4,0.03636363636363636
CARDSYGDSDYW,5,0.045454545454545456
CARDTGDAFDIW,8,0.07272727272727272
CARDYDYAMDVW,2,0.01818181818181818
CARGDVLDVW,2,0.01818181818181818
CARGGIVPAAPDYW,2,0.01818181818181818
CARGGSSTKVDYW,4,0.03636363636363636
CARNPLGGFFDHW,2,0.01818181818181818
CARPHDYW,14,0.12727272727272726
CARTTTFDIW,2,0.01818181818181818
CARVTRRYFDLW,10,0.09090909090909091
CATSEGAFDYW,2,0.01818181818181818
CATSRNFDWFDYW,3,0.02727272727272727
CHLRYGHDIDYW,2,0.01818181818181818
CIREDWGRDYW,2,0.01818181818181818
CSGDCHFDFW,2,0.01818181818181818
CVKSDRWSVFDNW,2,0.01818181818181818
CVVQAFDSW,2,0.01818181818181818
CYYFYYAMDIW,4,0.03636363636363636
