CDR3,count,relative.frequency
CAANSDHLNF,2,0.0012315270935960591
CAELLDPFGF,8,0.0049261083743842365
CAGEQARYCHGGF,2,0.0012315270935960591
CAGESVSNF,2,0.0012315270935960591
CALRAVLSVTMTF,2,0.0012315270935960591
CAVAHVCNPSTF,12,0.007389162561576354
CESASXPEGNF,2,0.0012315270935960591
CESASYPAGNF,2,0.0012315270935960591
CESASYPEGNF,1546,0.9519704433497537
CESASYPEGTF,2,0.0012315270935960591
CESASYPXGNF,2,0.0012315270935960591
CESASYXEGNF,4,0.0024630541871921183
CGARGRHHRHSDF,2,0.0012315270935960591
CGSVCPQSQHF,3,0.0018472906403940886
CHQHFHTPWTF,3,0.0018472906403940886
CHRSCCSGF,2,0.0012315270935960591
CISFLFFSFF,2,0.0012315270935960591
CLLLAQQNF,2,0.0012315270935960591
CLLVLPGVGRDGF,2,0.0012315270935960591
CLQQDSFPYTF,2,0.0012315270935960591
CLRALAFQITF,2,0.0012315270935960591
CMLYMGDARRVF,2,0.0012315270935960591
CMQSLQIPPTF,2,0.0012315270935960591
CQHYGHLLITF,2,0.0012315270935960591
CSLQPPPPGF,2,0.0012315270935960591
CSSYASSGTIIF,4,0.0024630541871921183
CSVHGDRGHQTF,2,0.0012315270935960591
CTAMLAPGF,2,0.0012315270935960591
CTKLFIYRNF,2,0.0012315270935960591
