CDR3,count,relative.frequency
CADFDYW,3,0.031914893617021274
CAHHLLPFDYW,3,0.031914893617021274
CAKRSLGWYFDLW,2,0.02127659574468085
CARDHGGSFDYW,5,0.05319148936170213
CARDRHVAIIDYW,4,0.0425531914893617
CARDSSLRYFDRW,21,0.22340425531914893
CARESTAIFDYW,17,0.18085106382978725
CARGEGGPDYW,3,0.031914893617021274
CARGFGVIDRDYW,2,0.02127659574468085
CARGGRFGDYW,6,0.06382978723404255
CARGLETSNWFDPW,5,0.05319148936170213
CARQWLVSDACDIW,4,0.0425531914893617
CARVGRSHAFDIW,3,0.031914893617021274
CARWVWFDYW,3,0.031914893617021274
CARYSSLRYFDRW,2,0.02127659574468085
CASLTMYRGVDYW,2,0.02127659574468085
CSPLFDYW,5,0.05319148936170213
CTQHLDYW,2,0.02127659574468085
CVRAAALDYW,2,0.02127659574468085
