CDR3,count,relative.frequency
CAHTRVPDISDVW,2,0.008968609865470852
CAKAWGWGYFDLW,5,0.02242152466367713
CAKDRDDAFDIW,2,0.008968609865470852
CAKGARGFDYW,8,0.03587443946188341
CAKGLSLDYFDYW,4,0.017937219730941704
CARASFRCFDFW,2,0.008968609865470852
CARASYGDYFDYW,2,0.008968609865470852
CARAVTDGEEFDYW,3,0.013452914798206279
CARDISDWPDYW,3,0.013452914798206279
CARDLKWNYFDYW,2,0.008968609865470852
CARDPGYSFDYW,2,0.008968609865470852
CARDRGWRSFDYW,3,0.013452914798206279
CARDTPQGIDYW,2,0.008968609865470852
CARDWSHDYW,4,0.017937219730941704
CARDWWGYYFDYW,3,0.013452914798206279
CARGAGGRDFDFW,4,0.017937219730941704
CARGDGYNYWYFDLW,2,0.008968609865470852
CARGGLLLDYW,5,0.02242152466367713
CARGGVDYW,2,0.008968609865470852
CARGTSYFDYW,38,0.17040358744394618
CARGYNYGSIDYW,2,0.008968609865470852
CARIDSDYGDFFDYW,2,0.008968609865470852
CARIFDIW,10,0.04484304932735426
CARIRSGYNAFDYW,5,0.02242152466367713
CARLEPAVRGFDYW,10,0.04484304932735426
CARRLGGSYFDSW,2,0.008968609865470852
CARTYDYW,2,0.008968609865470852
CARVRAAAGDYW,3,0.013452914798206279
CASGGSHFDYW,3,0.013452914798206279
CASGSSIAALDYW,2,0.008968609865470852
CATGVPAFEYW,2,0.008968609865470852
CATVDSGGYYFRYW,2,0.008968609865470852
CDSW,2,0.008968609865470852
CDYW,2,0.008968609865470852
CFDSW,6,0.026905829596412557
CFMYYSDFW,2,0.008968609865470852
CLRDYVDFW,2,0.008968609865470852
CLRDYVDIW,2,0.008968609865470852
CQRAPFRCFDFW,2,0.008968609865470852
CQRASFRCFDFW,7,0.03139013452914798
CSGGDCSTFDYW,5,0.02242152466367713
CSGGNCYFVYW,2,0.008968609865470852
CSGGSCSTFDYW,3,0.013452914798206279
CSGGTCFDFW,3,0.013452914798206279
CSRGGWFDPW,15,0.06726457399103139
CSRLICSSHFDYW,2,0.008968609865470852
CSSHFDYW,2,0.008968609865470852
CSVECYSDYW,2,0.008968609865470852
CTGDCYFFDYW,2,0.008968609865470852
CTPYYYYGMDVW,2,0.008968609865470852
CVGGDFKYW,4,0.017937219730941704
CVRDHNWGDYW,3,0.013452914798206279
CVRPTSSWFDSW,2,0.008968609865470852
CYAVDYW,6,0.026905829596412557
CYTASFDNW,2,0.008968609865470852
