CDR3,count,relative.frequency
CAANNNLIF,4,0.2222222222222222
CCSSADIYPWIF,5,0.2777777777777778
CQTWYTDILIF,2,0.1111111111111111
CTSYGGNKNLIF,2,0.1111111111111111
CVRIAIF,2,0.1111111111111111
CYCAANNNLIF,3,0.16666666666666666
