CDR3,count,relative.frequency
CAGGYDAFDYW,5,0.013123359580052493
CAGSGWYLDYW,3,0.007874015748031496
CAKDGSEMLLCDYW,35,0.09186351706036745
CAKGWYIVYW,2,0.005249343832020997
CAKNSAMDVW,6,0.015748031496062992
CARASGGGFDLW,2,0.005249343832020997
CARDLRRTLDYW,2,0.005249343832020997
CARDSGGGFDLW,8,0.02099737532808399
CARDYASGSEFEYW,2,0.005249343832020997
CARGMEGYGGFDYW,8,0.02099737532808399
CARGPGWSDSW,43,0.11286089238845144
CARGRDFDYW,7,0.01837270341207349
CARGVAFDMW,2,0.005249343832020997
CARIAGGWFDPW,2,0.005249343832020997
CARKVYHNFDYW,8,0.02099737532808399
CARPTHTVGAFNIW,2,0.005249343832020997
CARSGSYLSDAFDTW,2,0.005249343832020997
CARTSPQTRYYFDHW,2,0.005249343832020997
CARVRDRNWLDPW,156,0.4094488188976378
CARVTFRKRIFDYW,2,0.005249343832020997
CASSWFGDWFDPW,3,0.007874015748031496
CFDYW,4,0.010498687664041995
CQQYDSYW,3,0.007874015748031496
CQQYNSYW,70,0.1837270341207349
CTDLVGYFDWW,2,0.005249343832020997
