CDR3,count,relative.frequency
CAARVAFSEALVF,8,0.00984009840098401
CARESIRGF,26,0.03198031980319803
CARGF,4,0.004920049200492005
CAVSDTNDYKLSF,2,0.0024600246002460025
CESASYPEGNF,710,0.8733087330873309
CGSLWGWAGF,2,0.0024600246002460025
CGSPEAF,2,0.0024600246002460025
CITHFLLKHNTF,2,0.0024600246002460025
CKPSSLWF,2,0.0024600246002460025
CLLCSSRRAWSRF,3,0.0036900369003690036
CLLPYQCMYSSTF,2,0.0024600246002460025
CLRNCRVTGF,3,0.0036900369003690036
CLSAVARSGGRGGF,4,0.004920049200492005
CLSLFILCPGF,2,0.0024600246002460025
CPPRPRNPGF,2,0.0024600246002460025
CQKYKSAPFTF,2,0.0024600246002460025
CQQHHTTPITF,2,0.0024600246002460025
CQQSRTF,2,0.0024600246002460025
CQQSYTMPQTF,4,0.004920049200492005
CQQTYTSPWTF,2,0.0024600246002460025
CQQYDDPALTF,2,0.0024600246002460025
CQQYESHSTF,2,0.0024600246002460025
CQQYRTF,12,0.014760147601476014
CQRYSTTPRTF,3,0.0036900369003690036
CQVNNHPFTF,2,0.0024600246002460025
CVVGCVIILNF,6,0.007380073800738007
