CDR3,count,relative.frequency
CASSLDRNTEAFF,2,0.2222222222222222
CASSLGTGNEQYF,3,0.3333333333333333
CASSPPSAETQYF,2,0.2222222222222222
CASTRSGDYEQYF,2,0.2222222222222222
