CDR3,count,relative.frequency
CAKHFRLRITIF,7,0.08860759493670886
CARAPTIF,2,0.02531645569620253
CARDARITIF,20,0.25316455696202533
CARDFSRHTIF,16,0.20253164556962025
CARDFSRRSIF,13,0.16455696202531644
CARGLRYSIF,2,0.02531645569620253
CARIPIF,5,0.06329113924050633
CATWDASLSSLIF,3,0.0379746835443038
CHQYYITPLIF,2,0.02531645569620253
CQQTYRIPIIF,2,0.02531645569620253
CQQYYRPLITF,7,0.08860759493670886
