CDR3,count,relative.frequency
CAAGYSGVFDIW,2,0.005952380952380952
CAASGGDYW,5,0.01488095238095238
CAHRILGGAFDVW,6,0.017857142857142856
CAKGDAFDYW,14,0.041666666666666664
CAMDVW,7,0.020833333333333332
CARAAAADYW,2,0.005952380952380952
CARAHYYVDAFDLW,2,0.005952380952380952
CARASGSFAFDLW,2,0.005952380952380952
CARDFGRRGYFDHW,2,0.005952380952380952
CARDKYGDHDYW,20,0.05952380952380952
CARDPFSDYW,18,0.05357142857142857
CARDSGRFYVDYW,4,0.011904761904761904
CARDSTHGFDYW,4,0.011904761904761904
CAREVEREGFDYW,2,0.005952380952380952
CARGGGDPTDPFDVW,2,0.005952380952380952
CARGRDGFYFDYW,8,0.023809523809523808
CARGRLLWDYW,7,0.020833333333333332
CARGTAAASPFDYW,2,0.005952380952380952
CARGTAADSPFDYW,7,0.020833333333333332
CARGYLTAFDYW,10,0.02976190476190476
CARPVDYEFDYW,4,0.011904761904761904
CARRGFDFW,2,0.005952380952380952
CARRGVVYATDYW,2,0.005952380952380952
CARRLYSNWFDSW,4,0.011904761904761904
CARRWFDPW,5,0.01488095238095238
CARVLLTTVTNFDYW,2,0.005952380952380952
CARVPDYSSHCDYW,3,0.008928571428571428
CASLRRDGYNSDYW,2,0.005952380952380952
CATDFRAFDIW,4,0.011904761904761904
CATKTNRIQFDQW,2,0.005952380952380952
CAYVLRYEFDYW,4,0.011904761904761904
CCTTNHYYYGMDVW,2,0.005952380952380952
CMDVW,166,0.49404761904761907
CMGVW,2,0.005952380952380952
CRAEDFEYW,2,0.005952380952380952
CSGGSCSPYYDYW,2,0.005952380952380952
CTRMMVGTFDYW,2,0.005952380952380952
