CDR3,count,relative.frequency
CAREGQYF,94,0.8034188034188035
CARERQYF,2,0.017094017094017096
CASSLGHKNQPQHF,4,0.03418803418803419
CASSPQGVQPQHF,2,0.017094017094017096
CASSTGLNSPLHF,3,0.02564102564102564
CISDELQYF,2,0.017094017094017096
CSSFSNGNAFF,2,0.017094017094017096
CSSYANTTTFF,4,0.03418803418803419
CSSYTNTTTFF,2,0.017094017094017096
CSVVSGTGETQYF,2,0.017094017094017096
