CDR3,count,relative.frequency
CAANSDHLNF,2,0.010309278350515464
CAAQLLAKTDGF,2,0.010309278350515464
CAAWDDSLTAGGF,6,0.030927835051546393
CALSPRTF,2,0.010309278350515464
CARDLGGF,2,0.010309278350515464
CAREGAF,2,0.010309278350515464
CAYLCGQKYLHLGF,2,0.010309278350515464
CCSYAGSLVYVF,2,0.010309278350515464
CCSYTDDLYVF,2,0.010309278350515464
CEQSSTTPITF,4,0.020618556701030927
CESASYPEGNF,16,0.08247422680412371
CGSPEAF,35,0.18041237113402062
CHQGYSALPYTF,2,0.010309278350515464
CHYHHLSHF,2,0.010309278350515464
CISFLFFSFF,5,0.02577319587628866
CLILNKTNF,2,0.010309278350515464
CLQHSTYPRTF,2,0.010309278350515464
CLQSSALPLTF,2,0.010309278350515464
CLRNCRVTGF,2,0.010309278350515464
CLSAVARSGGRGGF,2,0.010309278350515464
CMQSLLTPLTF,2,0.010309278350515464
CPPADPGTQGF,2,0.010309278350515464
CQAWDKITVF,3,0.015463917525773196
CQESYTDWTF,7,0.03608247422680412
CQEYNGAELTF,2,0.010309278350515464
CQHYDHWPPNF,2,0.010309278350515464
CQHYDNSLTF,4,0.020618556701030927
CQHYGDSLGTF,2,0.010309278350515464
CQQCYNDITF,3,0.015463917525773196
CQQGGLWPLTF,2,0.010309278350515464
CQQHASPPYTF,2,0.010309278350515464
CQQIYTTPITF,9,0.04639175257731959
CQQSDGSRWTF,3,0.015463917525773196
CQQSFDTLFTF,3,0.015463917525773196
CQQSFSSLWTF,2,0.010309278350515464
CQQSGDSRTF,6,0.030927835051546393
CQQSYSMPTNF,3,0.015463917525773196
CQQSYTNPANF,4,0.020618556701030927
CQQSYTVLRTF,4,0.020618556701030927
CQQYDDSLTF,3,0.015463917525773196
CQQYDISSHTF,2,0.010309278350515464
CQQYDTALTF,2,0.010309278350515464
CQQYGNWPLTF,2,0.010309278350515464
CQQYGRTSITF,2,0.010309278350515464
CQQYGSSLTF,3,0.015463917525773196
CQQYIDSWTF,2,0.010309278350515464
CQQYLRYLTF,2,0.010309278350515464
CQQYSYPLTF,4,0.020618556701030927
CQRYGRFPPTF,2,0.010309278350515464
CQSFARRLREGGF,2,0.010309278350515464
CSDVIIARCGF,3,0.015463917525773196
CSFLKMEKKGF,2,0.010309278350515464
CVQGTNGNTF,2,0.010309278350515464
