CDR3,count,relative.frequency
CASSFAAYEQYF,4,0.17391304347826086
CASSFRGAWETQYF,2,0.08695652173913043
CASSITGTGYEQYF,2,0.08695652173913043
CASSLSYEAFF,2,0.08695652173913043
CASSPPHRESETQYF,2,0.08695652173913043
CASSVAGGYEQYF,3,0.13043478260869565
CASSWAGTLYEQYF,2,0.08695652173913043
CAWGQGTSYEQYF,2,0.08695652173913043
CISDELQYF,2,0.08695652173913043
CSAQDGYEQYF,2,0.08695652173913043
