CDR3,count,relative.frequency
CASRLAENTEAFF,2,0.15384615384615385
CASSESTYEQYF,2,0.15384615384615385
CASSLDRMNTEAFF,2,0.15384615384615385
CSARRTGWQTEAFF,3,0.23076923076923078
CSHSSFEVYF,2,0.15384615384615385
CSSFTSGNTYVF,2,0.15384615384615385
