CDR3,count,relative.frequency
CAISRITIF,9,0.03982300884955752
CAKDGARIAIF,4,0.017699115044247787
CAKDPTIF,12,0.05309734513274336
CARDSIF,2,0.008849557522123894
CARGPTIF,135,0.5973451327433629
CARHVRRITIF,41,0.18141592920353983
CASYAGRNDLIF,5,0.022123893805309734
CCSFAVTYTLIF,3,0.01327433628318584
CQARDSSIPVIF,2,0.008849557522123894
CQEYARPPYIF,4,0.017699115044247787
CSSYTTNGTLIF,6,0.02654867256637168
CSSYTTNNTLIF,3,0.01327433628318584
