CDR3,count,relative.frequency
CASSFGRTTETQYF,2,0.18181818181818182
CASSLSRTGELFF,2,0.18181818181818182
CASSSGGAGEQYF,5,0.45454545454545453
CSASGTGELFF,2,0.18181818181818182
