CDR3,count,relative.frequency
CAADYFDFW,2,0.0023446658851113715
CAAGSFDFW,2,0.0023446658851113715
CAAGYFDFW,292,0.34232121922626024
CAAGYFDSW,4,0.004689331770222743
CAAGYFDXW,3,0.0035169988276670576
CAAGYFGFW,4,0.004689331770222743
CAAGYLDFW,2,0.0023446658851113715
CAAGYLDIW,3,0.0035169988276670576
CAGGNLDYW,2,0.0023446658851113715
CAGGSYARIDYW,3,0.0035169988276670576
CAKDWETFEYW,14,0.016412661195779603
CAKLNPAGGFDYW,3,0.0035169988276670576
CAKMPQLLWFDPW,5,0.005861664712778429
CAKYPGDYW,3,0.0035169988276670576
CALDIW,6,0.007033997655334115
CARAPYGIFDFW,4,0.004689331770222743
CARARGGQLDYW,9,0.010550996483001172
CARDDNGAIDYW,45,0.05275498241500586
CARDDSGAIDYW,2,0.0023446658851113715
CARDQYADGMDVW,6,0.007033997655334115
CARDTGSYFDYW,2,0.0023446658851113715
CARDVDVYIDYW,10,0.011723329425556858
CAREDGYIDYW,16,0.01875732708089097
CAREGVRGVPDYW,8,0.009378663540445486
CARGFHSFDSW,2,0.0023446658851113715
CARGGPFHAFDFW,2,0.0023446658851113715
CARGGSDHAFDVW,2,0.0023446658851113715
CARGYFYW,3,0.0035169988276670576
CARGYNFIDSW,10,0.011723329425556858
CARKVSSEFDFW,2,0.0023446658851113715
CARLGQPDAFDVW,16,0.01875732708089097
CARLLGAFDIW,14,0.016412661195779603
CARLLGAVDIW,2,0.0023446658851113715
CARLYGSESTFDIW,3,0.0035169988276670576
CARQNSFPDAFDIW,2,0.0023446658851113715
CARVDFRYFDLW,5,0.005861664712778429
CARVPGGYFDLW,26,0.03048065650644783
CARVPXGYFDLW,8,0.009378663540445486
CARVSSGVDYW,5,0.005861664712778429
CARWGYGDYW,7,0.008206330597889801
CARXXXXXFFDYW,6,0.007033997655334115
CATADLGVDYW,2,0.0023446658851113715
CATADQGVDYW,29,0.03399765533411489
CATLNSFPDAFDIW,2,0.0023446658851113715
CATSDQGIDYW,4,0.004689331770222743
CAVGYFDFW,2,0.0023446658851113715
CAYGMDVW,4,0.004689331770222743
CSASNGYEDYW,3,0.0035169988276670576
CSGGSCYDYW,2,0.0023446658851113715
CSPTSCNPFDVW,2,0.0023446658851113715
CSRAPFDIW,3,0.0035169988276670576
CSRDVNXXIDYW,2,0.0023446658851113715
CTKLWVDDYW,2,0.0023446658851113715
CTPYYYYYAMDVW,4,0.004689331770222743
CTRSFDIW,3,0.0035169988276670576
CTTFSSPDDYW,5,0.005861664712778429
CTTGSCLFDYW,8,0.009378663540445486
CTXGYFDFW,20,0.023446658851113716
CVAGAAGFDYW,18,0.021101992966002344
CVAGLGDYW,2,0.0023446658851113715
CVDGAAGFDYW,5,0.005861664712778429
CVEGAAAFDYW,18,0.021101992966002344
CVEGAAGFDYW,137,0.16060961313012895
CVKEVAAGAGDYW,2,0.0023446658851113715
CVRAXAVDIW,4,0.004689331770222743
CXXXXXAFDYW,5,0.005861664712778429
