CDR3,count,relative.frequency
CASMSNTGELFF,2,0.1111111111111111
CASSELSDTGELFF,2,0.1111111111111111
CASSFDSFYEQYF,3,0.16666666666666666
CASSVDTWDYGYTF,5,0.2777777777777778
CAWSLKETQYF,2,0.1111111111111111
CSLYTGLTIYF,4,0.2222222222222222
