CDR3,count,relative.frequency
CAAWDDSLIF,6,0.07317073170731707
CAKAQRTTIF,2,0.024390243902439025
CARGRGTIF,2,0.024390243902439025
CARSIRTSIF,9,0.10975609756097561
CARTAIF,3,0.036585365853658534
CATSNLRSPIF,6,0.07317073170731707
CATWDDTLIF,6,0.07317073170731707
CCSFTTSGTLIF,2,0.024390243902439025
CCSFVGSPWIF,3,0.036585365853658534
CCSYAGNSTLIF,2,0.024390243902439025
CHYYGSRPIIF,2,0.024390243902439025
CIQTLETPYIF,2,0.024390243902439025
CKSYTFSRTVIF,4,0.04878048780487805
CLSYTGNNVLIF,2,0.024390243902439025
CQENYNVPLIF,12,0.14634146341463414
CQQYDVLPLIF,2,0.024390243902439025
CQVWDVTDDVIF,4,0.04878048780487805
CSSYTTTATLIF,2,0.024390243902439025
CSSYTTTSSLIF,6,0.07317073170731707
CSSYYVYRNLIF,3,0.036585365853658534
CTSYTSDKTLIF,2,0.024390243902439025
