CDR3,count,relative.frequency
CARDLLDIW,4,0.01904761904761905
CARDRPRGGWFDPW,10,0.047619047619047616
CAREPTGDYW,5,0.023809523809523808
CAREWGSIDYW,36,0.17142857142857143
CARGGGDAFNIW,2,0.009523809523809525
CARGGGDGFDIW,12,0.05714285714285714
CARGGGNAFDIW,2,0.009523809523809525
CARGNYFYYW,10,0.047619047619047616
CARRVAARPFEYW,6,0.02857142857142857
CARSRSYNWFDPW,2,0.009523809523809525
CARVSRTGTTDYW,21,0.1
CARVVSGADYW,5,0.023809523809523808
CASLNDDYW,2,0.009523809523809525
CATDNGDYSYYFDHW,2,0.009523809523809525
CATTVRFGVFVYW,2,0.009523809523809525
CAVGPPPDYW,3,0.014285714285714285
CAVGTPLDYW,3,0.014285714285714285
CAVGTPPDYW,20,0.09523809523809523
CSREFDPW,18,0.08571428571428572
CSRFYFLFW,2,0.009523809523809525
CSRHPPDYW,5,0.023809523809523808
CTRGTCSQWFAPW,2,0.009523809523809525
CTRGTSGWLEAFDVW,2,0.009523809523809525
CTTDPGDYPDYW,2,0.009523809523809525
CVMGTPLDYW,7,0.03333333333333333
CVRGYKYGFDW,2,0.009523809523809525
CVRRGDDFDLW,2,0.009523809523809525
CYGTVFDYW,21,0.1
