CDR3,count,relative.frequency
CAARVAFSEALVF,6,0.021739130434782608
CAASGFSF,4,0.014492753623188406
CAASGFTF,2,0.007246376811594203
CAASGLTFSSF,3,0.010869565217391304
CAKPVLPLF,6,0.021739130434782608
CARGGF,37,0.13405797101449277
CASHSSTNTLVF,2,0.007246376811594203
CASRWFGNFTF,2,0.007246376811594203
CASYTTTSRVF,2,0.007246376811594203
CATTF,4,0.014492753623188406
CERRYYDCWGF,2,0.007246376811594203
CESASYPEGNF,14,0.050724637681159424
CGSVCLQSQHF,2,0.007246376811594203
CGSVCPQSQHF,2,0.007246376811594203
CGSVRPQSQHF,2,0.007246376811594203
CHQYDKWPLTF,2,0.007246376811594203
CHQYGNSFTF,2,0.007246376811594203
CHQYGSARTF,2,0.007246376811594203
CHQYGTTPYTF,2,0.007246376811594203
CISFLFFSFF,2,0.007246376811594203
CKQYDNYSATF,2,0.007246376811594203
CLLLCERETEF,2,0.007246376811594203
CMEALQNTF,48,0.17391304347826086
CMEARSGFTF,2,0.007246376811594203
CMQATHWPYTF,2,0.007246376811594203
CMQSVEVPLTF,5,0.018115942028985508
CMQTIQLPFTF,18,0.06521739130434782
CQAWDSSTAGF,2,0.007246376811594203
CQCFRPLTF,2,0.007246376811594203
CQESFTSPVMYTF,2,0.007246376811594203
CQHYGISVVTF,2,0.007246376811594203
CQHYPWPPYTF,2,0.007246376811594203
CQHYVSSSGF,4,0.014492753623188406
CQLGNRVKTF,2,0.007246376811594203
CQQDGTF,3,0.010869565217391304
CQQHGGSLYTF,2,0.007246376811594203
CQQHYGTRRTF,4,0.014492753623188406
CQQRSKGPLTF,3,0.010869565217391304
CQQRSNWPPTF,2,0.007246376811594203
CQQRYDWTF,3,0.010869565217391304
CQQSFSSWTF,16,0.057971014492753624
CQQSYLTPFTF,9,0.03260869565217391
CQQSYSSWTF,3,0.010869565217391304
CQQYGTSRTF,2,0.007246376811594203
CQQYGTTPYTF,2,0.007246376811594203
CQQYYRMYTF,2,0.007246376811594203
CQQYYTTSGF,2,0.007246376811594203
CQVWERSTQVF,2,0.007246376811594203
CQYFRPLTF,5,0.018115942028985508
CRKPDVSHGEMVSGF,2,0.007246376811594203
CSSDAYNTACGF,2,0.007246376811594203
CSSFTTSTPYVF,2,0.007246376811594203
CSSSTVSGTFVF,2,0.007246376811594203
CSSTSCSTWNF,2,0.007246376811594203
CSSYSLATLVF,2,0.007246376811594203
CTAMLAPGF,3,0.010869565217391304
CTAPTIRTTYF,2,0.007246376811594203
CVLSVGSGIWMF,2,0.007246376811594203
CYQYYRSPPTF,2,0.007246376811594203
