CDR3,count,relative.frequency
CAISGGERETQYF,2,0.03278688524590164
CASSDRYEQYF,3,0.04918032786885246
CASSLDRVRGYTF,3,0.04918032786885246
CASSLGGYTDTQYF,4,0.06557377049180328
CASSQGGRGYTF,22,0.36065573770491804
CASSSGGAGQETQYF,8,0.13114754098360656
CASSSHSNQPQHF,2,0.03278688524590164
CASSYDRSYGGYTF,2,0.03278688524590164
CASSYHRDRGYTF,3,0.04918032786885246
CQLYLDAPRGYTF,9,0.14754098360655737
CSATSNYNEQFF,3,0.04918032786885246
