CDR3,count,relative.frequency
CAKGEYIDSFDIW,3,0.022222222222222223
CAKGEYIDSFDMW,4,0.02962962962962963
CAKLCGGDGFDYW,2,0.014814814814814815
CAKVAVSRGFEYW,19,0.14074074074074075
CAKVTKYYFDYW,13,0.0962962962962963
CARAFDCW,2,0.014814814814814815
CARDDAFDIW,4,0.02962962962962963
CARDFSSSDYW,2,0.014814814814814815
CARDVAFDIW,2,0.014814814814814815
CARDVDWSFDFW,3,0.022222222222222223
CAREDAAYFFDFW,15,0.1111111111111111
CAREDGYSNWFDPW,2,0.014814814814814815
CAREDYYAMDVW,27,0.2
CARGDTMDVW,2,0.014814814814814815
CARGDYGDFFDFW,9,0.06666666666666667
CARGGYAGYWDHW,6,0.044444444444444446
CARTRLDALDIW,2,0.014814814814814815
CASSSGYYSGFDYW,4,0.02962962962962963
CMGVW,2,0.014814814814814815
CSGGGCYFDVW,4,0.02962962962962963
CSRRYYYFDSW,2,0.014814814814814815
CTSTSCSYFDYW,6,0.044444444444444446
