CDR3,count,relative.frequency
CAGKSGDAFSVW,2,0.005089058524173028
CAGLGYSPWDYW,2,0.005089058524173028
CAHTWPLSGRFDFW,2,0.005089058524173028
CAIADYAATAFDIW,2,0.005089058524173028
CAITLQGQFDFW,5,0.01272264631043257
CALEGSFNYW,2,0.005089058524173028
CANGDYAAAAFDIW,5,0.01272264631043257
CARAETYGIFDSW,22,0.05597964376590331
CARAVTYGIFDSW,2,0.005089058524173028
CARAVTYGTFDHW,5,0.01272264631043257
CARAVTYGTFDYW,8,0.020356234096692113
CARAVTYGTFEYW,10,0.02544529262086514
CARDEVVAAAFDIW,7,0.017811704834605598
CARDFGPDALDYW,80,0.2035623409669211
CARDKSLAARFDYW,2,0.005089058524173028
CARDPHLDYW,2,0.005089058524173028
CARDSAFSSSQDYW,2,0.005089058524173028
CARDYDSDSFDIW,4,0.010178117048346057
CAREGPAFGFDYW,3,0.007633587786259542
CAREIVAGNDAFDIW,3,0.007633587786259542
CARELVTEFDLW,2,0.005089058524173028
CARERVAGNDAFDIW,2,0.005089058524173028
CARGEFGDPLGFDYW,2,0.005089058524173028
CARGGFRLLDYW,2,0.005089058524173028
CARGLWFGESDYW,6,0.015267175572519083
CARIVEPDAFDIW,2,0.005089058524173028
CARLYSYGYIDYW,3,0.007633587786259542
CARLYSYHDASDVW,2,0.005089058524173028
CARQSNLAFDYW,21,0.05343511450381679
CARQVAGTIDYW,6,0.015267175572519083
CARRIFGFDYW,7,0.017811704834605598
CARSSGWYTFDYW,5,0.01272264631043257
CARWASGCLDYW,3,0.007633587786259542
CATDTFDYW,3,0.007633587786259542
CATEDYFDYW,2,0.005089058524173028
CATEGESDDAFDIW,10,0.02544529262086514
CATEGESDDAFDVW,7,0.017811704834605598
CATGAVLGHYFDAW,2,0.005089058524173028
CATGGSDAFDVW,2,0.005089058524173028
CATRKVVAGLDYW,4,0.010178117048346057
CATTGPGSSYPFDYW,2,0.005089058524173028
CAYW,2,0.005089058524173028
CDTASCYIGFFDAW,4,0.010178117048346057
CFDYW,2,0.005089058524173028
CPRSDYW,2,0.005089058524173028
CQHYDSYW,2,0.005089058524173028
CRRSDYW,8,0.020356234096692113
CSGGSCYYFDNW,6,0.015267175572519083
CSGGSCYYFDYW,9,0.022900763358778626
CSGVSCYYFDYW,18,0.04580152671755725
CSLYYYYMDVW,2,0.005089058524173028
CSRTSCSPAGFDYW,2,0.005089058524173028
CSSTSCSPFDYW,4,0.010178117048346057
CSSVSCQFDYW,5,0.01272264631043257
CSTTNCYIDYW,3,0.007633587786259542
CSTTSCSPFDYW,5,0.01272264631043257
CTNTSCAWDFDYW,2,0.005089058524173028
CTRQVAGTIDYW,4,0.010178117048346057
CTSTSCSPFDYW,5,0.01272264631043257
CTTGICRKTFDYW,3,0.007633587786259542
CTTTSCSPFDYW,38,0.09669211195928754
CVRDPFFGAFDIW,2,0.005089058524173028
