CDR3,count,relative.frequency
CAGGYGQFDYW,2,0.006968641114982578
CAGQYIYFDYW,7,0.024390243902439025
CAKDVAGLGAFDIW,2,0.006968641114982578
CAKFTGDGAFDYW,4,0.013937282229965157
CAKGDDSFDVW,4,0.013937282229965157
CAKGSGEDVFDIW,10,0.03484320557491289
CAKSDKWLYFDYW,4,0.013937282229965157
CAMDLSGRNDYW,6,0.020905923344947737
CARDDWTGAFDIW,6,0.020905923344947737
CARDLPFVAFDIW,4,0.013937282229965157
CARDLSGKDDYW,4,0.013937282229965157
CARDPTFGAIDYW,5,0.017421602787456445
CARDYITPFDYW,13,0.04529616724738676
CAREAKDSFDYW,3,0.010452961672473868
CAREGDHRTFDIW,3,0.010452961672473868
CARERYSGTYYGYW,2,0.006968641114982578
CARGLAANWFDRW,2,0.006968641114982578
CARGLDYW,2,0.006968641114982578
CARGWFESW,2,0.006968641114982578
CARHDYYYGMDVW,2,0.006968641114982578
CARHFNKNFFDPW,2,0.006968641114982578
CARIGHSFIDYW,6,0.020905923344947737
CARKYYSDAFDIW,2,0.006968641114982578
CARLAHSWNYADYW,2,0.006968641114982578
CARLAHSWSYADYW,2,0.006968641114982578
CARNTGIDAFDMW,2,0.006968641114982578
CARNYRPDFDYW,2,0.006968641114982578
CARPKTTEEFDYW,3,0.010452961672473868
CARPRFHDAFDLW,2,0.006968641114982578
CARPYYYYDMDVW,2,0.006968641114982578
CARQPFSRFFDYW,2,0.006968641114982578
CARRARDDLDIW,49,0.17073170731707318
CARRDSGGDWFDPW,2,0.006968641114982578
CARSNIPEWFDPW,2,0.006968641114982578
CARTHPGEPTDYW,4,0.013937282229965157
CARVFMGNDYW,5,0.017421602787456445
CARVSQWLAFDYW,8,0.027874564459930314
CASGGFDYW,6,0.020905923344947737
CASPLSLTHAFDIW,2,0.006968641114982578
CATATPDYIDSW,2,0.006968641114982578
CATGAKRYFDYW,4,0.013937282229965157
CATGGYNGYW,12,0.041811846689895474
CATNRALLAPDYW,3,0.010452961672473868
CATTACSYFAFW,2,0.006968641114982578
CATVGEDYTFDFW,8,0.027874564459930314
CGLDVW,2,0.006968641114982578
CGMDVW,6,0.020905923344947737
CSGGDCYLDFW,4,0.013937282229965157
CSGRRCYPLDYW,7,0.024390243902439025
CSRGFAYW,2,0.006968641114982578
CSSTSCYITFDYW,4,0.013937282229965157
CSVYYYYGMDVW,2,0.006968641114982578
CTRGERGFDYW,2,0.006968641114982578
CTTDQTPHYFDYW,2,0.006968641114982578
CTTDRGDFDNW,6,0.020905923344947737
CTTDRPMDYW,4,0.013937282229965157
CTTRSIVVAEDYW,2,0.006968641114982578
CVKGAPFDYW,6,0.020905923344947737
CVRDAYGPEDYW,6,0.020905923344947737
CVRDAYGPQDYW,3,0.010452961672473868
CVRDHRFAFDIW,2,0.006968641114982578
CVRLGNNWNYADYW,2,0.006968641114982578
CVRQRHDYGEDYW,2,0.006968641114982578
