CDR3,count,relative.frequency
CLQYNSYPRTF,2,0.2857142857142857
CQQSYSTPFTF,3,0.42857142857142855
CQQYNNWLVSSF,2,0.2857142857142857
