CDR3,count,relative.frequency
CASSTLTEAFF,2,0.2222222222222222
CSAIGTVLGGYTF,2,0.2222222222222222
CTSYTSGNTHIF,5,0.5555555555555556
