CDR3,count,relative.frequency
CAAWDDSLNAVVF,4,0.03773584905660377
CAAWDDSLNGPVF,4,0.03773584905660377
CAAWDDSLNGWVF,4,0.03773584905660377
CAAWDSSLSAWVF,2,0.018867924528301886
CGTWDSSLSAGVF,5,0.04716981132075472
CGTWDSSLSAVVF,4,0.03773584905660377
CLLSYSGVGVF,2,0.018867924528301886
CLLYFGGAQEVF,4,0.03773584905660377
CQAWDSITALYVF,4,0.03773584905660377
CQAWDSRTVVF,4,0.03773584905660377
CQAWDSSTVVF,2,0.018867924528301886
CQAWDTSTALVF,3,0.02830188679245283
CQSADSSGTPHF,3,0.02830188679245283
CQSADSSGTYWVF,2,0.018867924528301886
CQSYDRSLSGSVF,13,0.12264150943396226
CQTWATGIQVF,11,0.10377358490566038
CQTWGTGIRVF,2,0.018867924528301886
CSAWDGSLSGWVF,2,0.018867924528301886
CSSYAGSNNLVF,4,0.03773584905660377
CSSYAGSNSFGF,2,0.018867924528301886
CSSYAGSSNFVVF,3,0.02830188679245283
CSSYTGSSTLLYVF,2,0.018867924528301886
CSSYTISSTVVF,2,0.018867924528301886
CSSYTNSSPLAF,2,0.018867924528301886
CSSYTSSDTWVF,2,0.018867924528301886
CSSYTSSGTLDVIF,2,0.018867924528301886
CSSYTSSSTLVF,4,0.03773584905660377
CSSYTSTSTLVVF,4,0.03773584905660377
CSYAGSSSLVLF,2,0.018867924528301886
CYSADSSGFYHVF,2,0.018867924528301886
