CDR3,count,relative.frequency
CAADFDYW,6,0.016
CAKDRIAAGNDYW,6,0.016
CAKETRGYEVDYW,4,0.010666666666666666
CAKGRGGGIDYW,4,0.010666666666666666
CARADYRGFFDYW,6,0.016
CARDEYYYGMDVW,16,0.042666666666666665
CARDLRVGYFDLW,2,0.005333333333333333
CAREGRAVRSFDYW,2,0.005333333333333333
CARESTTDGIDIW,2,0.005333333333333333
CARGDDIDYW,9,0.024
CARGDVGWYFDVW,10,0.02666666666666667
CARGFRTFDYW,2,0.005333333333333333
CARGREWFGPW,2,0.005333333333333333
CARGYNSPSYFDYW,10,0.02666666666666667
CARHGVATPFDYW,8,0.021333333333333333
CARMAAGDYFDYW,10,0.02666666666666667
CARNHAFDIW,10,0.02666666666666667
CARRSGGYPLDYW,2,0.005333333333333333
CARSPPTGTFDIW,5,0.013333333333333334
CARSSHLFRYFDLW,3,0.008
CARVNPGDVDYW,5,0.013333333333333334
CARYYQGLDYW,3,0.008
CATLTSGGFDYW,5,0.013333333333333334
CATSGSLDYW,2,0.005333333333333333
CAVTSIQGDYW,2,0.005333333333333333
CDHW,17,0.04533333333333334
CDYW,153,0.408
CGYW,4,0.010666666666666666
CIDGYNFDYW,4,0.010666666666666666
CKRGCAFDYW,7,0.018666666666666668
CMNFDYW,2,0.005333333333333333
CMNGICGFDYW,2,0.005333333333333333
CNYW,2,0.005333333333333333
CSNFDYW,3,0.008
CSRDSGWDGDFDYW,2,0.005333333333333333
CSRGRRSWYYFDFW,2,0.005333333333333333
CSSTNCPRWFDPW,5,0.013333333333333334
CSTEAFDFW,2,0.005333333333333333
CTGWVVHHFDYW,4,0.010666666666666666
CTNFDYW,5,0.013333333333333334
CTRLGQQLGVDYW,3,0.008
CTRQWSGLDYW,2,0.005333333333333333
CTTGDYW,3,0.008
CVKDEGNSYFDYW,3,0.008
CVKDRDGGNFYFDYW,2,0.005333333333333333
CVKDSSSWYYFDHW,2,0.005333333333333333
CVRDPTFHAFDSW,2,0.005333333333333333
CVRDYAYAFDVW,2,0.005333333333333333
CVRGDYGDYGFYW,2,0.005333333333333333
CVRHQGGFDPW,2,0.005333333333333333
CYRAGYFDYW,2,0.005333333333333333
