CDR3,count,relative.frequency
CAGGTDKLIF,2,0.2222222222222222
CCSYAGNSNLIF,2,0.2222222222222222
CCSYAGPKIF,3,0.3333333333333333
CQQYGRSLLIF,2,0.2222222222222222
