CDR3,count,relative.frequency
CAKDWGTSDNWFDSW,2,0.017699115044247787
CAMDVW,10,0.08849557522123894
CARALVRGVVDYW,2,0.017699115044247787
CARATSWDYW,5,0.04424778761061947
CARDGEQQNLDYW,3,0.02654867256637168
CARDGPRYFDYW,3,0.02654867256637168
CARDRGDDAFDIW,2,0.017699115044247787
CARGRFLEWLFDYW,2,0.017699115044247787
CARRGPADAMDVW,3,0.02654867256637168
CARVNYFDEYW,2,0.017699115044247787
CARWYLYYYDMDVW,5,0.04424778761061947
CASGGDFPDYW,42,0.37168141592920356
CASVRGSNDYW,4,0.035398230088495575
CSSTSCYAFDYW,18,0.1592920353982301
CTRRPGGYFDLW,3,0.02654867256637168
CVRQWGTSFDHW,5,0.04424778761061947
CYFDLW,2,0.017699115044247787
