CDR3,count,relative.frequency
CAKDRVGYFDLW,2,0.005208333333333333
CARARSTNYFDYW,19,0.049479166666666664
CARDAGSWGRRFDYW,2,0.005208333333333333
CARDALDAW,4,0.010416666666666666
CARDFMTYYFDYW,2,0.005208333333333333
CARDGGSWGRRFDYW,2,0.005208333333333333
CARDPGTHPDYW,5,0.013020833333333334
CARDPSSGWDDYW,2,0.005208333333333333
CARDPSSGWYDYW,15,0.0390625
CAREFQSHFDYW,3,0.0078125
CAREWFSAFDIW,5,0.013020833333333334
CARGRTTVDYW,5,0.013020833333333334
CARQNDHFDYW,4,0.010416666666666666
CARQSDHFDYW,5,0.013020833333333334
CARRNSGNDYW,3,0.0078125
CARVDGGAFDIW,3,0.0078125
CARVKGGGFDYW,4,0.010416666666666666
CATGAHNWFEYW,5,0.013020833333333334
CATGANNWFEYW,9,0.0234375
CFALDYW,2,0.005208333333333333
CLVDLDYW,237,0.6171875
CLVDVDYW,2,0.005208333333333333
CLVDXDYW,5,0.013020833333333334
CLVXLDYW,2,0.005208333333333333
CNRRFWYLDLW,2,0.005208333333333333
CSITSCPKDFDYW,7,0.018229166666666668
CSRIDYW,4,0.010416666666666666
CSSAPCYTYFDSW,3,0.0078125
CVRDGGYVDYW,5,0.013020833333333334
CW,12,0.03125
CYSDAFDIW,2,0.005208333333333333
CYVDYW,2,0.005208333333333333
