CDR3,count,relative.frequency
CAAWDASLSGPVF,2,0.029850746268656716
CAAWDDRLNGYVF,2,0.029850746268656716
CAAWDDSLNGWVF,2,0.029850746268656716
CAAWDDSLNGYVF,4,0.05970149253731343
CATWDSSLSAGIF,2,0.029850746268656716
CESADSSGSYDVF,2,0.029850746268656716
CMIWYSSAWVF,2,0.029850746268656716
CQAWDGSTASF,2,0.029850746268656716
CQAWDSGIAVF,3,0.04477611940298507
CQSADSSGSYVIF,2,0.029850746268656716
CQSADSSGTWVF,2,0.029850746268656716
CQSADSSGTYVVF,3,0.04477611940298507
CQSVDSSGTYVVF,2,0.029850746268656716
CQSYDNNNVVF,2,0.029850746268656716
CQSYDSGLSGYVF,2,0.029850746268656716
CQSYDSSLNAYVF,2,0.029850746268656716
CQSYDSSLNGYVF,3,0.04477611940298507
CQSYDSSLSGYVF,8,0.11940298507462686
CQSYDTSLGHVF,3,0.04477611940298507
CQTWDSGTTVF,2,0.029850746268656716
CQVWDSDSDHVVF,2,0.029850746268656716
CQVWDSSSDHVVF,3,0.04477611940298507
CQVWDSSVVF,4,0.05970149253731343
CSSFTTSSTLVF,2,0.029850746268656716
CSSYAGSNNLVF,2,0.029850746268656716
CSSYSSSSTWVF,2,0.029850746268656716
