CDR3,count,relative.frequency
CAANSDHLNF,5,0.0010094891984655764
CAAQLLAKTDGF,3,0.0006056935190793458
CAFIDRDDKIIF,2,0.0004037956793862306
CATEGGF,11,0.002220876236624268
CCPWSGTQRMF,2,0.0004037956793862306
CCSDAGRYTYVF,4,0.0008075913587724611
CESASCPEGNF,3,0.0006056935190793458
CESASYPEGNF,4737,0.9563900666262871
CESASYPGGNF,5,0.0010094891984655764
CGSLWGGGGF,2,0.0004037956793862306
CGTTLQINVHFGF,2,0.0004037956793862306
CHQYNDWWTF,5,0.0010094891984655764
CILGDSLGTF,2,0.0004037956793862306
CISFLFFSFF,12,0.0024227740763173833
CLLLAQQNF,5,0.0010094891984655764
CLLLCKRSRRTF,2,0.0004037956793862306
CMQALLWTF,2,0.0004037956793862306
CNSYTSSPAYVF,2,0.0004037956793862306
CQEYNRQWTF,23,0.004643650312941652
CQHHGTSITF,15,0.0030284675953967293
CQHYYEYSWTF,10,0.0020189783969311527
CQLYLWSAKWTF,19,0.0038360589541691905
CQQAHHFPWTF,4,0.0008075913587724611
CQQCDNSLFTF,2,0.0004037956793862306
CQQCGGSSCTF,7,0.001413284877851807
CQQFDNSRGTF,3,0.0006056935190793458
CQQFSRSPPWTF,7,0.001413284877851807
CQQRKTF,2,0.0004037956793862306
CQQRSSWPPTF,3,0.0006056935190793458
CQQSLNIPLTF,2,0.0004037956793862306
CQQYDTYWTF,7,0.001413284877851807
CQQYETYWTF,2,0.0004037956793862306
CQQYNTYLYTF,2,0.0004037956793862306
CQQYYDILWTF,4,0.0008075913587724611
CQQYYGSQYTF,2,0.0004037956793862306
CQQYYSTAGF,25,0.005047445992327882
CSSYAGSNNLLF,8,0.0016151827175449223
