CDR3,count,relative.frequency
CARAGLPSIF,54,0.5094339622641509
CCSFAVGNTLIF,3,0.02830188679245283
CQEGVSTPHIF,5,0.04716981132075472
CQQTHSIPLIF,8,0.07547169811320754
CQQYDKLPLIF,8,0.07547169811320754
CQQYENYPLIF,18,0.16981132075471697
CQTWDSRTAIF,4,0.03773584905660377
CSSYAGDYSLIF,2,0.018867924528301886
CTSYAGSRGLIF,4,0.03773584905660377
