CDR3,count,relative.frequency
CACRIGIF,2,0.02197802197802198
CARDRITIF,14,0.15384615384615385
CARGPIF,54,0.5934065934065934
CARVTIF,9,0.0989010989010989
CQQSFMTPLIF,2,0.02197802197802198
CSSFESRDKLIF,2,0.02197802197802198
CSSFESRDNLIF,4,0.04395604395604396
CTAAGPPIF,4,0.04395604395604396
