CDR3,count,relative.frequency
CARRGQIF,2,0.1111111111111111
CARRVTIF,2,0.1111111111111111
CITDPPTIF,2,0.1111111111111111
CLRHSDYPLIF,6,0.3333333333333333
CQQYSTDLYIF,6,0.3333333333333333
