CDR3,count,relative.frequency
CARIRRITIF,8,0.5714285714285714
CCSYARSRILIF,4,0.2857142857142857
CMQALQTPLIF,2,0.14285714285714285
