CDR3,count,relative.frequency
CAADTAYAFAIW,4,0.19047619047619047
CAIASFDYW,3,0.14285714285714285
CARLWDLRYIDHW,2,0.09523809523809523
CQTEDAFDFW,4,0.19047619047619047
CSAGSCCSEFDYW,2,0.09523809523809523
CTQRLMTYDYW,4,0.19047619047619047
CVRVTNADYFDYW,2,0.09523809523809523
