CDR3,count,relative.frequency
CAGGVFSNFFCTF,2,0.009259259259259259
CAKDSGF,2,0.009259259259259259
CARDSGF,4,0.018518518518518517
CESASYPEGNF,106,0.49074074074074076
CGSPEAF,20,0.09259259259259259
CGSVWCVAWF,2,0.009259259259259259
CHLGSLQPLPPGF,3,0.013888888888888888
CHLGSPQPLPPGF,2,0.009259259259259259
CHQFNDWPTF,2,0.009259259259259259
CKSASYPEGNF,3,0.013888888888888888
CLLLYSYLYAANF,6,0.027777777777777776
CLQHDNFPLTF,3,0.013888888888888888
CLQYDSYLFTF,2,0.009259259259259259
CMEGINQYTF,14,0.06481481481481481
CMQGLDLRTF,7,0.032407407407407406
CQAWDNITVGF,4,0.018518518518518517
CQHYISSLYTF,2,0.009259259259259259
CQQLVNVPLTF,2,0.009259259259259259
CQQRSYLYTF,2,0.009259259259259259
CQQSFTIPYTF,4,0.018518518518518517
CQQSFTSPLTF,2,0.009259259259259259
CQQSHTAPWTF,2,0.009259259259259259
CQQYDTFSPTF,2,0.009259259259259259
CQQYHIYGTF,4,0.018518518518518517
CQQYKTFSTF,2,0.009259259259259259
CSLFISGSTYFF,2,0.009259259259259259
CSLILLLINF,2,0.009259259259259259
CSSLLYLCCTF,2,0.009259259259259259
CTGLGPLQPPLLGF,2,0.009259259259259259
CTILNYCLSTF,2,0.009259259259259259
CTKLFIYRNF,2,0.009259259259259259
