CDR3,count,relative.frequency
CAKETMAWGAFDVW,2,0.05128205128205128
CARDDVGVNWFDPW,2,0.05128205128205128
CARDQGSGWAFDYW,2,0.05128205128205128
CARDRPHNAFDFW,2,0.05128205128205128
CARGYGDLW,2,0.05128205128205128
CARPYGSDAFDIW,5,0.1282051282051282
CARRYSYGYLDRW,2,0.05128205128205128
CARSDYCDYW,3,0.07692307692307693
CARVMLAGLDYW,3,0.07692307692307693
CRGDAFDIW,5,0.1282051282051282
CSRGGFDSW,2,0.05128205128205128
CTRGGFGHALDIW,2,0.05128205128205128
CTSTTCFLGYFDLW,3,0.07692307692307693
CTTITTPNDYW,2,0.05128205128205128
CVRDVAWAFDIW,2,0.05128205128205128
