CDR3,count,relative.frequency
CAILWSTYLFKYW,2,0.008064516129032258
CAKDQTYSYFDYW,3,0.012096774193548387
CAKGVYLKYAFDIW,2,0.008064516129032258
CAKHGLDYW,2,0.008064516129032258
CARAPSYFDLW,8,0.03225806451612903
CARDDNSGLDYW,3,0.012096774193548387
CARDGEDVW,2,0.008064516129032258
CARDGLQFFDHW,5,0.020161290322580645
CARDGVLDYW,2,0.008064516129032258
CAREDSNIFDAW,2,0.008064516129032258
CARERGLYFDLW,5,0.020161290322580645
CARESEALSDAFDIW,2,0.008064516129032258
CARGSARYDYW,4,0.016129032258064516
CARQEASCHDYW,4,0.016129032258064516
CARQNRNLFDFW,2,0.008064516129032258
CARQTSALDYW,2,0.008064516129032258
CARRKTLVAPFDYW,2,0.008064516129032258
CAYDYW,11,0.04435483870967742
CDYW,5,0.020161290322580645
CRGSICDGLDVW,2,0.008064516129032258
CSSGSCSPFDSW,4,0.016129032258064516
CTGGSCRFDLW,4,0.016129032258064516
CTGGSCRFDVW,2,0.008064516129032258
CTTDTPRPVDYW,2,0.008064516129032258
CVKTYYHDRGYFDNW,4,0.016129032258064516
CVMETFQYW,148,0.5967741935483871
CVRDRVGGAFDIW,5,0.020161290322580645
CVTQSWGRDYW,5,0.020161290322580645
CYMGQYYFDHW,4,0.016129032258064516
