CDR3,count,relative.frequency
CAKRYSYGQFDLW,3,0.010452961672473868
CARADRFIAVPDYW,2,0.006968641114982578
CARDGIWGFDYW,4,0.013937282229965157
CARDIW,5,0.017421602787456445
CARDNEVAFDIW,3,0.010452961672473868
CARDTGTYDYWW,15,0.05226480836236934
CARGGAGAVDIW,2,0.006968641114982578
CARIQEPHYFDYW,2,0.006968641114982578
CARQKGGWGFDPW,4,0.013937282229965157
CARSYGVYVGFDYW,7,0.024390243902439025
CARVASGRREDYW,5,0.017421602787456445
CASDYW,2,0.006968641114982578
CFAYW,2,0.006968641114982578
CGVYVGFDYW,4,0.013937282229965157
CLRSFDHW,2,0.006968641114982578
CSATACHNDAFDIW,3,0.010452961672473868
CSATACHNDAFDLW,13,0.04529616724738676
CTNGVCFPDYW,2,0.006968641114982578
CTRWADYW,205,0.7142857142857143
CVSGMVELDYW,2,0.006968641114982578
