CDR3,count,relative.frequency
CAANSDHLNF,3,0.0009956853634251576
CAARVAFSEALVF,6,0.0019913707268503153
CAAWDDSLNAWGF,8,0.002655160969133754
CALLGMDGF,4,0.001327580484566877
CALVDGCLHGF,2,0.0006637902422834385
CARSTF,2,0.0006637902422834385
CATMMTTF,5,0.001659475605708596
CATVRGF,2,0.0006637902422834385
CDSASYPEGNF,5,0.001659475605708596
CEALNSEHPF,2,0.0006637902422834385
CESASDPEGNF,4,0.001327580484566877
CESASNPEGNF,2,0.0006637902422834385
CESASSPEGNF,5,0.001659475605708596
CESASYHEGNF,2,0.0006637902422834385
CESASYLEGNF,3,0.0009956853634251576
CESASYPAGNF,4,0.001327580484566877
CESASYPDGNF,5,0.001659475605708596
CESASYPEENF,2,0.0006637902422834385
CESASYPEGNF,2842,0.943245934284766
CESASYPEGTF,3,0.0009956853634251576
CESASYPEVNF,3,0.0009956853634251576
CESASYPGGNF,8,0.002655160969133754
CESASYPKGNF,2,0.0006637902422834385
CESASYPQGNF,2,0.0006637902422834385
CESASYPVGNF,5,0.001659475605708596
CESASYSEGNF,3,0.0009956853634251576
CESDSYPEGNF,2,0.0006637902422834385
CETASYPEGNF,2,0.0006637902422834385
CFLVGSKKNF,2,0.0006637902422834385
CGAEAGGVPGGF,2,0.0006637902422834385
CGAMEGGFGSDF,2,0.0006637902422834385
CGSASYPEGNF,3,0.0009956853634251576
CGSPEAF,6,0.0019913707268503153
CHLEVWAGDTF,3,0.0009956853634251576
CHQYIDWPLTF,2,0.0006637902422834385
CHYYGTSQTF,5,0.001659475605708596
CKAASEVDGF,2,0.0006637902422834385
CKLLQQSHLFPGF,2,0.0006637902422834385
CKSASYPEGNF,2,0.0006637902422834385
CMQALEGYNF,2,0.0006637902422834385
CQHGTKRLTF,2,0.0006637902422834385
CQQYKNFRLTF,13,0.00431463657484235
CQVWDSDSGGF,16,0.005310321938267508
CSSLLYLCCTF,3,0.0009956853634251576
CTAMLAPGF,4,0.001327580484566877
CVFLVRRFCCF,2,0.0006637902422834385
CYSYARRYYVF,2,0.0006637902422834385
