CDR3,count,relative.frequency
CASSFGNTEAFF,2,0.10526315789473684
CHQYNYGGTF,17,0.8947368421052632
