CDR3,count,relative.frequency
CAALYLYIWKWTF,2,0.005555555555555556
CAASGFTFRNF,2,0.005555555555555556
CAATGLAPSAPGF,32,0.08888888888888889
CAAWDDRGKKLF,6,0.016666666666666666
CALLKPVTF,9,0.025
CALPICLAPSAPGF,4,0.011111111111111112
CALPISPSAPGF,2,0.005555555555555556
CALSGTWVIF,2,0.005555555555555556
CARCIRKVKYTF,3,0.008333333333333333
CARDFGF,23,0.06388888888888888
CARETKPYNF,2,0.005555555555555556
CASAHDF,2,0.005555555555555556
CASQWLVTGGGF,2,0.005555555555555556
CASYAGNRFLF,2,0.005555555555555556
CASYAGSNRFLF,2,0.005555555555555556
CASYPGSNRFVF,3,0.008333333333333333
CAVRGSNDYKLSF,2,0.005555555555555556
CCSYAGSYTWGF,2,0.005555555555555556
CESASYPEGNF,4,0.011111111111111112
CFGTSIMLF,2,0.005555555555555556
CFHILCTVYNTYF,3,0.008333333333333333
CGAWDSRLTTVLF,2,0.005555555555555556
CGGLAFGCAVGF,2,0.005555555555555556
CGSPEAF,2,0.005555555555555556
CGSVHLSSQLF,2,0.005555555555555556
CHQYDYSSDTF,2,0.005555555555555556
CHQYYSIPFTF,2,0.005555555555555556
CILAQACNPSTF,3,0.008333333333333333
CILCTVYNIYF,3,0.008333333333333333
CKHRGTFGQF,4,0.011111111111111112
CLILTLRTF,2,0.005555555555555556
CLLGQNGWHISGF,2,0.005555555555555556
CLQGIDWPRTF,2,0.005555555555555556
CLQYENVPTF,2,0.005555555555555556
CPSLQLAYSVF,3,0.008333333333333333
CQAWDSGSAGF,2,0.005555555555555556
CQHCGGPPRTF,2,0.005555555555555556
CQHYDNLPTF,2,0.005555555555555556
CQHYFTDQYTF,2,0.005555555555555556
CQHYGSSPFTF,4,0.011111111111111112
CQLYATSPWTF,10,0.027777777777777776
CQLYTTSPMYTF,8,0.022222222222222223
CQPSNKTRLF,4,0.011111111111111112
CQQCYHWPITF,22,0.06111111111111111
CQQIHSAPYTF,4,0.011111111111111112
CQQNYISPWTF,2,0.005555555555555556
CQQRYHWLITF,2,0.005555555555555556
CQQSLSSPHTF,2,0.005555555555555556
CQQSNIIPWTF,4,0.011111111111111112
CQQSYSSSPTF,8,0.022222222222222223
CQQSYSTPWTF,2,0.005555555555555556
CQQYDRSLTF,2,0.005555555555555556
CQQYDSSLTF,71,0.19722222222222222
CQQYETNSPYTF,9,0.025
CQQYF,3,0.008333333333333333
CQQYFSRTF,35,0.09722222222222222
CQQYGNFVTF,2,0.005555555555555556
CQQYISDLYTF,2,0.005555555555555556
CQQYTFFTTF,2,0.005555555555555556
CQVRKGKFKTF,2,0.005555555555555556
CSAWDDSLNGGGF,4,0.011111111111111112
CSYFLSSTNFGF,2,0.005555555555555556
CVEKGSSHPGF,2,0.005555555555555556
