CDR3,count,relative.frequency
CAKAHRIAGRFDYW,4,0.017167381974248927
CAKAPYYYYGMDVW,2,0.008583690987124463
CAKGMLGWLRYIDYW,20,0.08583690987124463
CAKWARGHDYSDYW,2,0.008583690987124463
CARATWGYDFDYW,2,0.008583690987124463
CARDKLNAFDIW,20,0.08583690987124463
CARDPNSGWLDYW,19,0.0815450643776824
CARDPVQNAFDIW,8,0.034334763948497854
CARELDYW,70,0.30042918454935624
CARERRWIDSW,8,0.034334763948497854
CARGRWFDPW,6,0.02575107296137339
CARLTGVLYAFDIW,3,0.012875536480686695
CARQDNWNYDYW,5,0.02145922746781116
CARVGVGEAFDYW,4,0.017167381974248927
CASLLGSGREFDYW,6,0.02575107296137339
CASMGGPPSGFDYW,6,0.02575107296137339
CASYGGNSPFDYW,6,0.02575107296137339
CATGYPIDYW,3,0.012875536480686695
CDYW,2,0.008583690987124463
CGMDVW,4,0.017167381974248927
CIRPGKDFDSW,4,0.017167381974248927
CIRPGKDFDYW,2,0.008583690987124463
CSSTSCPFDYW,2,0.008583690987124463
CTGHYVLGAFDIW,20,0.08583690987124463
CTSPGKDFDYW,3,0.012875536480686695
CVRGGNWGDYW,2,0.008583690987124463
