CDR3,count,relative.frequency
CAALRGRIF,7,0.056910569105691054
CAHNTDKLIF,13,0.10569105691056911
CAIRGKLIF,2,0.016260162601626018
CAQTKYRPLSF,34,0.2764227642276423
CARAQRVSIF,9,0.07317073170731707
CARRMTIF,9,0.07317073170731707
CARTTIF,8,0.06504065040650407
CIHGAHRPLTF,2,0.016260162601626018
CLQYSNLSPYIF,2,0.016260162601626018
CMQALQRPLGF,2,0.016260162601626018
CMQTKYRPLNF,2,0.016260162601626018
CQNSNVYPLIF,2,0.016260162601626018
CSSFAGGNILIF,2,0.016260162601626018
CSSYAGNLIF,21,0.17073170731707318
CSSYVDTMKLIF,6,0.04878048780487805
CTSYAGSNSLIF,2,0.016260162601626018
