CDR3,count,relative.frequency
CASGSGNYGYTF,2,0.2222222222222222
CASSLLGGTEAFF,3,0.3333333333333333
CSSYSGTNVLLF,4,0.4444444444444444
