CDR3,count,relative.frequency
CARATTVVTCFDYW,3,0.0189873417721519
CARDHNYGPDYW,4,0.02531645569620253
CAREGYNPSPFDYW,4,0.02531645569620253
CARELRLWNDYW,2,0.012658227848101266
CARGTGRFGHDYW,57,0.36075949367088606
CARHRGSDFKYW,32,0.20253164556962025
CARTNRFDYW,3,0.0189873417721519
CASFDGGGSFDYW,3,0.0189873417721519
CATPPGARDYW,2,0.012658227848101266
CATWHGDYKDYW,2,0.012658227848101266
CNWFDPW,10,0.06329113924050633
CSTAWFNYW,20,0.12658227848101267
CTSTICYRFDYW,14,0.08860759493670886
CTTEEVTLFDCW,2,0.012658227848101266
