CDR3,count,relative.frequency
CAAWDDSLIF,6,0.2608695652173913
CCSYAGSRALIF,2,0.08695652173913043
CCSYAGSTTLIF,4,0.17391304347826086
CHQRYNRPLTF,3,0.13043478260869565
CSSYFGSRSLIF,6,0.2608695652173913
CSSYTRTTTLIF,2,0.08695652173913043
