CDR3,count,relative.frequency
CAAWVLNYKKLF,2,0.2857142857142857
CATWDGHYYKKLF,2,0.2857142857142857
CATWVVKKLF,3,0.42857142857142855
