CDR3,count,relative.frequency
CARARPLYF,15,0.19736842105263158
CARGRVTIF,18,0.23684210526315788
CARGTIF,2,0.02631578947368421
CARGWIF,2,0.02631578947368421
CARSRVTIF,8,0.10526315789473684
CGRTTIF,2,0.02631578947368421
CKKYNSAPFIF,2,0.02631578947368421
CNSYTRRNPLIF,2,0.02631578947368421
CNSYTRRNTLIF,10,0.13157894736842105
CQQFYSSPLIF,3,0.039473684210526314
CQQSHTTPLIF,2,0.02631578947368421
CQQTYTAPLIF,6,0.07894736842105263
CTRDTIF,2,0.02631578947368421
CYSAADRNWIF,2,0.02631578947368421
