CDR3,count,relative.frequency
CASSLGTEAFF,2,0.15384615384615385
CASSLSNEQFF,3,0.23076923076923078
CASSSGQGYEQYF,8,0.6153846153846154
