CDR3,count,relative.frequency
CAAGF,6,0.041666666666666664
CAANSDHLNF,2,0.013888888888888888
CARPGF,2,0.013888888888888888
CCSFAGRFYVF,3,0.020833333333333332
CESASYPEGNF,27,0.1875
CFLLLGTKLPRF,2,0.013888888888888888
CFNLAMDRSPGF,2,0.013888888888888888
CGSLQPLTPRF,3,0.020833333333333332
CGSPEAF,4,0.027777777777777776
CHLGSLQPLPPGF,2,0.013888888888888888
CHQRNIWPLTF,2,0.013888888888888888
CHQYSDYPWTF,7,0.04861111111111111
CISFLFFSFF,2,0.013888888888888888
CLLAPFQVYNSF,2,0.013888888888888888
CLLLAQQNF,3,0.020833333333333332
CLQDHSFPHTF,6,0.041666666666666664
CMHSLQKPWTF,2,0.013888888888888888
CMQARQSPLTF,2,0.013888888888888888
CMQNTHLYTF,9,0.0625
CMQSKRFPFTF,4,0.027777777777777776
CQHNDSIPFTF,2,0.013888888888888888
CQHTSSFPITF,2,0.013888888888888888
CQHYDDLRSINF,2,0.013888888888888888
CQHYSNSQGTF,2,0.013888888888888888
CQKYNNVLTF,2,0.013888888888888888
CQQADRIPYTF,7,0.04861111111111111
CQQNDDFPHTF,4,0.027777777777777776
CQQSGRPPATF,8,0.05555555555555555
CQQSNGYPVTF,2,0.013888888888888888
CQQYYNAFRTF,3,0.020833333333333332
CQSYDSSLTGWGF,2,0.013888888888888888
CRDVGGDHPWIF,3,0.020833333333333332
CRHLTSQNPGDTF,2,0.013888888888888888
CSSLLYLCCTF,2,0.013888888888888888
CSSYSSTSPYVF,7,0.04861111111111111
CSYFKLRFALNF,2,0.013888888888888888
