CDR3,count,relative.frequency
CAAWNDNVFVF,3,0.014634146341463415
CAKTIMTF,3,0.014634146341463415
CAKTMMTF,2,0.00975609756097561
CALYMNFGVSVF,2,0.00975609756097561
CARDHPVTNF,3,0.014634146341463415
CARGGYNF,4,0.01951219512195122
CARQHGF,2,0.00975609756097561
CASSYRGSYTF,2,0.00975609756097561
CATVQSCSQRGF,2,0.00975609756097561
CCSYGPRTTF,4,0.01951219512195122
CESASYPEGNF,9,0.04390243902439024
CGSPEAF,11,0.05365853658536585
CHHRGTF,2,0.00975609756097561
CHQFADLPYTF,2,0.00975609756097561
CHQYLTNPLTF,2,0.00975609756097561
CHQYSDVPPTF,3,0.014634146341463415
CHQYYTLPLTF,2,0.00975609756097561
CISFLFFSFF,4,0.01951219512195122
CLHAVVSRWTF,3,0.014634146341463415
CLQLDSCPHTF,2,0.00975609756097561
CLQYNGNRWTF,4,0.01951219512195122
CMQDLQAWTF,2,0.00975609756097561
CMQGKQIPYTF,3,0.014634146341463415
CMQGRQPGDTF,2,0.00975609756097561
CMQGRQPGYTF,18,0.08780487804878048
CMQSLHTPPSWTF,3,0.014634146341463415
CMQTLHTWTF,2,0.00975609756097561
CQHYGGSSYTF,2,0.00975609756097561
CQHYNNYPFGF,2,0.00975609756097561
CQHYYNIPWTF,2,0.00975609756097561
CQKLGGYPRTF,2,0.00975609756097561
CQQFDTSLLTF,2,0.00975609756097561
CQQFEDLPLTF,5,0.024390243902439025
CQQGQTFPYTF,3,0.014634146341463415
CQQHHKWPITF,2,0.00975609756097561
CQQRFSRPPTF,3,0.014634146341463415
CQQRGYNF,7,0.03414634146341464
CQQRTNYFTF,8,0.03902439024390244
CQQSYSSPYTF,3,0.014634146341463415
CQQTHTFPVTF,7,0.03414634146341464
CQQTYNSFTTF,3,0.014634146341463415
CQQVDDYPYTF,17,0.08292682926829269
CQQYDAYPLTF,2,0.00975609756097561
CQQYFYVPRTF,2,0.00975609756097561
CQQYGASHYTF,2,0.00975609756097561
CQQYGGSHYTF,3,0.014634146341463415
CQQYGRTF,3,0.014634146341463415
CQQYHFYWTF,4,0.01951219512195122
CQTWGIGIRGF,2,0.00975609756097561
CRSFSSPPTF,6,0.02926829268292683
CSSLVAASARTF,2,0.00975609756097561
CSSYAGTSTF,2,0.00975609756097561
CSSYASSVVYVF,3,0.014634146341463415
CTAMLAPGF,3,0.014634146341463415
CVQGSQFPYTF,2,0.00975609756097561
