CDR3,count,relative.frequency
CCSYADNSLIF,2,0.034482758620689655
CLHHNEWPLIF,2,0.034482758620689655
CQAWDGSRRGIF,7,0.1206896551724138
CQHYDRSPIF,16,0.27586206896551724
CQQYNNWPLIF,2,0.034482758620689655
CQRVTIF,27,0.46551724137931033
CSSYTSKTVLIF,2,0.034482758620689655
