CDR3,count,relative.frequency
CAARDDSLNGPVF,4,0.01593625498007968
CAAWDASLNGWVF,2,0.00796812749003984
CAAWDDSLDGRVF,2,0.00796812749003984
CAAWDDSLGGPVF,4,0.01593625498007968
CAAWDDSLNGPVF,19,0.07569721115537849
CAAWDDSLNGWVF,7,0.027888446215139442
CAAWDDSLRGPVF,2,0.00796812749003984
CAAWDDSLSGGVF,2,0.00796812749003984
CAAWDDSLSGPVF,4,0.01593625498007968
CAAWDDSLTGRVVF,2,0.00796812749003984
CAAWDDSLTGYVF,3,0.01195219123505976
CAAWDDSLYGLVF,18,0.07171314741035857
CAAWXDSLNGWVF,4,0.01593625498007968
CASWDDSLNGVVF,2,0.00796812749003984
CAVWDDSLSGRVF,7,0.027888446215139442
CGTWDNSLSAAGF,20,0.0796812749003984
CGTWDSSLSAGGVF,3,0.01195219123505976
CGTWDSSLSVWVF,6,0.02390438247011952
CLLSYGGARIF,4,0.01593625498007968
CLLYYGDTQLF,8,0.03187250996015936
CLLYYGGGRVF,3,0.01195219123505976
CMIWPSNAWVF,2,0.00796812749003984
CNFRDSSGNHRVF,2,0.00796812749003984
CNSRDSSGNHVVF,3,0.01195219123505976
CQAWDSSTAYVF,7,0.027888446215139442
CQAWDSSTVVF,2,0.00796812749003984
CQAWDSTTVIF,2,0.00796812749003984
CQSADLSGPRF,2,0.00796812749003984
CQSADSGGVLVVF,20,0.0796812749003984
CQSADSSGSYVVF,2,0.00796812749003984
CQSADSSGTHWVF,8,0.03187250996015936
CQSADSSGTYVVF,3,0.01195219123505976
CQSYDNSLSGYVF,3,0.01195219123505976
CQSYDSSLSAVF,2,0.00796812749003984
CQSYDSSLSGGVF,2,0.00796812749003984
CQSYDTSLSGLLF,4,0.01593625498007968
CQTWGTGSYVF,5,0.0199203187250996
CQVWDDTSDHVVF,6,0.02390438247011952
CQVWDSDSDHYVF,6,0.02390438247011952
CQVWDSDSDHYVFGF,2,0.00796812749003984
CQVWDSDTDHFVF,2,0.00796812749003984
CQVWDSISDHVF,2,0.00796812749003984
CQVWDSSSAHFVF,2,0.00796812749003984
CQVWDSSSDLHWVF,10,0.0398406374501992
CSSYGGSNNLVF,7,0.027888446215139442
CSSYTSGSTLVVF,2,0.00796812749003984
CSSYTSSNTYVF,3,0.01195219123505976
CTSYAGSNNFVF,4,0.01593625498007968
CVLYMGSGTVVF,4,0.01593625498007968
CYSADSSGSLDVF,2,0.00796812749003984
CYSTDSSGDHWVF,4,0.01593625498007968
