CDR3,count,relative.frequency
CAKAGSGWSFDNW,2,0.06451612903225806
CARDQWPGAFDMW,5,0.16129032258064516
CARGFPADHFDSW,2,0.06451612903225806
CARGGRDFDYW,2,0.06451612903225806
CARIGYKSSTFDYW,2,0.06451612903225806
CARSGYVGAFDIW,3,0.0967741935483871
CFSLFDYW,2,0.06451612903225806
CSGGGCFWVDPW,3,0.0967741935483871
CTKGFCYFDQW,2,0.06451612903225806
CTNGVCETFDYW,2,0.06451612903225806
CTRVSIVEVADYW,2,0.06451612903225806
CVRLRGDFWYFDLW,2,0.06451612903225806
CVRVEPRGFFEYW,2,0.06451612903225806
