CDR3,count,relative.frequency
CAADINSYGYFRLW,2,0.0055248618784530384
CAAHSFDHW,13,0.03591160220994475
CAHRDYYGSGTFDYW,6,0.016574585635359115
CAHRRVRAFDIW,4,0.011049723756906077
CAKSSWTDGFDVW,2,0.0055248618784530384
CAKTLSGDFDYW,6,0.016574585635359115
CARDFSEFDYW,4,0.011049723756906077
CARDIGTGYFDFW,6,0.016574585635359115
CARDQVGGTVPDYW,2,0.0055248618784530384
CARDSDVGAFDFW,6,0.016574585635359115
CARDTGGDFDYW,2,0.0055248618784530384
CARDTGVRYFDSW,2,0.0055248618784530384
CARENGVRYFDFW,2,0.0055248618784530384
CARGDGDYFDSW,2,0.0055248618784530384
CARGDGDYFDYW,4,0.011049723756906077
CARGDYSSGWDYW,4,0.011049723756906077
CARGGYGDPYDYW,4,0.011049723756906077
CARGHQQLDAFEIW,2,0.0055248618784530384
CARGIKLSMWLDPW,2,0.0055248618784530384
CARGQGLSLDYW,2,0.0055248618784530384
CARGQQDLDAFEIW,2,0.0055248618784530384
CARGQQQLDAFEIW,44,0.12154696132596685
CARGQQRLDAFEIW,2,0.0055248618784530384
CARGWELLGWFDPW,81,0.22375690607734808
CARLALAGFYFDFW,4,0.011049723756906077
CARLKPVTGTFDYW,16,0.04419889502762431
CARNWGFDYW,2,0.0055248618784530384
CARRTSTAFDIW,2,0.0055248618784530384
CARSGREDYW,13,0.03591160220994475
CARSPNHNWFDPW,3,0.008287292817679558
CARTQYSGDYFDFW,2,0.0055248618784530384
CARTTKTYQFDYW,17,0.04696132596685083
CARVDGEMAPDYW,8,0.022099447513812154
CARVPIIDAFDLW,2,0.0055248618784530384
CARVPIIDAFDVW,4,0.011049723756906077
CARVPITDAFDVW,19,0.052486187845303865
CARVRGQWLNPDYW,3,0.008287292817679558
CATCYAAFDHW,2,0.0055248618784530384
CATREWFDPW,2,0.0055248618784530384
CATWGVGTSDDYW,10,0.027624309392265192
CAWGTLPRLFDYW,6,0.016574585635359115
CSRRSSGSDAFDIW,5,0.013812154696132596
CSRRSSGSDTFDIW,2,0.0055248618784530384
CTAGYVDYW,2,0.0055248618784530384
CTGGAVAGLLDYW,4,0.011049723756906077
CTGGSCGAFDMW,4,0.011049723756906077
CTRGGVAAIGDYW,11,0.03038674033149171
CVPRGVVANFDYW,3,0.008287292817679558
CVRDTGIQIWDYW,2,0.0055248618784530384
CYGPDTFDIW,4,0.011049723756906077
CYTYYYGLDVW,2,0.0055248618784530384
CYVYYYGMDVW,2,0.0055248618784530384
