CDR3,count,relative.frequency
CAAIRTGGAFDLW,6,0.01694915254237288
CAGSYSDAFDIW,4,0.011299435028248588
CAKDDGGIFDYW,3,0.00847457627118644
CAKDWNLYFDSW,2,0.005649717514124294
CAKGLVKYAMDVW,2,0.005649717514124294
CAKLRGLDYW,4,0.011299435028248588
CALDTAMAPFDYW,4,0.011299435028248588
CARAIANRPYFDFW,2,0.005649717514124294
CARDFWSGYYPDYW,4,0.011299435028248588
CARDLGGVFDPW,3,0.00847457627118644
CARDVGDHFDIW,2,0.005649717514124294
CARDWIPHYFDYW,4,0.011299435028248588
CARDWIPHYLDYW,2,0.005649717514124294
CARDYGEFDYW,9,0.025423728813559324
CARDYVGILDYW,20,0.05649717514124294
CARGAGLDYW,2,0.005649717514124294
CARGDWLGFDYW,7,0.01977401129943503
CARGFYSLYYFDSW,2,0.005649717514124294
CARGGFIVAPDYW,2,0.005649717514124294
CARGGLSPFDYW,2,0.005649717514124294
CARGGTFDYW,7,0.01977401129943503
CARGGVGAEFDYW,4,0.011299435028248588
CARGPLQGEFDPW,2,0.005649717514124294
CARGPNWFDPW,12,0.03389830508474576
CARGSGYYYFDYW,2,0.005649717514124294
CARHWINGWFDPW,5,0.014124293785310734
CARQPTFIDYW,4,0.011299435028248588
CARRSAMFGIFDWW,5,0.014124293785310734
CARRSVTGYYFDFW,5,0.014124293785310734
CARVMGMDIFDVW,5,0.014124293785310734
CATAILTGYYDFDYW,4,0.011299435028248588
CATDYDYW,10,0.02824858757062147
CATERFDYW,5,0.014124293785310734
CATGPYWFDPW,2,0.005649717514124294
CATSPVVTEYFQHW,13,0.03672316384180791
CATSPVVTEYFRHW,2,0.005649717514124294
CATTVSGFFDYW,21,0.059322033898305086
CATYGRKNAFDLW,2,0.005649717514124294
CAVEDGYSYADYW,2,0.005649717514124294
CAW,4,0.011299435028248588
CDWFDPW,9,0.025423728813559324
CERSFDYLW,4,0.011299435028248588
CFDIW,3,0.00847457627118644
CGMDVW,2,0.005649717514124294
CGNDYW,5,0.014124293785310734
CSGGSCYDFDYW,2,0.005649717514124294
CSRDFDYW,4,0.011299435028248588
CSRHGFDFW,17,0.0480225988700565
CSTAGDYW,4,0.011299435028248588
CTRQAYGPPYFDYW,4,0.011299435028248588
CTRRGDHGFDIW,5,0.014124293785310734
CTSGSCYSDSW,2,0.005649717514124294
CTSGSCYSDYW,48,0.13559322033898305
CVGLEYDRHFDSW,2,0.005649717514124294
CVKEGHDYW,2,0.005649717514124294
CVRRKVDSNFDSW,5,0.014124293785310734
CVRVLTRHWYFDLW,8,0.022598870056497175
CVVAMDVW,2,0.005649717514124294
CYAEDCFDIW,14,0.03954802259887006
CYGMDVW,2,0.005649717514124294
CYTIHDYW,8,0.022598870056497175
