CDR3,count,relative.frequency
CAGGAYGDLDYW,5,0.03067484662576687
CAHYSPYDAFDIW,4,0.024539877300613498
CAKDDYSNYDYW,12,0.0736196319018405
CAKDSRGGYFDYW,4,0.024539877300613498
CARAWSDYGFDYW,9,0.05521472392638037
CARDSSPRFDYW,52,0.31901840490797545
CAREASEDYFDYW,2,0.012269938650306749
CAREYAYYFHSW,2,0.012269938650306749
CARGWSGYFDSW,2,0.012269938650306749
CARIHRNAFDIW,4,0.024539877300613498
CARKTTGYYIDYW,3,0.018404907975460124
CARYNPYNGFDIW,4,0.024539877300613498
CASAIVATFDYW,4,0.024539877300613498
CASAVIATFDHW,2,0.012269938650306749
CASAVVATFDHW,2,0.012269938650306749
CASAVVATFDYW,3,0.018404907975460124
CAVIVSTTFDFW,2,0.012269938650306749
CTAGGDYW,22,0.13496932515337423
CTTPDFDYW,14,0.08588957055214724
CVREGIDGMDVW,5,0.03067484662576687
CVTPDFDFW,6,0.03680981595092025
