CDR3,count,relative.frequency
CASSLVSGSYEQYF,3,0.17647058823529413
CASSSYTGELFF,2,0.11764705882352941
CASSYSDGANVLTF,4,0.23529411764705882
CASTSDGKNIQYF,3,0.17647058823529413
CFLSYNYGAVF,5,0.29411764705882354
