CDR3,count,relative.frequency
CARPLF,4,0.12903225806451613
CCSYSLTNLIF,3,0.0967741935483871
CGSYTTSGPLWIF,4,0.12903225806451613
CGSYTTSITLIF,10,0.3225806451612903
CNSRDNRGVIF,2,0.06451612903225806
CQVWDNSRLIF,2,0.06451612903225806
CSAYTSRTTLIF,4,0.12903225806451613
CTAFTSTSHLIF,2,0.06451612903225806
