CDR3,count,relative.frequency
CAKDWEAFF,2,0.05263157894736842
CASSETGSQETQYF,2,0.05263157894736842
CASSFGVNTEAFF,2,0.05263157894736842
CASSLGQAYEQYF,4,0.10526315789473684
CASSLTGETQYF,12,0.3157894736842105
CASSQDTQYF,3,0.07894736842105263
CASSRTVQETQYF,2,0.05263157894736842
CASSSVGLQETQYF,2,0.05263157894736842
CASTPVQHTGELFF,3,0.07894736842105263
CSVLQRANTEAFF,3,0.07894736842105263
CSYEQYF,3,0.07894736842105263
