CDR3,count,relative.frequency
CAFSLLGIRFDPW,2,0.006042296072507553
CAGDYSNSYFEYW,19,0.05740181268882175
CAKETYDEYFHHW,2,0.006042296072507553
CAKWDWNSFYFDSW,29,0.08761329305135952
CAKYITSAFDIW,2,0.006042296072507553
CALGGFDFW,2,0.006042296072507553
CALVHSGAFDYW,7,0.021148036253776436
CARAAAGGHFDRW,2,0.006042296072507553
CARAGRGSYWDYW,6,0.01812688821752266
CARALEDYW,23,0.06948640483383686
CARDGDYDGVDVW,5,0.015105740181268883
CARDGRYGDFDYW,3,0.00906344410876133
CARDPEDSSAFDLW,2,0.006042296072507553
CARDPPDYW,7,0.021148036253776436
CARDVFGEHAFDVW,6,0.01812688821752266
CARESAFDMW,2,0.006042296072507553
CAREVDGVGFDYW,5,0.015105740181268883
CARGDHYSGDYW,5,0.015105740181268883
CARGFYYFDPW,2,0.006042296072507553
CARGGYFDFW,5,0.015105740181268883
CARGLDFDYW,26,0.07854984894259819
CARGLGYALDIW,10,0.030211480362537766
CARGPSGHADYW,2,0.006042296072507553
CARGQLVGFDYW,2,0.006042296072507553
CARGSLIFDPW,2,0.006042296072507553
CARHWSDAFDIW,4,0.012084592145015106
CARISSGVMHFDYW,15,0.045317220543806644
CARIYWGSYAFDIW,5,0.015105740181268883
CARLDGRLGLDYW,2,0.006042296072507553
CARLNSGRYFDW,4,0.012084592145015106
CARQRDYFDYW,3,0.00906344410876133
CARRMKSYLDYW,6,0.01812688821752266
CARSIIFDFW,6,0.01812688821752266
CARVAWRDEGFDIW,2,0.006042296072507553
CARVLDDAFDIW,2,0.006042296072507553
CASSLLGIRFDPW,8,0.02416918429003021
CATLSGGVWFDPW,3,0.00906344410876133
CKFGHNSGGDYW,2,0.006042296072507553
CLEFDYW,2,0.006042296072507553
CLGGRGFEYW,2,0.006042296072507553
CLRDWYFDIW,16,0.04833836858006042
CRSSGDAFDIW,2,0.006042296072507553
CSDNTCHHFDYW,3,0.00906344410876133
CSGGNCYFDQW,2,0.006042296072507553
CSGGNCYFDYW,2,0.006042296072507553
CSGRGCYFWFDPW,6,0.01812688821752266
CSLSTCYLDSW,3,0.00906344410876133
CSVEDCLEFDYW,11,0.03323262839879154
CSVTCPCYFDNW,2,0.006042296072507553
CTFGYSSGGDYW,2,0.006042296072507553
CTGVRCYSFDYW,4,0.012084592145015106
CTRDPYYRNYFDSW,4,0.012084592145015106
CTRDYYFYAMDVW,8,0.02416918429003021
CTSIIPHTFDIW,2,0.006042296072507553
CTTYGPEMTFDYW,2,0.006042296072507553
CTTYGSEGTFDYW,7,0.021148036253776436
CVKGRSFAMDVW,2,0.006042296072507553
CVRDQGIQFWDYW,4,0.012084592145015106
CVSRHCEKRGDYW,2,0.006042296072507553
CYRDWFDPW,3,0.00906344410876133
