CDR3,count,relative.frequency
CDNNNDMRF,2,0.3333333333333333
CEDSSAMTALRVAASAGTGF,2,0.3333333333333333
CQTGANNLFF,2,0.3333333333333333
