CDR3,count,relative.frequency
CAKAGRITIF,2,0.02702702702702703
CARDPTIF,53,0.7162162162162162
CCSYAGSNTLIF,2,0.02702702702702703
CNSPDNTDKQIF,2,0.02702702702702703
CQHYYKWPYIF,2,0.02702702702702703
CQLYDDAPLYIF,2,0.02702702702702703
CQLYDDSPLYIF,2,0.02702702702702703
CQQFDSYPLIF,3,0.04054054054054054
CQSFYSRMVIF,4,0.05405405405405406
CSSYTTRDTLIF,2,0.02702702702702703
