CDR3,count,relative.frequency
CARDYLNRITIF,10,0.5263157894736842
CMQSTERPLTF,6,0.3157894736842105
CQCGSSPLITF,3,0.15789473684210525
