CDR3,count,relative.frequency
CAKGARGVLDYW,4,0.028985507246376812
CAKLGHLENWFDLW,14,0.10144927536231885
CAMDVW,4,0.028985507246376812
CARAGRDDCFDYW,22,0.15942028985507245
CARDDGDSSFLYW,2,0.014492753623188406
CARDPENYFDYW,2,0.014492753623188406
CARDRGYQHFDYW,3,0.021739130434782608
CARDRYLDYW,4,0.028985507246376812
CAREGLDADYLDYW,3,0.021739130434782608
CARGLRRVFDVW,2,0.014492753623188406
CARGSASRVFDIW,2,0.014492753623188406
CARKVYHTFDYW,2,0.014492753623188406
CARSRRYYFDYW,5,0.036231884057971016
CARSSGAADYW,3,0.021739130434782608
CARSTGAADYW,6,0.043478260869565216
CASSSDYGDFW,4,0.028985507246376812
CASTRRGDWFDPW,8,0.057971014492753624
CATVFEYW,9,0.06521739130434782
CTRHTHYYFEYW,2,0.014492753623188406
CVKRAGGTFEYW,6,0.043478260869565216
CVSTATFDYW,24,0.17391304347826086
CYTALDYW,7,0.050724637681159424
