CDR3,count,relative.frequency
CARDQRVGF,2,0.00881057268722467
CARGF,5,0.022026431718061675
CARMRENF,2,0.00881057268722467
CARMREWF,2,0.00881057268722467
CATWDDSLTAYVF,2,0.00881057268722467
CESASYPEGNF,12,0.05286343612334802
CGSPEAF,99,0.43612334801762115
CGTVIHACVF,2,0.00881057268722467
CHQYNFIPGTF,3,0.013215859030837005
CHQYYIPALTF,6,0.02643171806167401
CISFLFFSFF,3,0.013215859030837005
CLLQEHRALRSGF,2,0.00881057268722467
CLPHGLPSF,2,0.00881057268722467
CLQSRSAPRTF,2,0.00881057268722467
CLQYHNAPYTF,3,0.013215859030837005
CQESYTISWTF,6,0.02643171806167401
CQHLKTF,2,0.00881057268722467
CQHNDNWPPTF,2,0.00881057268722467
CQHSNSFTF,2,0.00881057268722467
CQHYDDSLWTF,2,0.00881057268722467
CQKLNDVPPTF,2,0.00881057268722467
CQMGGSPPTF,2,0.00881057268722467
CQQANGFPVTF,2,0.00881057268722467
CQQLHASPFTF,2,0.00881057268722467
CQQQTIWPPITF,2,0.00881057268722467
CQQSGDSMWTF,2,0.00881057268722467
CQQSSTTLYTF,5,0.022026431718061675
CQQTKTFPLTF,3,0.013215859030837005
CQQTYIVPRTF,2,0.00881057268722467
CQQYARGTF,2,0.00881057268722467
CQQYDDYRTF,2,0.00881057268722467
CQQYDTSIPTF,2,0.00881057268722467
CQQYETPPPTF,2,0.00881057268722467
CQQYFISPYTF,2,0.00881057268722467
CQQYGGTPDNF,10,0.04405286343612335
CQQYGGTPNNF,2,0.00881057268722467
CQQYXGTXXTF,2,0.00881057268722467
CQQYYDNFLTF,2,0.00881057268722467
CQQYYLIPYTF,2,0.00881057268722467
CQRYDTLWFTF,2,0.00881057268722467
CQTWDAGF,2,0.00881057268722467
CSSFTADTRLF,2,0.00881057268722467
CTAMLAPGF,8,0.03524229074889868
CTTGNF,2,0.00881057268722467
