CDR3,count,relative.frequency
CARDYRTTIF,2,0.025974025974025976
CARERPIF,6,0.07792207792207792
CARLAEPTIF,6,0.07792207792207792
CARRGIF,3,0.03896103896103896
CHQTYTNPKIF,2,0.025974025974025976
CHQYAVSPYIF,3,0.03896103896103896
CHQYGRSLIF,2,0.025974025974025976
CLKGHRYPLIF,3,0.03896103896103896
CLQHNRYPLIF,2,0.025974025974025976
CLQYHDYPFIF,5,0.06493506493506493
CQHRSNIF,6,0.07792207792207792
CQHYKGWPYIF,3,0.03896103896103896
CQQSYNSLPFIF,2,0.025974025974025976
CQQVRDFPYIF,20,0.2597402597402597
CQQYERSFIF,4,0.05194805194805195
CQQYFTSLIF,4,0.05194805194805195
CQQYKTYSLIF,2,0.025974025974025976
CTSYAGSRYLIF,2,0.025974025974025976
