CDR3,count,relative.frequency
CAAWVTRDTFDLW,4,0.07692307692307693
CAAWVTRDTFDMW,4,0.07692307692307693
CARDRVTRPGDYW,2,0.038461538461538464
CARGHHFDVW,2,0.038461538461538464
CARHWRAVTSLDYW,10,0.19230769230769232
CARIGRFDYW,9,0.17307692307692307
CATGGADYVLDYW,5,0.09615384615384616
CDALDIW,5,0.09615384615384616
CMDVW,3,0.057692307692307696
CSAGTCNPFDYW,4,0.07692307692307693
CVKHDYGDFDYW,2,0.038461538461538464
CVVFATGFDPW,2,0.038461538461538464
