CDR3,count,relative.frequency
CAKRGGDYW,2,0.16666666666666666
CARDFDVW,2,0.16666666666666666
CARVGYDAFDIW,2,0.16666666666666666
CDYW,3,0.25
CVGGAAADYW,3,0.25
