CDR3,count,relative.frequency
CASRMGGAETQYF,2,0.15384615384615385
CASSAKTGIGYTF,3,0.23076923076923078
CASSLEAHYEQYF,2,0.15384615384615385
CSSYAKTDTQLF,6,0.46153846153846156
