CDR3,count,relative.frequency
CAAPTTTGAFDFW,10,0.044444444444444446
CAHSGGDGYFQYW,2,0.008888888888888889
CAKDYW,5,0.022222222222222223
CAKYATRAFDIW,5,0.022222222222222223
CANGLSPDYW,2,0.008888888888888889
CAPFDFW,2,0.008888888888888889
CARALGWRFDAW,2,0.008888888888888889
CARASDYVGAFDIW,2,0.008888888888888889
CARCDSNNRVDPW,3,0.013333333333333334
CARDGIDAFDFW,2,0.008888888888888889
CARDGVDALAIW,2,0.008888888888888889
CARDQAAESSFDYW,2,0.008888888888888889
CARDVVGQHDYW,2,0.008888888888888889
CARDYGYTFDYW,2,0.008888888888888889
CAREDSGRDCLDYW,10,0.044444444444444446
CARESRHGFIDYW,15,0.06666666666666667
CARGDYSFDSW,3,0.013333333333333334
CARGGGSDYFDYW,3,0.013333333333333334
CARGGYGDYW,8,0.035555555555555556
CARGHSWNRFDYW,2,0.008888888888888889
CARGQNWFDPW,5,0.022222222222222223
CARGSNSAFDYW,4,0.017777777777777778
CARGWNYYDYW,3,0.013333333333333334
CARLAYGYNAIDYW,2,0.008888888888888889
CARMKMGGLHFDYW,6,0.02666666666666667
CARRPSQRYYFDYW,2,0.008888888888888889
CARRSYFDSW,6,0.02666666666666667
CARSYSSATSFDYW,2,0.008888888888888889
CATPYGGDALDIW,12,0.05333333333333334
CAWAFDSW,6,0.02666666666666667
CDTAQYYFDHW,2,0.008888888888888889
CGNFDYW,4,0.017777777777777778
CQRANDAFDMW,3,0.013333333333333334
CSDGTCYSDYW,14,0.06222222222222222
CSGDTCYHWFDPW,4,0.017777777777777778
CSGGWCYTDLW,5,0.022222222222222223
CSSTTCPSDYW,2,0.008888888888888889
CTFDYW,5,0.022222222222222223
CTNFDYW,2,0.008888888888888889
CTRYPTFDYW,2,0.008888888888888889
CTTGLIDAFEFW,3,0.013333333333333334
CTTIKTSTSRLFDYW,5,0.022222222222222223
CVAGLGDYW,10,0.044444444444444446
CVGDGFGYW,12,0.05333333333333334
CVRGSVSPGTDYW,5,0.022222222222222223
CVSGFDMW,2,0.008888888888888889
CVYYYGFDVW,10,0.044444444444444446
CYTALDYFDYW,3,0.013333333333333334
