CDR3,count,relative.frequency
CCSYAPASTLIF,2,0.07407407407407407
CCSYTSANTLIF,2,0.07407407407407407
CPLFGDTPPVIF,4,0.14814814814814814
CQAWDRSNLIF,3,0.1111111111111111
CQESYSNPGIF,2,0.07407407407407407
CQQYDKWPLIF,2,0.07407407407407407
CQRFGRSPLIF,12,0.4444444444444444
