CDR3,count,relative.frequency
CAAWDDSLSGFWVF,4,0.020942408376963352
CAAWEDSLSGPMF,2,0.010471204188481676
CCQSYDSSPWVF,8,0.041884816753926704
CETWDTNTPYWVF,8,0.041884816753926704
CFSTDSSGNDRVF,2,0.010471204188481676
CLLSYSGPRVF,2,0.010471204188481676
CLLYYGGSYVF,37,0.193717277486911
CMIWPSNAWVF,2,0.010471204188481676
CNSRDSSGNHLVF,4,0.020942408376963352
CNSRDSSGNLLVF,2,0.010471204188481676
CPAWDSSTAEVF,2,0.010471204188481676
CQAWDSRTVVF,4,0.020942408376963352
CQSADSSDTWGF,2,0.010471204188481676
CQSADSSGSWVF,4,0.020942408376963352
CQSADSSGTSHVVF,2,0.010471204188481676
CQSADSSGTSVVF,4,0.020942408376963352
CQSFDSSLSGVVF,2,0.010471204188481676
CQSYDNTNVVF,2,0.010471204188481676
CQSYDNTNWVF,11,0.05759162303664921
CQSYDSSLSGCVF,7,0.03664921465968586
CQSYDSSLSGLYVF,2,0.010471204188481676
CQSYDSSLSSWVF,2,0.010471204188481676
CQSYDSSPWVF,12,0.06282722513089005
CQTWDSNTYVF,11,0.05759162303664921
CQTWDTGIEVF,2,0.010471204188481676
CQTWDTGIWVF,2,0.010471204188481676
CQTWGTGIQVF,3,0.015706806282722512
CQTWGTGIRVF,3,0.015706806282722512
CQTWGTGVRVF,2,0.010471204188481676
CQVWDSSSDHHVF,19,0.09947643979057591
CQVWDSSSVIF,2,0.010471204188481676
CSSYAGSNGVIF,7,0.03664921465968586
CSSYAGSNGVLF,2,0.010471204188481676
CSSYAGSNTFYVF,3,0.015706806282722512
CSSYSSSSTLNYVF,2,0.010471204188481676
CSSYTSSSFWVF,2,0.010471204188481676
CVLYMGSGIVVF,2,0.010471204188481676
CYSAADNSLVF,2,0.010471204188481676
