CDR3,count,relative.frequency
CAGDCWIDYW,2,0.018018018018018018
CAKEATDDSFDVW,4,0.036036036036036036
CAKGAAAGSFDYW,2,0.018018018018018018
CALGGWDYW,2,0.018018018018018018
CARAPGVRYLDSW,2,0.018018018018018018
CARDNWGSLDYW,2,0.018018018018018018
CARDWRGSIDYW,2,0.018018018018018018
CAREVPRGLDYW,17,0.15315315315315314
CARGETRLDYW,4,0.036036036036036036
CARGLWFGLDYW,2,0.018018018018018018
CARGTINPFDSW,4,0.036036036036036036
CARIFGVVATFDYW,2,0.018018018018018018
CARRGMAVRPFDYW,2,0.018018018018018018
CARTGSDYKFDSW,2,0.018018018018018018
CARVHPSGGLDYW,2,0.018018018018018018
CARWFDAW,2,0.018018018018018018
CARWQCYNWIDPW,6,0.05405405405405406
CASAFMKAFDLW,2,0.018018018018018018
CASTFMKAFDLW,5,0.04504504504504504
CAWFDPW,5,0.04504504504504504
CFSLRNWFDPW,2,0.018018018018018018
CSGAACPDAFDIW,2,0.018018018018018018
CSGGACSDVFDIW,2,0.018018018018018018
CSHTSCCYFDDW,4,0.036036036036036036
CSRGFDYW,2,0.018018018018018018
CSRWFDAW,6,0.05405405405405406
CSSPLNWFGPW,2,0.018018018018018018
CSTATFDLW,7,0.06306306306306306
CTGGSCHFDSW,2,0.018018018018018018
CTRDRSTNDYW,2,0.018018018018018018
CTTTNCDDSDYW,4,0.036036036036036036
CVRGFDIW,3,0.02702702702702703
CYYLMDVW,2,0.018018018018018018
