CDR3,count,relative.frequency
CARVGNGRITIF,4,0.06451612903225806
CASYTTTSPVIF,3,0.04838709677419355
CGRVSIF,3,0.04838709677419355
CQQFNSYPLIF,2,0.03225806451612903
CQQYNDWPPLIF,2,0.03225806451612903
CQSADTSGPLIF,9,0.14516129032258066
CQVWDSDTDHLIF,2,0.03225806451612903
CSSFTSSRTLIF,3,0.04838709677419355
CSSFTSTRTLIF,16,0.25806451612903225
CSSFTTSTLIF,4,0.06451612903225806
CSSITSTRTLIF,5,0.08064516129032258
CSSYTNTRTVIF,6,0.0967741935483871
CTSITTSSTLIF,3,0.04838709677419355
