CDR3,count,relative.frequency
CAANWFDPW,3,0.027777777777777776
CAKGAINNWFDPW,2,0.018518518518518517
CAKGGDFDYW,2,0.018518518518518517
CARDDLDAFDIW,4,0.037037037037037035
CARDPPDGMDVW,41,0.37962962962962965
CARDYRAVDYW,3,0.027777777777777776
CARETTLGGFDYW,12,0.1111111111111111
CARGPDYW,4,0.037037037037037035
CARGRKGADYW,5,0.046296296296296294
CARGVFDNW,2,0.018518518518518517
CARGVFDYW,2,0.018518518518518517
CARLHDYVFDYW,2,0.018518518518518517
CATPANGGAYDYW,2,0.018518518518518517
CATSIRNAFEYW,10,0.09259259259259259
CSSVSCWGGLDYW,2,0.018518518518518517
CTTGDAFDLW,5,0.046296296296296294
CTTTTCKYNWFDPW,4,0.037037037037037035
CVRGVFDYW,3,0.027777777777777776
