CDR3,count,relative.frequency
CARDNYGGDF,24,0.2222222222222222
CASRGDNTGELFF,2,0.018518518518518517
CASRGTGEPEAFF,2,0.018518518518518517
CASSARGGDQPQHF,2,0.018518518518518517
CASSESWDYGYTF,2,0.018518518518518517
CASSFRGLEAFF,3,0.027777777777777776
CASSFRSKDTIYF,2,0.018518518518518517
CASSFSVSYEQYF,5,0.046296296296296294
CASSFTAGYGYTF,10,0.09259259259259259
CASSHESGTEAFF,6,0.05555555555555555
CASSLNYGGYTF,3,0.027777777777777776
CASSLPPNQEAFF,2,0.018518518518518517
CASSLRGTEAFF,2,0.018518518518518517
CASSVGVAGEQYF,3,0.027777777777777776
CSSYPNTIIFF,2,0.018518518518518517
CVNSGYTF,38,0.35185185185185186
