CDR3,count,relative.frequency
CASSLARSEAFF,20,0.5882352941176471
CASSLPTNTEAFF,6,0.17647058823529413
CASSPDSRNTIYF,2,0.058823529411764705
CASSSTATFEAFF,4,0.11764705882352941
CASSYKGINYGYTF,2,0.058823529411764705
