CDR3,count,relative.frequency
CARGRKAIF,4,0.047058823529411764
CARIEIPSIF,2,0.023529411764705882
CARVKARTLIF,10,0.11764705882352941
CARVRARILIF,14,0.16470588235294117
CARVRIRTLIF,11,0.12941176470588237
CATFPQARVGIF,18,0.21176470588235294
CATFTKARVGIF,2,0.023529411764705882
CCSYAGSPVIF,2,0.023529411764705882
CGSYTSSRALIF,3,0.03529411764705882
CLQHNTYPFIF,7,0.08235294117647059
CNSYTSSRTRIF,2,0.023529411764705882
CQQCQTRPLTF,2,0.023529411764705882
CQQSPRYPYIF,2,0.023529411764705882
CQQSSRYPYIF,2,0.023529411764705882
CQQSTRYPYIF,2,0.023529411764705882
CVKERRSIF,2,0.023529411764705882
