CDR3,count,relative.frequency
CAKDMRGSIDYW,2,0.02247191011235955
CARDTAVSIDYW,8,0.0898876404494382
CARDYVEALDYW,16,0.1797752808988764
CARNYGDYPDYW,5,0.056179775280898875
CARQGRWLQVFDYW,8,0.0898876404494382
CATGYFDLW,7,0.07865168539325842
CATQSFDYW,12,0.1348314606741573
CGLYSGFDPW,2,0.02247191011235955
CNTYYNNAMDVW,2,0.02247191011235955
CTAYRDVW,9,0.10112359550561797
CTRNTGGPLHFDYW,2,0.02247191011235955
CVAYRDVW,16,0.1797752808988764
