CDR3,count,relative.frequency
CAHYAGGRITIF,2,0.13333333333333333
CAKDRAERITIF,7,0.4666666666666667
CARDRITIF,2,0.13333333333333333
CSSETSTRTVIF,2,0.13333333333333333
CSTRRSIF,2,0.13333333333333333
