CDR3,count,relative.frequency
CASSFGNTEAFF,6,0.3157894736842105
CASSIVVYEQYF,9,0.47368421052631576
CASSQGLAGYEQFF,2,0.10526315789473684
CASSQTSGNEQFF,2,0.10526315789473684
