CDR3,count,relative.frequency
CAASAIGGGNTPLVF,2,0.3333333333333333
CAMNAGGTSYGKLTF,2,0.3333333333333333
CGMDSSYKLIF,2,0.3333333333333333
