CDR3,count,relative.frequency
CAKVGGYTF,10,0.5263157894736842
CASSLDSYEQYF,3,0.15789473684210525
CASSPDNYGYTF,2,0.10526315789473684
CASSPHNLEQYF,4,0.21052631578947367
