CDR3,count,relative.frequency
CARERRTSIF,7,0.22580645161290322
CAREVRKTIF,6,0.1935483870967742
CARSAIF,10,0.3225806451612903
CASLEGNRGSIF,6,0.1935483870967742
CSSYTRARTRIF,2,0.06451612903225806
