CDR3,count,relative.frequency
CAGGLCYSAFDVW,4,0.04819277108433735
CAKGTVATVFDFW,2,0.024096385542168676
CAKHWVRTYDYW,2,0.024096385542168676
CANQPDFDYW,2,0.024096385542168676
CARDAVGWFDPW,3,0.03614457831325301
CARERGSHSFDIW,3,0.03614457831325301
CAREYYYYGMDVW,16,0.1927710843373494
CARGLGVEDYW,5,0.060240963855421686
CARGRYYAMDVW,4,0.04819277108433735
CARGTYSDYW,2,0.024096385542168676
CARILVRNFDFW,3,0.03614457831325301
CARLLGWFDLW,2,0.024096385542168676
CARRPLSGRGDYW,2,0.024096385542168676
CARTYNWKYAFDSW,3,0.03614457831325301
CARVRARGEFDYW,2,0.024096385542168676
CDNW,2,0.024096385542168676
CGRSGDYW,3,0.03614457831325301
CRARYDGMDVW,12,0.14457831325301204
CSKTNCWWDYW,7,0.08433734939759036
CVKENWNQAFDYW,2,0.024096385542168676
CVRLGQQLVFDAW,2,0.024096385542168676
