CDR3,count,relative.frequency
CAANSDHLNF,2,0.005509641873278237
CATTASYFLNF,2,0.005509641873278237
CCSYAGSHVF,13,0.03581267217630854
CDIPSKKGLSLGF,4,0.011019283746556474
CESASYPEGNF,194,0.5344352617079889
CGAWDDGLNGYVF,3,0.008264462809917356
CGGWERGLVVF,2,0.005509641873278237
CGPGSLPYGF,2,0.005509641873278237
CGSQGLRQMHF,2,0.005509641873278237
CGSQTQDTISF,3,0.008264462809917356
CGSVCLQSQHF,6,0.01652892561983471
CGSVRPQSQHF,2,0.005509641873278237
CGTWDTRLTAGVF,2,0.005509641873278237
CHQHEDHLPTF,2,0.005509641873278237
CISFLFFSFF,5,0.013774104683195593
CITVRESGF,4,0.011019283746556474
CLLSQVMHCTF,2,0.005509641873278237
CLQYGIFTWTF,6,0.01652892561983471
CMHTTEIPITF,2,0.005509641873278237
CMQSTEIPITF,62,0.17079889807162535
CNIKGEDESWDF,2,0.005509641873278237
CQGPSKNVGF,2,0.005509641873278237
CQHYGNSAVTF,4,0.011019283746556474
CQQCDGPYTF,2,0.005509641873278237
CQQHFTGWTF,6,0.01652892561983471
CQQRSTSWTF,2,0.005509641873278237
CQQSYSSLRTF,2,0.005509641873278237
CQQTYTSPLTF,2,0.005509641873278237
CQQYETF,2,0.005509641873278237
CQQYSSNFWTF,6,0.01652892561983471
CQVWASGTYVF,4,0.011019283746556474
CSDVIIARCGF,5,0.013774104683195593
CVSFSEPSF,4,0.011019283746556474
