CDR3,count,relative.frequency
CARAPIF,9,0.04455445544554455
CARAPRIF,3,0.01485148514851485
CARDPTIF,6,0.0297029702970297
CARYPTIF,113,0.5594059405940595
CQKRGDWPPIF,2,0.009900990099009901
CQKTQSPYIF,2,0.009900990099009901
CQPYGRSYIF,4,0.019801980198019802
CQQYNTYPLIF,4,0.019801980198019802
CQTWDSRIYIF,5,0.024752475247524754
CSSNTRNRIF,2,0.009900990099009901
CSSYTLNSTLIF,2,0.009900990099009901
CTRSPIF,50,0.24752475247524752
