CDR3,count,relative.frequency
CASRGGRVYEQYF,2,0.3333333333333333
CASSPDRRTEAFF,2,0.3333333333333333
CQQTSRNPVYTF,2,0.3333333333333333
