CDR3,count,relative.frequency
CAGGRGAVDVW,2,0.01652892561983471
CAKESGYDDNW,2,0.01652892561983471
CAKGLYGDYYFDSW,2,0.01652892561983471
CAKVFVAYDVW,3,0.024793388429752067
CARDALDHW,12,0.09917355371900827
CARDPHQGAFDYW,2,0.01652892561983471
CAREGARFFDYW,2,0.01652892561983471
CAREWSAFDYW,2,0.01652892561983471
CARGEGAFDIW,6,0.049586776859504134
CARGFLRLYMDVW,8,0.06611570247933884
CARGLPGVMNFDSW,2,0.01652892561983471
CARGRLGRFDPW,2,0.01652892561983471
CARGTPGLQAFDYW,3,0.024793388429752067
CARVFGADGMDVW,2,0.01652892561983471
CARVFQRAYDIW,2,0.01652892561983471
CATYGAYGFDCW,3,0.024793388429752067
CDYW,22,0.18181818181818182
CSGDNCYLDAFDIW,3,0.024793388429752067
CSRGTCEAWFDPW,11,0.09090909090909091
CSSITCYSFDSW,4,0.03305785123966942
CSTTYYYGMDVW,2,0.01652892561983471
CTAELSDAFDIW,3,0.024793388429752067
CTRANEFDPW,4,0.03305785123966942
CVREEYFDFW,2,0.01652892561983471
CYKASDYW,9,0.0743801652892562
CYRSLEYYYYGMDVW,3,0.024793388429752067
CYSEDGFDMW,3,0.024793388429752067
