CDR3,count,relative.frequency
CAANSDHLNF,4,0.0010196278358399185
CAARVAFSEALVF,6,0.0015294417537598777
CAKDRSGGF,2,0.0005098139179199592
CALPICGSSF,2,0.0005098139179199592
CALPIWPGQTMGF,2,0.0005098139179199592
CCSYAGDVF,2,0.0005098139179199592
CESASCPEGNF,2,0.0005098139179199592
CESASFPEGNF,3,0.0007647208768799389
CESASNPEGNF,2,0.0005098139179199592
CESASYPEGNF,3840,0.9788427224063216
CESASYPGGNF,9,0.0022941626306398166
CESDSYPEGNF,2,0.0005098139179199592
CGSLWGGGGF,2,0.0005098139179199592
CGSPEAF,13,0.003313790466479735
CISFLFFSFF,3,0.0007647208768799389
CLLCSSRRAWSRF,2,0.0005098139179199592
CQARDTSALVF,5,0.0012745347947998981
CQHYDTYPYTF,5,0.0012745347947998981
CQQFATSPWTF,5,0.0012745347947998981
CQQFGISPFTF,3,0.0007647208768799389
CQQLVNSFWTF,2,0.0005098139179199592
CQQRLEFTF,2,0.0005098139179199592
CQQSYSLSYTF,2,0.0005098139179199592
CQQTFSVPYNF,3,0.0007647208768799389
