CDR3,count,relative.frequency
CASSGGPETQYF,2,0.15384615384615385
CASSLKTEAFF,2,0.15384615384615385
CASTKGQSTEAFF,2,0.15384615384615385
CAWSAGAGYEQYF,2,0.15384615384615385
CQAWDNTAVFF,2,0.15384615384615385
CSARGTSAGELFF,3,0.23076923076923078
