CDR3,count,relative.frequency
CAANSDHLNF,2,0.0004714757190004715
CAASGFTF,2,0.0004714757190004715
CAAWDASLTALF,3,0.0007072135785007072
CAKIGTRWF,2,0.0004714757190004715
CALPISRFTF,2,0.0004714757190004715
CALPIWDTARF,2,0.0004714757190004715
CALPSGGYNKLIF,2,0.0004714757190004715
CARDSHSIAAAGTF,2,0.0004714757190004715
CARGRAHF,2,0.0004714757190004715
CARGRVNF,2,0.0004714757190004715
CARIF,2,0.0004714757190004715
CATTPDWFCTF,2,0.0004714757190004715
CAVWDDSLTGWGF,2,0.0004714757190004715
CCTFTSSDVF,2,0.0004714757190004715
CESASCPEGNF,2,0.0004714757190004715
CESASYPEENF,2,0.0004714757190004715
CESASYPEGNF,4073,0.9601603017444602
CESASYPEGTF,2,0.0004714757190004715
CESASYPGGNF,6,0.0014144271570014145
CGSPEAF,5,0.0011786892975011788
CHQFNGFPRTF,2,0.0004714757190004715
CHQTFSAPLTF,2,0.0004714757190004715
CHQTFSVPLTF,2,0.0004714757190004715
CHQYGDSSTF,2,0.0004714757190004715
CISFLFFSFF,2,0.0004714757190004715
CLKYAFALGTF,2,0.0004714757190004715
CLQEYNFPRTF,2,0.0004714757190004715
CLQKFDYPWTF,3,0.0007072135785007072
CLQRKDLITF,2,0.0004714757190004715
CLQYFNTPETF,4,0.000942951438000943
CMQASRWPWTF,2,0.0004714757190004715
CMQSLLTPFFTF,3,0.0007072135785007072
CMQVLHNPYSF,2,0.0004714757190004715
CQERSTWWTF,3,0.0007072135785007072
CQEYYTDSRTF,2,0.0004714757190004715
CQHFGDTF,4,0.000942951438000943
CQHYKIHPWTF,4,0.000942951438000943
CQHYNSFMWTF,3,0.0007072135785007072
CQHYSTYYTF,2,0.0004714757190004715
CQLYVSSMTF,6,0.0014144271570014145
CQQFEISPFNF,2,0.0004714757190004715
CQQRSKWPYTF,2,0.0004714757190004715
CQQSYTTPWTF,9,0.0021216407355021216
CQQTYTPPRTF,2,0.0004714757190004715
CQQYDISPYTF,2,0.0004714757190004715
CQQYDTYYTF,3,0.0007072135785007072
CQQYGRSHRTF,2,0.0004714757190004715
CQQYGTLWTF,2,0.0004714757190004715
CQQYRTAPSTF,2,0.0004714757190004715
CQQYSNSLYTF,2,0.0004714757190004715
CQQYSYLITF,6,0.0014144271570014145
CQQYTNPLYTF,4,0.000942951438000943
CSFSFCWSWSIF,3,0.0007072135785007072
CSLQPLPPGF,4,0.000942951438000943
CSSYSSRITLF,4,0.000942951438000943
CTAMLAPGF,3,0.0007072135785007072
CTSYIGSNNLGF,4,0.000942951438000943
CVKDQYGGNVF,2,0.0004714757190004715
CVKGNF,2,0.0004714757190004715
CVQHAKSPEIGF,9,0.0021216407355021216
