CDR3,count,relative.frequency
CAKVRYGYTF,8,0.2962962962962963
CASSAANQPQHF,5,0.18518518518518517
CASSATNQPQHF,4,0.14814814814814814
CASSESNSPLHF,2,0.07407407407407407
CSALGTDYGYTF,4,0.14814814814814814
CSSYAGGYTF,4,0.14814814814814814
