CDR3,count,relative.frequency
CAGDSPRDGMDVW,2,0.0017226528854435831
CAIGGSEDTFDYW,2,0.0017226528854435831
CAIHHNFDYW,4,0.0034453057708871662
CAKDVW,2,0.0017226528854435831
CAKVGIELWIFDYW,2,0.0017226528854435831
CAKVRTVITDAFDTW,2,0.0017226528854435831
CAMKHNWGSGDYW,2,0.0017226528854435831
CARARYGSGSDFDYW,3,0.002583979328165375
CARASPRDGMDVW,3,0.002583979328165375
CARCREYYYYGMDVW,4,0.0034453057708871662
CARDGIVGGTLDYW,42,0.03617571059431524
CARDHPRDAFDIW,4,0.0034453057708871662
CARDHVDTAADYW,2,0.0017226528854435831
CARDLLAWFDPW,2,0.0017226528854435831
CARDPPRDGMDVW,2,0.0017226528854435831
CARDSPRDGMDIW,2,0.0017226528854435831
CARDSPRDGMDVW,448,0.3858742463393626
CARDVW,2,0.0017226528854435831
CAREDGAGGFQYW,2,0.0017226528854435831
CAREIPLNWFDPW,2,0.0017226528854435831
CAREIPLNWFDSW,4,0.0034453057708871662
CARGGGSFDYW,44,0.03789836347975883
CARGLGYNWFDPW,2,0.0017226528854435831
CARGRYDTYFDYW,2,0.0017226528854435831
CARGVDTAMVDYW,24,0.020671834625323
CARHDYFFDPW,5,0.004306632213608958
CARHSPRDGMDVW,14,0.012058570198105082
CARLEARYFDLW,4,0.0034453057708871662
CARLEIVSTDFDYW,36,0.031007751937984496
CARLRLRDFDYW,5,0.004306632213608958
CARLSTRHFDNW,4,0.0034453057708871662
CARLSTRHFDYW,11,0.009474590869939707
CARNGGWELTFDYW,130,0.1119724375538329
CARNHPRDAFDIW,2,0.0017226528854435831
CARNSPRDGMDVW,5,0.004306632213608958
CARNWGVLDYW,2,0.0017226528854435831
CARQGYSSGWYFDYW,2,0.0017226528854435831
CARRAAAGAFDIW,10,0.008613264427217916
CARRSLVEYYFDYW,7,0.006029285099052541
CARSKFGRPMDYW,59,0.050818260120585705
CARVNYGNYFDYW,11,0.009474590869939707
CARVPYGFVSPFDYW,3,0.002583979328165375
CARYMTLRAFDIW,3,0.002583979328165375
CASASPRDGMDVW,2,0.0017226528854435831
CASLRDGMDVW,2,0.0017226528854435831
CAVRGAGDYFDYW,2,0.0017226528854435831
CAYYYYGMDVW,2,0.0017226528854435831
CGMDVW,2,0.0017226528854435831
CGVDYW,2,0.0017226528854435831
CMDVW,6,0.00516795865633075
CPRGGGSFDYW,4,0.0034453057708871662
CREYYYYGMDVW,167,0.1438415159345392
CSGALYYYFDYW,2,0.0017226528854435831
CSNTRCSAFDYW,19,0.01636520241171404
CSRDSPRDGMDVW,2,0.0017226528854435831
CSRGDGFDIW,7,0.006029285099052541
CSRPLDYW,4,0.0034453057708871662
CSSNSCYSFDYW,3,0.002583979328165375
CVKDSGKFAFDVW,2,0.0017226528854435831
CVKLFDYW,2,0.0017226528854435831
CVRDTGFDIW,2,0.0017226528854435831
CVYYYYGMDVW,2,0.0017226528854435831
CYEYYFDYW,2,0.0017226528854435831
CYYGMDVW,2,0.0017226528854435831
