CDR3,count,relative.frequency
CAAQLLAKTDGF,2,0.008658008658008658
CAASDDNENGYVF,4,0.017316017316017316
CAGHVPLWF,2,0.008658008658008658
CAKAGITTF,2,0.008658008658008658
CAREIGYTF,5,0.021645021645021644
CARESGYTF,10,0.04329004329004329
CAREYMMTF,5,0.021645021645021644
CARGSGLF,2,0.008658008658008658
CARILGTGYF,23,0.09956709956709957
CARRYYGVGF,4,0.017316017316017316
CARYQMFQGF,3,0.012987012987012988
CASRLIVVTF,3,0.012987012987012988
CCARSGIYIF,4,0.017316017316017316
CCSYVGVHTF,2,0.008658008658008658
CESASYPEGNF,15,0.06493506493506493
CGTIIHGCVF,4,0.017316017316017316
CHQYYVSPFTF,3,0.012987012987012988
CISFLFFSFF,2,0.008658008658008658
CLLLAQQNF,4,0.017316017316017316
CMASLQSPTF,14,0.06060606060606061
CMQASRWPYTF,4,0.017316017316017316
CMQSLRIPFTF,31,0.1341991341991342
CMQSLRISFTF,2,0.008658008658008658
CMQTLRLPHTF,2,0.008658008658008658
CPVPPF,2,0.008658008658008658
CQAWDTGTVVF,3,0.012987012987012988
CQHCGGSLWTF,3,0.012987012987012988
CQHLSSSLFTF,2,0.008658008658008658
CQHYDNWPYTF,2,0.008658008658008658
CQHYGGLPLTF,5,0.021645021645021644
CQHYGNSVYTF,4,0.017316017316017316
CQHYNNYRTF,2,0.008658008658008658
CQHYYSFPFNF,2,0.008658008658008658
CQQFYTIPYTF,4,0.017316017316017316
CQQLNNIFTF,2,0.008658008658008658
CQQRYKWPPGF,2,0.008658008658008658
CQQSTKSYSTF,2,0.008658008658008658
CQQSYSTPLTF,2,0.008658008658008658
CQQYDDSPWTF,2,0.008658008658008658
CQQYDFSSGTF,2,0.008658008658008658
CQQYDSWYTF,2,0.008658008658008658
CQQYDYPRTF,2,0.008658008658008658
CQQYHTNHTF,3,0.012987012987012988
CQQYKSPTWTF,2,0.008658008658008658
CQQYKTHPPTF,2,0.008658008658008658
CQQYTEFPITF,2,0.008658008658008658
CQQYYIPRTF,4,0.017316017316017316
CQRRNTWRITF,2,0.008658008658008658
CQTWVSATGVF,3,0.012987012987012988
CQYRSSWPPRTF,2,0.008658008658008658
CSKGFGEWF,2,0.008658008658008658
CSSYRGKSRVF,2,0.008658008658008658
CSSYTTSRTYVF,2,0.008658008658008658
CTKPGSTF,3,0.012987012987012988
CVLYMGSGIWNF,5,0.021645021645021644
