CDR3,count,relative.frequency
CAHRRPIF,2,0.021739130434782608
CASFGKSDTLIF,2,0.021739130434782608
CGSYTNTGILIF,2,0.021739130434782608
CGSYTTSFTLIF,2,0.021739130434782608
CGSYTTTSSLIF,2,0.021739130434782608
CHQYDSFPFIF,4,0.043478260869565216
CHQYDTFPFIF,2,0.021739130434782608
CIPVLEPPYIF,2,0.021739130434782608
CLQDNHYPLIF,6,0.06521739130434782
CLQVLQPPYIF,2,0.021739130434782608
CMQSLEIPYIF,21,0.22826086956521738
CMQTLRTPYIF,2,0.021739130434782608
CQAWDNRAVIF,2,0.021739130434782608
CQESFKPPFIF,2,0.021739130434782608
CQNHITWPAIF,4,0.043478260869565216
CQPFDHRPPLIF,2,0.021739130434782608
CQPTYSQPLIF,2,0.021739130434782608
CQQDFRRPLTF,3,0.03260869565217391
CQSYDGPSLIF,2,0.021739130434782608
CRWTPFLIF,2,0.021739130434782608
CSSHTSSRTLIF,2,0.021739130434782608
CSSYAGRGTLIF,2,0.021739130434782608
CSSYAGRNTLIF,2,0.021739130434782608
CSSYPNLIF,5,0.05434782608695652
CSSYTNINTLIF,2,0.021739130434782608
CSSYTNVNTLIF,2,0.021739130434782608
CSSYTSVSSLIF,2,0.021739130434782608
CSSYTTTTSLIF,2,0.021739130434782608
CTSYTYTNVLIF,3,0.03260869565217391
CYSATEHTLIF,2,0.021739130434782608
