CDR3,count,relative.frequency
CAAGTTAFDIW,7,0.0457516339869281
CAARDTALTFDHW,2,0.013071895424836602
CAHPFYYFDFW,2,0.013071895424836602
CAHPLYYLDSW,2,0.013071895424836602
CAHSHYRDYSFDSW,2,0.013071895424836602
CAKGIADTDYFDKW,3,0.0196078431372549
CAKGVGDTDYFDSW,2,0.013071895424836602
CAKSLYYFDYW,30,0.19607843137254902
CARAIHGDAFDIW,4,0.026143790849673203
CARDPRGGGFDYW,7,0.0457516339869281
CARDYGDYVFDYW,4,0.026143790849673203
CAREEYGSAIDIW,2,0.013071895424836602
CAREIFNRGWFDPW,2,0.013071895424836602
CARGGFQHAFDFW,2,0.013071895424836602
CARMDGYYFDSW,2,0.013071895424836602
CARRTGTFDVW,2,0.013071895424836602
CARSGYSPQFYFDFW,2,0.013071895424836602
CARVGSSWYSDYW,2,0.013071895424836602
CASGGGYLDHW,2,0.013071895424836602
CATDTDYAVDIW,2,0.013071895424836602
CATGGGYLDHW,2,0.013071895424836602
CATGSRLDYW,2,0.013071895424836602
CATRYYYYGMDVW,2,0.013071895424836602
CAYYFDTW,2,0.013071895424836602
CDAW,2,0.013071895424836602
CFDHW,4,0.026143790849673203
CGADVYYFDYW,2,0.013071895424836602
CSRESYYYYMDVW,3,0.0196078431372549
CSRSNCPFDDW,2,0.013071895424836602
CSRVLGFDYW,2,0.013071895424836602
CSRVVGFDYW,5,0.032679738562091505
CSSGSCEDAFDVW,2,0.013071895424836602
CSSTSCTHDYW,5,0.032679738562091505
CTRGDFDSW,2,0.013071895424836602
CTRGSCSTAFDSW,2,0.013071895424836602
CTRNRAYDALDYW,6,0.0392156862745098
CTTTRCIDAFDVW,2,0.013071895424836602
CTTTVRAGEFDYW,2,0.013071895424836602
CVRDFSGDFDFW,2,0.013071895424836602
CVRDRDGIPFDNW,2,0.013071895424836602
CVREVPGSGFFDYW,2,0.013071895424836602
CVRGPNTEFDYW,2,0.013071895424836602
CVRGSSGWLAFDYW,5,0.032679738562091505
CVRVANRYFDVW,2,0.013071895424836602
CVTGVCYFPFW,2,0.013071895424836602
CYSAQYFEEW,2,0.013071895424836602
CYSDDAFDVW,2,0.013071895424836602
