CDR3,count,relative.frequency
CASGDQGTNYGYTF,2,0.09523809523809523
CASRHSQETQYF,4,0.19047619047619047
CASSLAAYEQYF,3,0.14285714285714285
CASSREPTDTQYF,2,0.09523809523809523
CASSRSGEQPQHF,3,0.14285714285714285
CASSSAHYGYTF,2,0.09523809523809523
CSVEDRVYEQYF,5,0.23809523809523808
