CDR3,count,relative.frequency
CAAGLPQGGLGF,2,0.011560693641618497
CAAGTSGF,22,0.12716763005780346
CAANSDHLNF,4,0.023121387283236993
CAARVAFSEALVF,5,0.028901734104046242
CAAWDDSMNVLF,2,0.011560693641618497
CAKLISIANF,2,0.011560693641618497
CARDKALGF,5,0.028901734104046242
CATGTSGF,4,0.023121387283236993
CDSFRNRLYVF,2,0.011560693641618497
CESASYPEGNF,52,0.30057803468208094
CFLLLGTKLPRF,2,0.011560693641618497
CGSPEAF,4,0.023121387283236993
CGSQAFIPVTF,2,0.011560693641618497
CHQYYSLLTF,2,0.011560693641618497
CISFLFFSFF,3,0.017341040462427744
CKESVCCACF,2,0.011560693641618497
CLLGRIVLRVGF,2,0.011560693641618497
CLLLAQQNF,5,0.028901734104046242
CLLLCERHGF,2,0.011560693641618497
CLLSHLIFLTFRF,2,0.011560693641618497
CMQGRHWPFTF,4,0.023121387283236993
CPVPPF,3,0.017341040462427744
CQHYYSLLTF,2,0.011560693641618497
CQPYDTPPYTF,4,0.023121387283236993
CQQFYTPPYTF,3,0.017341040462427744
CQTWDNNVYFF,4,0.023121387283236993
CQTWDSNTYFF,16,0.09248554913294797
CSSYTTITTYVF,2,0.011560693641618497
CVFLVRRFCCF,2,0.011560693641618497
CVSIFDQFFNF,5,0.028901734104046242
CVTFINTLSFF,2,0.011560693641618497
