CDR3,count,relative.frequency
CAASIYEQYF,3,0.09090909090909091
CASRPWAAEEAFF,4,0.12121212121212122
CASSAPGNTEAFF,2,0.06060606060606061
CASSATGKTEAFF,2,0.06060606060606061
CASSFAGATYEQYF,7,0.21212121212121213
CASSLGQNEQYF,4,0.12121212121212122
CASSPGRNYGYTF,2,0.06060606060606061
CASSVSGGSYEQYF,5,0.15151515151515152
CASSYNEQFF,4,0.12121212121212122
