CDR3,count,relative.frequency
CAKGWWLAGFDYW,13,0.07262569832402235
CAKGWWLSGFDYW,9,0.05027932960893855
CAKSVYGYYYYDYW,11,0.061452513966480445
CARDLTATPFDYW,2,0.0111731843575419
CARDRRDGSSDYW,2,0.0111731843575419
CARDVHYAFDIW,3,0.01675977653631285
CARDVVQLDYW,8,0.0446927374301676
CAREILGQFDYW,2,0.0111731843575419
CAREIVGGDYW,2,0.0111731843575419
CARENFQNWFDPW,3,0.01675977653631285
CARERYSGAFDIW,11,0.061452513966480445
CARERYTSGCDYW,3,0.01675977653631285
CARESGDPFDLW,7,0.03910614525139665
CARGWGRASAFDIW,40,0.22346368715083798
CARLHWGAFDYW,5,0.027932960893854747
CARNARGWFDPW,3,0.01675977653631285
CARVSGNWFFDLW,8,0.0446927374301676
CARVYKGAFDMW,7,0.03910614525139665
CASLSAPLDYW,2,0.0111731843575419
CATRITWFDHW,3,0.01675977653631285
CATSPERGADYW,2,0.0111731843575419
CATTHSSSWHFDYW,6,0.0335195530726257
CGAFDKW,14,0.0782122905027933
CSAGFCPSYDYW,2,0.0111731843575419
CTALVCNNWFDPW,5,0.027932960893854747
CTTDRLTGNLDYW,3,0.01675977653631285
CTTYSFAERFDFW,3,0.01675977653631285
