CDR3,count,relative.frequency
CGSYTTRRSVIF,2,0.3333333333333333
CLQHNTDKITF,2,0.3333333333333333
CMQSIQLPLIF,2,0.3333333333333333
