CDR3,count,relative.frequency
CAKDAYEDYYFDYW,3,0.008379888268156424
CAKEGEGAFDIW,3,0.008379888268156424
CAKGGFDIW,3,0.008379888268156424
CAKGHSIDYW,3,0.008379888268156424
CALYYYYYMDVW,3,0.008379888268156424
CARARVGLPAPFDYW,6,0.01675977653631285
CARASYGTGYFDSW,4,0.0111731843575419
CARATSWGPFDYW,2,0.00558659217877095
CARDDTNFDYW,23,0.06424581005586592
CARDFSRSIPFDYW,2,0.00558659217877095
CARDPTAWDYW,3,0.008379888268156424
CARDSAYSAFDIW,6,0.01675977653631285
CARDYGDYVFDYW,20,0.055865921787709494
CARDYGDYVLDYW,5,0.013966480446927373
CARDYVDHW,3,0.008379888268156424
CARDYVDYW,24,0.0670391061452514
CARFDPW,2,0.00558659217877095
CARIQWRTFAYW,14,0.03910614525139665
CARRFGDYW,5,0.013966480446927373
CARVGGHTPDYW,10,0.027932960893854747
CARVRGPAFDIW,8,0.0223463687150838
CATLESRTLDYW,14,0.03910614525139665
CATPAWSYLDVW,2,0.00558659217877095
CATPPWSYLDGW,2,0.00558659217877095
CATPPWSYLDVW,106,0.29608938547486036
CATPPWSYLDXW,6,0.01675977653631285
CATPXWSYLDVW,8,0.0223463687150838
CATXPWSYLDVW,22,0.061452513966480445
CAXPPWSYLDVW,14,0.03910614525139665
CDYW,5,0.013966480446927373
CFDYW,3,0.008379888268156424
CSDFDFW,2,0.00558659217877095
CSGATCYPFDYW,2,0.00558659217877095
CSGSSCFDIW,5,0.013966480446927373
CSRGSCLDVSDIW,4,0.0111731843575419
CTRINCPLDYW,5,0.013966480446927373
CXRDDTNFDYW,6,0.01675977653631285
