CDR3,count,relative.frequency
CHQSYTSPYIF,2,0.09090909090909091
CHQYGSPPPLIF,4,0.18181818181818182
CQRSHTTPWIF,2,0.09090909090909091
CQVWDTDTVIF,12,0.5454545454545454
CSSFAGDNNLIF,2,0.09090909090909091
