CDR3,count,relative.frequency
CAGGFCYWDYW,3,0.013761467889908258
CAGGVVGAAFDYW,2,0.009174311926605505
CAKGGMRYLDYW,2,0.009174311926605505
CAKRGSAWYLDYW,3,0.013761467889908258
CARALEPPYYFDYW,2,0.009174311926605505
CARARPGHFDNW,2,0.009174311926605505
CARDGGAPAFDYW,2,0.009174311926605505
CAREALCDYW,7,0.03211009174311927
CAREDYGIDYW,2,0.009174311926605505
CAREGPNFAFDIW,3,0.013761467889908258
CARGDWNAFDSW,16,0.07339449541284404
CARGEAFLDYW,2,0.009174311926605505
CARGGGIYPMDYW,2,0.009174311926605505
CARGLAVTSEFDPW,2,0.009174311926605505
CARGPPFDIW,2,0.009174311926605505
CARHDVFLSHDYW,4,0.01834862385321101
CARHRSGFYLPDYW,2,0.009174311926605505
CARHWIYAFDFW,2,0.009174311926605505
CARIAAVVAADIW,2,0.009174311926605505
CARNQSEHFDYW,4,0.01834862385321101
CARTVVFDPW,4,0.01834862385321101
CARVAEDAFDFW,2,0.009174311926605505
CARVPGDGYIDYW,9,0.04128440366972477
CASSVGASDPIDYW,2,0.009174311926605505
CATDLGLAPFDHW,5,0.022935779816513763
CATDLGLAPFDYW,2,0.009174311926605505
CATDPGGSFDHW,2,0.009174311926605505
CATGFAGAFDIW,2,0.009174311926605505
CATPVISRDAFDIW,2,0.009174311926605505
CAVSWDYW,8,0.03669724770642202
CCCADYVWFDPW,2,0.009174311926605505
CGMDVW,2,0.009174311926605505
CLDYW,2,0.009174311926605505
CLRAFDIW,53,0.24311926605504589
CSEGNCYSDYW,8,0.03669724770642202
CSRARNFYYFDHW,2,0.009174311926605505
CSSYSCHIDYW,5,0.022935779816513763
CTRDPHALDYW,2,0.009174311926605505
CTTPDYW,2,0.009174311926605505
CVRDSRKYSFDYW,2,0.009174311926605505
CVREGAASDDAFDVW,2,0.009174311926605505
CVRGGYTYLEYW,8,0.03669724770642202
CVRNGLQFDYW,2,0.009174311926605505
CVRVSATALDYW,22,0.10091743119266056
