CDR3,count,relative.frequency
CARVERITIF,9,0.3333333333333333
CHHYGVSSPHIF,5,0.18518518518518517
CQAWDNDKLIF,6,0.2222222222222222
CQSFDARYVIF,2,0.07407407407407407
CQTWDTRTVIF,3,0.1111111111111111
CSCAGFSSLIF,2,0.07407407407407407
