CDR3,count,relative.frequency
CAARGWELLRFDYW,3,0.03571428571428571
CARAYRAFDYW,2,0.023809523809523808
CARCRQADAFDLW,2,0.023809523809523808
CARCRQADAYDIW,2,0.023809523809523808
CARDMDYDAFDIW,3,0.03571428571428571
CARDRDWNLDYW,4,0.047619047619047616
CARGHYAMDVW,4,0.047619047619047616
CARGLDTATDYW,2,0.023809523809523808
CARGLGINPFDYW,2,0.023809523809523808
CARGNIYSIYW,2,0.023809523809523808
CARRNWFDHW,2,0.023809523809523808
CARRRGGTSQFYYW,2,0.023809523809523808
CARSRDYYFDYW,2,0.023809523809523808
CARTLEDDAFGFW,2,0.023809523809523808
CARVASRRWFDPW,8,0.09523809523809523
CLGVNNWFDPW,5,0.05952380952380952
CSIFDFW,2,0.023809523809523808
CSISSAFDIW,8,0.09523809523809523
CTNGVCYMIDYW,2,0.023809523809523808
CTQYDYW,14,0.16666666666666666
CVDYW,5,0.05952380952380952
CVKTLSGAGFDYW,2,0.023809523809523808
CVRAESGTYSDYW,2,0.023809523809523808
CYYGVDVW,2,0.023809523809523808
