CDR3,count,relative.frequency
CALAPSSYEQYF,3,0.125
CASAKQGYGYTF,2,0.08333333333333333
CASRATAKNTEAFF,2,0.08333333333333333
CASSLGHPTEAFF,2,0.08333333333333333
CASSLSYEQYF,5,0.20833333333333334
CASSRETSYEQYF,2,0.08333333333333333
CASSWGPANQPQHF,2,0.08333333333333333
CSAIQGREQYF,2,0.08333333333333333
CSAKLSGTLTYEQYF,2,0.08333333333333333
CSARKRVPTDTQYF,2,0.08333333333333333
