CDR3,count,relative.frequency
CANRDWGTDTQYF,3,0.21428571428571427
CASSLSRGGYTF,3,0.21428571428571427
CASSQPGTKNGYTF,2,0.14285714285714285
CSYEQYF,3,0.21428571428571427
CSYNSPLHF,3,0.21428571428571427
