CDR3,count,relative.frequency
CAATYSSWTLDYW,7,0.03056768558951965
CAGDGDYPFWDYW,4,0.017467248908296942
CAGGVRNAFDPW,4,0.017467248908296942
CAGGVRNGFDPW,2,0.008733624454148471
CAILSSGGFDPW,7,0.03056768558951965
CARALDYW,15,0.06550218340611354
CARDDDGNLDYW,2,0.008733624454148471
CARDDLSELSFDYW,2,0.008733624454148471
CARDFQQGAFDYW,3,0.013100436681222707
CARDGETYYQFYW,3,0.013100436681222707
CAREDGVTGTTDYW,2,0.008733624454148471
CAREHYDNFLFDYW,3,0.013100436681222707
CARGGDWFDPW,3,0.013100436681222707
CARGGDWFGPW,3,0.013100436681222707
CARGGRIGDYW,2,0.008733624454148471
CARGPTGSFDAW,3,0.013100436681222707
CARGREWFGPW,7,0.03056768558951965
CARHGVSFDIW,2,0.008733624454148471
CARIRGSGGVDYW,3,0.013100436681222707
CARLSSGGFDYW,24,0.10480349344978165
CARRGLGAFDHW,3,0.013100436681222707
CARRHHGYDQFDYW,7,0.03056768558951965
CARRSYLKDYFDYW,2,0.008733624454148471
CARVGMASSIDYW,5,0.021834061135371178
CARVSGSGGFDYW,78,0.3406113537117904
CATGHVHYFDYW,4,0.017467248908296942
CATGLDRWLDYW,5,0.021834061135371178
CSALDVW,4,0.017467248908296942
CSGGDCFAFDYW,6,0.026200873362445413
CSGGRCYFDYW,3,0.013100436681222707
CSNSNEYGGYW,2,0.008733624454148471
CSTLLTIHFDSW,5,0.021834061135371178
CYARYTFDVW,2,0.008733624454148471
CYTYLQYFDYW,2,0.008733624454148471
