CDR3,count,relative.frequency
CARDGRPLWF,13,0.15476190476190477
CLQHKSYPYIF,2,0.023809523809523808
CQAWDKRHLIF,2,0.023809523809523808
CQAWDNKHLIF,6,0.07142857142857142
CQAWDNKNLIF,54,0.6428571428571429
CQAWDSRHLIF,2,0.023809523809523808
CSSYASTRPPIF,3,0.03571428571428571
CSSYTSSRTLIF,2,0.023809523809523808
