CDR3,count,relative.frequency
CASSFGLNQPQHF,2,0.13333333333333333
CASSYSAEHGYTF,4,0.26666666666666666
CQQYGRTF,2,0.13333333333333333
CSAIIFGGHTEAFF,2,0.13333333333333333
CSAYRSGNTYVF,2,0.13333333333333333
CSVSKTSTDTQYF,3,0.2
