CDR3,count,relative.frequency
CAFAVAGAFYYW,2,0.016666666666666666
CAGDCYLDYW,2,0.016666666666666666
CAHRPTSSFSLDYW,4,0.03333333333333333
CAKGGDHEPFDSW,2,0.016666666666666666
CAKGGGSWFHFDSW,2,0.016666666666666666
CAKVGVSGEVDYW,6,0.05
CARAELGDFDSW,6,0.05
CARDKVRFTYW,2,0.016666666666666666
CARDLRVFDVW,2,0.016666666666666666
CARDRIGTYHLYW,2,0.016666666666666666
CARELEGFDYW,2,0.016666666666666666
CARGASFFDYW,23,0.19166666666666668
CARGGAGSDYW,8,0.06666666666666667
CARGLAVYDAFDLW,2,0.016666666666666666
CARGRSADTFDQW,7,0.058333333333333334
CARGVDYLDYW,4,0.03333333333333333
CARILTRTGGFDYW,3,0.025
CARLEYDAFDIW,2,0.016666666666666666
CARNWNADYW,2,0.016666666666666666
CARNWNGDYW,2,0.016666666666666666
CARPGDYFAYW,2,0.016666666666666666
CARRSFAYYFDYW,2,0.016666666666666666
CARRYFDLW,7,0.058333333333333334
CDYW,3,0.025
CLALDALDIW,2,0.016666666666666666
CMDVW,3,0.025
CSRGFDYW,6,0.05
CSRGSDYW,2,0.016666666666666666
CSRRFDYW,2,0.016666666666666666
CSSRAFDPW,2,0.016666666666666666
CTSLFTFDIW,2,0.016666666666666666
CYFDYW,2,0.016666666666666666
