CDR3,count,relative.frequency
CAGHCQTGFDDW,2,0.01639344262295082
CAKGTRTFDYW,2,0.01639344262295082
CALNLDYW,10,0.08196721311475409
CARADWGSIDYW,2,0.01639344262295082
CARALDYW,5,0.040983606557377046
CARDHRTIWAFDIW,2,0.01639344262295082
CARDLNWGYEAYW,2,0.01639344262295082
CARHQDYVFDYW,2,0.01639344262295082
CARLAGIPDYFDPW,2,0.01639344262295082
CARSSSWVFDSW,4,0.03278688524590164
CDYW,4,0.03278688524590164
CGGGSCYWFDPW,2,0.01639344262295082
CQHW,13,0.10655737704918032
CRAGAEHFEHW,20,0.16393442622950818
CSFTTCHNWIDPW,2,0.01639344262295082
CSHSTCYNWIDPW,2,0.01639344262295082
CSHTTCYNWIDPW,2,0.01639344262295082
CSLTTCHNWIDPW,2,0.01639344262295082
CSPSTCYNWMDPW,2,0.01639344262295082
CSSEDDAFDIW,2,0.01639344262295082
CSSPNCYYDSW,2,0.01639344262295082
CSVSTCYNWIDPW,3,0.02459016393442623
CTRVPYPGLPFDFW,2,0.01639344262295082
CTTKYVDSW,2,0.01639344262295082
CVGEFTGERDYW,6,0.04918032786885246
CVGGSYFDQW,7,0.05737704918032787
CVKGILRYNFQYW,6,0.04918032786885246
CVRIGHIGVDAFDMW,2,0.01639344262295082
CW,6,0.04918032786885246
CYSGWFDPW,2,0.01639344262295082
