CDR3,count,relative.frequency
CASSFGREEAFF,3,0.028037383177570093
CASWPEGYTF,2,0.018691588785046728
CQQYNYLYTF,102,0.9532710280373832
