CDR3,count,relative.frequency
CAIRSGAYEQYF,2,0.3333333333333333
CASSLAAGNEQFF,2,0.3333333333333333
CISDELQYF,2,0.3333333333333333
