CDR3,count,relative.frequency
CAKEYGGYLFEYW,2,0.07692307692307693
CAKGGSGSHIDYW,4,0.15384615384615385
CAKGGSGWYWDYW,2,0.07692307692307693
CAKRSDYYYAMDVW,4,0.15384615384615385
CARLIDYW,2,0.07692307692307693
CATIDYW,3,0.11538461538461539
CSAGWYRDFW,2,0.07692307692307693
CTTCYGKAMDVW,2,0.07692307692307693
CYRVEGYSFDYW,5,0.19230769230769232
