CDR3,count,relative.frequency
CASSFTENTEAFF,20,0.8333333333333334
CASSLYHGDEQYF,2,0.08333333333333333
CSATRGIGELFF,2,0.08333333333333333
