CDR3,count,relative.frequency
CARDRFGIF,2,0.010526315789473684
CARGTDRTIF,3,0.015789473684210527
CARPIF,23,0.12105263157894737
CARPSSF,4,0.021052631578947368
CARVTIF,9,0.04736842105263158
CASLTSSRPIF,4,0.021052631578947368
CASWDDRLTGLIF,2,0.010526315789473684
CASYTGTSTLIF,2,0.010526315789473684
CCSHAGRYTLIF,4,0.021052631578947368
CCSYAGISLIF,2,0.010526315789473684
CCSYAGSRGVIF,4,0.021052631578947368
CCSYSSSYSLIF,3,0.015789473684210527
CFLSHSGGRPGIF,2,0.010526315789473684
CLHYDSYPFIF,2,0.010526315789473684
CLHYNNWPLIF,2,0.010526315789473684
CLQTYLRPYTF,4,0.021052631578947368
CMAGINLIF,16,0.08421052631578947
CQAWDNSDLIF,5,0.02631578947368421
CQAWDSRTLIF,2,0.010526315789473684
CQHMHGFPLIF,4,0.021052631578947368
CQHYSDWPPIF,2,0.010526315789473684
CQHYSHPYIF,2,0.010526315789473684
CQHYYARPLTF,2,0.010526315789473684
CQKYSSAPFIF,2,0.010526315789473684
CQQHHQIPYIF,2,0.010526315789473684
CQQHSAWPLLIF,2,0.010526315789473684
CQQKFGIPFIF,3,0.015789473684210527
CQQSNSVPLIF,2,0.010526315789473684
CQQYDHDPLIF,2,0.010526315789473684
CQQYSERPLVF,6,0.031578947368421054
CQSYDYRGVIF,3,0.015789473684210527
CQTWDNATLIF,2,0.010526315789473684
CQVWDSRTDHLIF,2,0.010526315789473684
CSSYTTRSTIF,2,0.010526315789473684
CTKNLRVTIF,2,0.010526315789473684
CTSKAGDKLIF,41,0.21578947368421053
CTSSVRVDKLLF,4,0.021052631578947368
CVEATQWPLIF,5,0.02631578947368421
CVIWHNDALIF,5,0.02631578947368421
