CDR3,count,relative.frequency
CAAGVGATDFGYW,2,0.005813953488372093
CAALFWGDTFDIW,11,0.03197674418604651
CAQGYWFDSW,3,0.00872093023255814
CARALPQSDYW,24,0.06976744186046512
CARDASGSFDYW,12,0.03488372093023256
CARDGGDYW,4,0.011627906976744186
CARDGNYGDYFDHW,5,0.014534883720930232
CARDINGGYFDYW,12,0.03488372093023256
CARDLNGEFDYW,10,0.029069767441860465
CAREDFGSGRSDYW,2,0.005813953488372093
CARERLGNYDFDYW,13,0.0377906976744186
CARERLGYYDFDSW,3,0.00872093023255814
CARERVQTDGFDIW,5,0.014534883720930232
CARGGTWSFDYW,2,0.005813953488372093
CARGGVVEPFDYW,18,0.05232558139534884
CARGKGDYALYW,5,0.014534883720930232
CARHTLQLGNDYW,3,0.00872093023255814
CARHTSWYFSHW,4,0.011627906976744186
CARKVLDAFDIW,48,0.13953488372093023
CARQLPVYYFDYW,3,0.00872093023255814
CARRTTTRVFDYW,3,0.00872093023255814
CARTSAGSFDYW,2,0.005813953488372093
CASGKALDIW,3,0.00872093023255814
CASGTAFDIW,24,0.06976744186046512
CATSPGYFDSW,10,0.029069767441860465
CATTWLRAFDIW,3,0.00872093023255814
CATWWELRFDHW,4,0.011627906976744186
CQAEYFQDW,21,0.061046511627906974
CSGANCFSFVDYW,3,0.00872093023255814
CSGGSCPLYDYW,7,0.020348837209302327
CTRHYGLTPFDYW,17,0.04941860465116279
CTRVADGMFDYW,18,0.05232558139534884
CTTDFGGAPDYW,12,0.03488372093023256
CTTSARRALDYW,2,0.005813953488372093
CVGGGYYFDYW,4,0.011627906976744186
CVRTDWFDPW,4,0.011627906976744186
CVTAAGINWFDPW,2,0.005813953488372093
CYKSGAFDIW,14,0.040697674418604654
CYSGWIDSW,2,0.005813953488372093
