CDR3,count,relative.frequency
CAKGF,2,0.0036429872495446266
CESASYPEGNF,484,0.8816029143897997
CGKDSSGF,2,0.0036429872495446266
CHLTARAAAAAAAGF,2,0.0036429872495446266
CHQYYHPLHTF,2,0.0036429872495446266
CHQYYTVPQTF,2,0.0036429872495446266
CLLFYRTRFQGF,2,0.0036429872495446266
CLLLCERLILCVGF,4,0.007285974499089253
CQHRGHWPPTF,2,0.0036429872495446266
CQHYDDLLSTF,2,0.0036429872495446266
CQHYHSSGWTF,2,0.0036429872495446266
CQNYDDLQSTF,2,0.0036429872495446266
CQQFHEWPRTF,2,0.0036429872495446266
CQQHADLPTF,4,0.007285974499089253
CQQHASLPTF,2,0.0036429872495446266
CQQHHNVPGF,10,0.018214936247723135
CQQLFVTPFTF,3,0.00546448087431694
CQQRTSWPRTF,4,0.007285974499089253
CQQSANSLYTF,2,0.0036429872495446266
CQQSYSTPTF,2,0.0036429872495446266
CQQYAMSPITF,4,0.007285974499089253
CQSADKRGIVTF,2,0.0036429872495446266
CQTWKENSGVF,4,0.007285974499089253
CSSSTTTGTLAF,2,0.0036429872495446266
