CDR3,count,relative.frequency
CAAGQNYRFDIW,2,0.005681818181818182
CAKALSGSGDYW,4,0.011363636363636364
CAKDRLGHGYFDKW,2,0.005681818181818182
CAKDSDRGYFNYW,6,0.017045454545454544
CAKDVW,3,0.008522727272727272
CAKEHTSNWFAPW,8,0.022727272727272728
CAKERLRNFDYW,25,0.07102272727272728
CAKVPFDIW,2,0.005681818181818182
CALGNSDYW,2,0.005681818181818182
CARAKYFDPW,6,0.017045454545454544
CARAKYYDPW,8,0.022727272727272728
CARGDRKLGDAFDIW,2,0.005681818181818182
CARGGYYPVNFDYW,17,0.048295454545454544
CARGLYGYAFDSW,22,0.0625
CARGVDYW,3,0.008522727272727272
CARGVIYKDALDIW,2,0.005681818181818182
CARGYGDYDFDLW,2,0.005681818181818182
CARKTRFGGKLDYW,3,0.008522727272727272
CARNSDMGYFDYW,220,0.625
CARNSDMGYFNYW,2,0.005681818181818182
CSSTRCYQDVW,2,0.005681818181818182
CSSTTCLIGFDYW,2,0.005681818181818182
CVKALSGSGDYW,5,0.014204545454545454
CVRNSDMGYFDYW,2,0.005681818181818182
