CDR3,count,relative.frequency
CASSLENSEAFF,2,0.09523809523809523
CASTYSGSSYEQYF,2,0.09523809523809523
CATTTSGYEQYF,2,0.09523809523809523
CEGSWVQYF,6,0.2857142857142857
CMHTLETQTF,4,0.19047619047619047
CQQTSSAPGYTF,2,0.09523809523809523
CQQYGPTF,3,0.14285714285714285
