CDR3,count,relative.frequency
CSNQPQHF,9,0.6923076923076923
CSYEQYF,4,0.3076923076923077
