CDR3,count,relative.frequency
CQKYSSDPPLIF,2,0.1111111111111111
CQQCGTYPLTF,11,0.6111111111111112
CSSYARSNNLIF,2,0.1111111111111111
CSSYGSINNLIF,3,0.16666666666666666
