CDR3,count,relative.frequency
CARDLDGLRLIF,2,0.025974025974025976
CCSYAGPVIF,11,0.14285714285714285
CCSYTGTTTLIF,7,0.09090909090909091
CHQRGDRPLTF,2,0.025974025974025976
CHQRSDRPLTF,4,0.05194805194805195
CHQRTFRPLTF,2,0.025974025974025976
CIQNRHRPLTF,2,0.025974025974025976
CMQALQTPLIF,12,0.15584415584415584
CQQIRQRPLTF,3,0.03896103896103896
CQQYGTSPLIF,3,0.03896103896103896
CQSDDDTNLIF,17,0.22077922077922077
CQSFDGRNVIF,2,0.025974025974025976
CVLYMVSYLIF,2,0.025974025974025976
CYSTTDKGLF,2,0.025974025974025976
CYSTTDKPLF,6,0.07792207792207792
