CDR3,count,relative.frequency
CAAAFENYYFDYW,3,0.008310249307479225
CAKKRAADFDHW,2,0.00554016620498615
CAKRKAYGGIDYW,3,0.008310249307479225
CARARLDAFDIW,128,0.3545706371191136
CARDKVPDYW,33,0.09141274238227147
CARDNEAFDYW,6,0.01662049861495845
CARDNQAFDIW,8,0.0221606648199446
CARDRLGGFDHW,9,0.024930747922437674
CARDRXGGFDHW,2,0.00554016620498615
CARDSTLHAFDFW,12,0.0332409972299169
CARDSWHTLDYW,8,0.0221606648199446
CARDSWYTLDYW,2,0.00554016620498615
CAREGHSTWDYW,2,0.00554016620498615
CAREGWTNAFEIW,5,0.013850415512465374
CAREKQSLDAFDIW,3,0.008310249307479225
CARELDYW,2,0.00554016620498615
CARESGSXSYIDLW,3,0.008310249307479225
CARGGDDGLDIW,26,0.07202216066481995
CARGSGELDYW,4,0.0110803324099723
CARGVAVGGLDYW,8,0.0221606648199446
CARHTDVFDIW,10,0.027700831024930747
CARLNRNYLDYW,3,0.008310249307479225
CARQGGSQQDFDYW,4,0.0110803324099723
CARRFRFDYW,8,0.0221606648199446
CARRGGYYFDYW,10,0.027700831024930747
CARRNGNGFDVW,4,0.0110803324099723
CARRTAFDHW,3,0.008310249307479225
CARVDHGGWFDYW,2,0.00554016620498615
CARVHTGPWDYW,2,0.00554016620498615
CARVSMTMVWFDPW,2,0.00554016620498615
CASFSYGYSDYW,5,0.013850415512465374
CASLYFDYW,4,0.0110803324099723
CASPNCRRDYW,2,0.00554016620498615
CAVGAFDYW,2,0.00554016620498615
CFDYW,4,0.0110803324099723
CNRAGWFDSW,6,0.01662049861495845
CSSNGCYIDYW,2,0.00554016620498615
CSVIDYW,8,0.0221606648199446
CTHARCYAFDVW,2,0.00554016620498615
CTVGATDYW,2,0.00554016620498615
CVRDREGFDYW,3,0.008310249307479225
CVRDSALHAFDIW,4,0.0110803324099723
