CDR3,count,relative.frequency
CSNQPQHF,3,0.3333333333333333
CSYEQYF,6,0.6666666666666666
