CDR3,count,relative.frequency
CAARVAFSEALVF,3,0.00032837127845884414
CAAWDDSLNGWGF,2,0.00021891418563922942
CAAWDESLNGWGF,2,0.00021891418563922942
CAF,2,0.00021891418563922942
CAKEGF,8,0.0008756567425569177
CALPIWYRVLF,2,0.00021891418563922942
CALSGTWVIFGTF,2,0.00021891418563922942
CARYRNF,2,0.00021891418563922942
CAVEEAKASASPGF,5,0.0005472854640980736
CDSASYPEGNF,2,0.00021891418563922942
CEALNSEHPF,3,0.00032837127845884414
CESASFPEGNF,2,0.00021891418563922942
CESASHPEGNF,2,0.00021891418563922942
CESASNPEGNF,2,0.00021891418563922942
CESASSPEGNF,2,0.00021891418563922942
CESASYPAGNF,2,0.00021891418563922942
CESASYPEENF,4,0.00043782837127845885
CESASYPEGNF,8897,0.9738397548161121
CESASYPEGTF,2,0.00021891418563922942
CESASYPERNF,3,0.00032837127845884414
CESASYPGGNF,13,0.0014229422066549913
CESASYPKGNF,5,0.0005472854640980736
CESASYSEGNF,3,0.00032837127845884414
CESASYTEGNF,4,0.00043782837127845885
CESDSYPEGNF,2,0.00021891418563922942
CETASYPEGNF,2,0.00021891418563922942
CGALQGLYTTVDF,2,0.00021891418563922942
CGQRKAVF,2,0.00021891418563922942
CGSASYPEGNF,4,0.00043782837127845885
CGSFGGWGGF,2,0.00021891418563922942
CHQTFSDLWTF,3,0.00032837127845884414
CISFLFFSFF,4,0.00043782837127845885
CKSASYPEGNF,3,0.00032837127845884414
CLHICFALTQF,3,0.00032837127845884414
CLLPPAAVGF,2,0.00021891418563922942
CLQHNIFPSTF,2,0.00021891418563922942
CQHYDNYLLTF,2,0.00021891418563922942
CQQHNTWPRGF,2,0.00021891418563922942
CQQYDTSRYTF,6,0.0006567425569176883
CQQYNGDWTF,2,0.00021891418563922942
CQQYSNYWTF,30,0.0032837127845884414
CQSRVTF,63,0.006895796847635726
CTAMLAPGF,16,0.0017513134851138354
CTILNYCLSTF,2,0.00021891418563922942
CTSAVAHLLPGF,2,0.00021891418563922942
CVRGF,6,0.0006567425569176883
