CDR3,count,relative.frequency
CARGPWSTESYF,2,0.14285714285714285
CARTEAIF,2,0.14285714285714285
CASRYSRGTGELFF,2,0.14285714285714285
CASSSRDSGGYEQYF,2,0.14285714285714285
CATARNTEAFF,2,0.14285714285714285
CSSYLSSNTITF,2,0.14285714285714285
CSYNEQFF,2,0.14285714285714285
