CDR3,count,relative.frequency
CALPIWNSGNTPLVF,2,0.13333333333333333
CAMREGNSGTYKYIF,2,0.13333333333333333
CGCENSGGSNYKLTF,3,0.2
CGGVTQGGSEKLVF,2,0.13333333333333333
CGMDSSYKLIF,4,0.26666666666666666
CQTGANNLFF,2,0.13333333333333333
