CDR3,count,relative.frequency
CASSFDLGYGYTF,10,0.8333333333333334
CVLGNYGYF,2,0.16666666666666666
