CDR3,count,relative.frequency
CASSLERVSYEQYF,5,0.3333333333333333
CASSPQSYEQYF,2,0.13333333333333333
CASSQEGGYTF,8,0.5333333333333333
