CDR3,count,relative.frequency
CASSATGGTEAFF,4,0.02072538860103627
CASSIPGYGYTF,2,0.010362694300518135
CASSQGPNYEQYF,2,0.010362694300518135
CASSSAGELFF,3,0.015544041450777202
CSSFTSTDTLLF,5,0.025906735751295335
CTSVPETNYF,177,0.917098445595855
