CDR3,count,relative.frequency
CAARPRRGDPDYW,4,0.0024449877750611247
CAKDKGVPLYFDYW,7,0.004278728606356968
CAKPFDYVW,660,0.4034229828850856
CAKTSGTYGFDYW,10,0.006112469437652812
CAKWFDPW,5,0.003056234718826406
CAMDVW,2,0.0012224938875305623
CANRGDAFDVW,2,0.0012224938875305623
CARDDNHAFDFW,455,0.2781173594132029
CARDPSAAGFDYW,3,0.0018337408312958435
CARDQYYGFDMW,8,0.004889975550122249
CAREWGARGQFDFW,6,0.003667481662591687
CARGERDGDFDYW,3,0.0018337408312958435
CARGEVGELFFDNW,2,0.0012224938875305623
CARGGDDYNTDYW,4,0.0024449877750611247
CARGLHDYIFDYW,3,0.0018337408312958435
CARGSGVDYW,21,0.012836185819070905
CARGVSGDFDYW,8,0.004889975550122249
CARGYPFFDYW,25,0.015281173594132029
CARGYPFIDYW,8,0.004889975550122249
CARHFSRGAWFDPW,3,0.0018337408312958435
CARHNWFDPW,134,0.08190709046454768
CARRGSYWDFDSW,3,0.0018337408312958435
CARRLVTVPFDSW,2,0.0012224938875305623
CARSEEEAPDYW,3,0.0018337408312958435
CARSPYQIFDSW,2,0.0012224938875305623
CARSVEGHFDYW,3,0.0018337408312958435
CARTLGWNYYFEYW,3,0.0018337408312958435
CARVAASGFDSW,19,0.011613691931540342
CASMTPEHFDYW,67,0.04095354523227384
CASMTPEPFDYW,2,0.0012224938875305623
CGRSLGAFDSW,2,0.0012224938875305623
CMDVW,12,0.007334963325183374
CMFHRRTFDYW,10,0.006112469437652812
CSLAFDPW,2,0.0012224938875305623
CSRGNCYSWFDPW,2,0.0012224938875305623
CSRGSCYKYFDYW,3,0.0018337408312958435
CSRIGSWLDSW,4,0.0024449877750611247
CSSTSCPLDYW,2,0.0012224938875305623
CTRGVFSDYW,2,0.0012224938875305623
CTRRGASDAFDVW,8,0.004889975550122249
CTRYGDYDGFDVW,7,0.004278728606356968
CVKGSRDAFQIW,2,0.0012224938875305623
CVRSLGAFDSW,99,0.06051344743276284
CVRVGWGGYPDYW,4,0.0024449877750611247
