CDR3,count,relative.frequency
CAGAEPRSSIF,4,0.3333333333333333
CTRDSIF,8,0.6666666666666666
