CDR3,count,relative.frequency
CAGQNDFLFDPW,5,0.01529051987767584
CAHALMYSYFDYW,4,0.012232415902140673
CAIGETFGYW,2,0.0061162079510703364
CAKQYVDCW,2,0.0061162079510703364
CARASGGFDYW,8,0.024464831804281346
CARAYDADNWFDPW,2,0.0061162079510703364
CARDGFRDGMDVW,8,0.024464831804281346
CARDQLARPFDYW,2,0.0061162079510703364
CARGAARLIDYW,2,0.0061162079510703364
CARGDWFDPW,2,0.0061162079510703364
CARGEGALDWFDPW,20,0.06116207951070336
CARGFPFFDNW,48,0.14678899082568808
CARGLRFDAW,2,0.0061162079510703364
CARGLRFDVW,2,0.0061162079510703364
CARGTGALDWFDPW,16,0.04892966360856269
CARLLDYW,2,0.0061162079510703364
CARQYSSSSEHDYW,3,0.009174311926605505
CARSGTGDFDYW,4,0.012232415902140673
CARTQPGAYFDYW,16,0.04892966360856269
CARTRPGAYFDYW,2,0.0061162079510703364
CARTTLELNFDYW,6,0.01834862385321101
CASDGFDYW,4,0.012232415902140673
CASDRGWEPFDYW,8,0.024464831804281346
CATGQLVNLDYW,19,0.0581039755351682
CGRLLDYW,91,0.2782874617737003
CSRSARLFQYW,3,0.009174311926605505
CTGFGFDSW,3,0.009174311926605505
CTIGETFGYW,11,0.03363914373088685
CTSLLLGQWFDPW,5,0.01529051987767584
CTTDGGDVW,4,0.012232415902140673
CTTDLGGYPDYW,2,0.0061162079510703364
CVKADSSSGAFDIW,4,0.012232415902140673
CVKGPPADYW,2,0.0061162079510703364
CVSGDYW,6,0.01834862385321101
CYTSTGAWFDPW,7,0.021406727828746176
