CDR3,count,relative.frequency
CAAAKDWGWYFDLW,10,0.14925373134328357
CARATPPASFDYW,8,0.11940298507462686
CARDIGKLLWFDPW,2,0.029850746268656716
CARDSGWFDLW,2,0.029850746268656716
CARGGQLFDHW,3,0.04477611940298507
CARGQVLWYFDLW,3,0.04477611940298507
CARGSYPFDW,4,0.05970149253731343
CARRRTTDWLDPW,4,0.05970149253731343
CARTDRGAFDIW,2,0.029850746268656716
CARVIFRKWYFDLW,6,0.08955223880597014
CSGGSCRYYFDYW,3,0.04477611940298507
CSRTLDYW,6,0.08955223880597014
CVRDLGWAFDIW,9,0.13432835820895522
CVRGGPYFDYW,3,0.04477611940298507
CVSERAGAFHIW,2,0.029850746268656716
