CDR3,count,relative.frequency
CASKGASSYEQYF,2,0.0425531914893617
CASLPRTGDTEAFF,2,0.0425531914893617
CASSIDRGVYGYTF,2,0.0425531914893617
CASSLAHGYEQYF,8,0.1702127659574468
CASSLANYGYTF,2,0.0425531914893617
CASSLDGDQETQYF,2,0.0425531914893617
CASSLDSEQYF,2,0.0425531914893617
CASSLELDEQYF,12,0.2553191489361702
CASSPGDYEQYF,2,0.0425531914893617
CASSPTDYYNEQFF,2,0.0425531914893617
CASSQGTVETQYF,4,0.0851063829787234
CASSQGYGYGYTF,2,0.0425531914893617
CASSQSEVYEQYF,3,0.06382978723404255
CSASGIFYGYTF,2,0.0425531914893617
