CDR3,count,relative.frequency
CAALGIESLFDYW,2,0.005305039787798408
CAHKGPTTYFDYW,2,0.005305039787798408
CAKGAGRLDYW,79,0.20954907161803712
CAKGAGYLDYW,12,0.03183023872679045
CALDVW,3,0.007957559681697613
CARAGMGTIDYW,3,0.007957559681697613
CARAVKLQCGDYW,3,0.007957559681697613
CARDDHFAMDVW,2,0.005305039787798408
CARDGTRGAFDYW,2,0.005305039787798408
CARDGYDFRAFDHW,95,0.2519893899204244
CARDNGGLDYW,3,0.007957559681697613
CAREDMAEAFDIW,7,0.01856763925729443
CARENGGLDYW,7,0.01856763925729443
CARFSMRKVDYW,5,0.013262599469496022
CARGAYFVYW,4,0.010610079575596816
CARGDGGVFDYW,24,0.0636604774535809
CARGGLIGGDYW,3,0.007957559681697613
CARGGYVLAFDIW,2,0.005305039787798408
CARGSGGADYW,4,0.010610079575596816
CARKLYAWWFDPW,4,0.010610079575596816
CARLPRSSGPDYW,8,0.021220159151193633
CARLVGATQFDYW,2,0.005305039787798408
CARRFSIRHFDYW,43,0.11405835543766578
CARSFDPW,8,0.021220159151193633
CARVREVGYFDYW,5,0.013262599469496022
CATTDFDYW,7,0.01856763925729443
CAVGAFDYW,7,0.01856763925729443
CLFLQDWFDSW,2,0.005305039787798408
CMDVW,4,0.010610079575596816
CSSVGCLYYFDYW,5,0.013262599469496022
CTTWLSSHFDYW,2,0.005305039787798408
CVKGVSQWDAFDVW,7,0.01856763925729443
CVREGYYVMDYW,5,0.013262599469496022
CVRENWYRNDYW,3,0.007957559681697613
CVRTTCYGGGDYW,3,0.007957559681697613
