CDR3,count,relative.frequency
CAGRDDWYFDVW,4,0.018433179723502304
CAKAGRGFDHW,6,0.027649769585253458
CAKIHTDAFEIW,4,0.018433179723502304
CAKIKTDAFEIW,3,0.013824884792626729
CAKPLSGPYFDNW,2,0.009216589861751152
CAKSWYFDDW,2,0.009216589861751152
CAKVDSSSWYWFDSW,8,0.03686635944700461
CALDIW,2,0.009216589861751152
CARAIYGDGDYW,2,0.009216589861751152
CARALTWVNFDYW,2,0.009216589861751152
CARATRGPDTFDIW,2,0.009216589861751152
CARCSGKPYYFDSW,2,0.009216589861751152
CARDGDYDGIDVW,4,0.018433179723502304
CARDGLLASDYW,2,0.009216589861751152
CARDKILDYW,2,0.009216589861751152
CARDPNDAFDIW,13,0.059907834101382486
CARDPTLRWFDYW,7,0.03225806451612903
CARDQAPPNCFDPW,2,0.009216589861751152
CAREGYSTAFDIW,2,0.009216589861751152
CARELIPGGFDPW,2,0.009216589861751152
CARGHRRDYW,28,0.12903225806451613
CARGLQSFDSW,2,0.009216589861751152
CARGQDWGPYFDYW,4,0.018433179723502304
CARGQLGRGDYW,2,0.009216589861751152
CARHQIASAFDYW,2,0.009216589861751152
CARIGGLAFDYW,3,0.013824884792626729
CARNMWQQPFDFW,2,0.009216589861751152
CARQRSNYHFDNW,3,0.013824884792626729
CARRFRLYALDVW,5,0.02304147465437788
CARRQWIYHSFDYW,2,0.009216589861751152
CARSRGYNGYFNYW,6,0.027649769585253458
CARVFDYVW,5,0.02304147465437788
CARYSGTKADYW,3,0.013824884792626729
CASLSAPLDYW,2,0.009216589861751152
CATYGYKYLRYFDYW,4,0.018433179723502304
CLRDNWLDPW,3,0.013824884792626729
CSARPDYW,2,0.009216589861751152
CSGGSCYHDYW,2,0.009216589861751152
CSGGTCYQDFW,4,0.018433179723502304
CSRSSCLFDYW,3,0.013824884792626729
CSSKRCYAFDIW,12,0.055299539170506916
CTRGFGYYDFW,2,0.009216589861751152
CTRRGSRRDFDYW,12,0.055299539170506916
CVRDGYFDYW,16,0.07373271889400922
CVRDVLSSSYLFDYW,3,0.013824884792626729
CVRFFDWSFDHW,2,0.009216589861751152
CVRHGYSSSFDNW,2,0.009216589861751152
CYLHHAFDIW,6,0.027649769585253458
CYSLNIFDHW,2,0.009216589861751152
