CDR3,count,relative.frequency
CARDGGETFYF,12,0.5217391304347826
CASF,4,0.17391304347826086
CASFRGYGYTF,2,0.08695652173913043
CASSTQGSGYTF,2,0.08695652173913043
CHQHFNYPYTF,3,0.13043478260869565
