CDR3,count,relative.frequency
CARDSVRRITIF,3,0.038461538461538464
CAREKGRITIF,20,0.2564102564102564
CARETIF,6,0.07692307692307693
CARFPRGDKLIF,2,0.02564102564102564
CARGPTIF,16,0.20512820512820512
CARGTIF,4,0.05128205128205128
CHHFGRPLTF,2,0.02564102564102564
CHQYNNWPLIF,3,0.038461538461538464
CQHYTKWPLIF,6,0.07692307692307693
CRLKIF,16,0.20512820512820512
