CDR3,count,relative.frequency
CASRGDYEQYF,2,0.0392156862745098
CASSDADTQYF,3,0.058823529411764705
CASSDLQPDTQYF,3,0.058823529411764705
CASSFLTASGYTF,3,0.058823529411764705
CASSLRTSYHEQFF,14,0.27450980392156865
CASSLSGQTEQFF,3,0.058823529411764705
CASSLTGLKTEAFF,3,0.058823529411764705
CASSNSLTDEQYF,2,0.0392156862745098
CASSPSGTDYEQYF,2,0.0392156862745098
CASSVDGYNEQFF,5,0.09803921568627451
CASTPGGGKEAFF,2,0.0392156862745098
CHSGYTF,2,0.0392156862745098
CSVEDYNEQFF,5,0.09803921568627451
CSVEVGIGTEAFF,2,0.0392156862745098
