CDR3,count,relative.frequency
CAAGSGWYYFDYW,6,0.011152416356877323
CAGAAGDYW,12,0.022304832713754646
CAKAMMATTFDYW,102,0.1895910780669145
CAKDQYWLLYLDYW,2,0.0037174721189591076
CAKFAGIQLWLDYW,16,0.02973977695167286
CAKGQLRFDYW,2,0.0037174721189591076
CAKMILATTFDNW,2,0.0037174721189591076
CAKVSVQTSCFDSW,6,0.011152416356877323
CARAHHENWFDPW,70,0.13011152416356878
CARDKATVTAYFDYW,37,0.0687732342007435
CARDLTWGAFDIW,5,0.00929368029739777
CARDPHGFDFW,2,0.0037174721189591076
CARDTYGGPFDYW,3,0.0055762081784386614
CARDVLAQFDYW,2,0.0037174721189591076
CARDVLTHFDYW,8,0.01486988847583643
CARDVLTQFDYW,2,0.0037174721189591076
CARDYGDYCFDYW,4,0.007434944237918215
CAREAYDAFDIW,19,0.03531598513011153
CARENIKNFDSW,2,0.0037174721189591076
CARETHEFHYFDFW,4,0.007434944237918215
CARGLYANYFDSW,3,0.0055762081784386614
CARGPYGDFYFDSW,3,0.0055762081784386614
CARGTDGMDVW,2,0.0037174721189591076
CARHHAAFKVFDYW,2,0.0037174721189591076
CARIAIVTSDFDQW,2,0.0037174721189591076
CARKGAWGNIDYW,5,0.00929368029739777
CARLPLGSYYFDSW,2,0.0037174721189591076
CARLPVGSYYFDSW,2,0.0037174721189591076
CARRADGYDIW,3,0.0055762081784386614
CARSDYYTFDYW,2,0.0037174721189591076
CARTVAMKWYFDLW,6,0.011152416356877323
CARVLGNFDYW,3,0.0055762081784386614
CARVNGWDAFHTW,3,0.0055762081784386614
CARVRDEGFDPW,27,0.05018587360594796
CARVWIHGFDYW,22,0.040892193308550186
CARWFGTLLDYW,11,0.020446096654275093
CASDYGDFFPDYW,19,0.03531598513011153
CASDYYYGMDVW,4,0.007434944237918215
CASGAGDYW,4,0.007434944237918215
CATSTPDYW,2,0.0037174721189591076
CATVHYYQFNYW,8,0.01486988847583643
CAYDHYYHSFDPW,3,0.0055762081784386614
CFDYW,12,0.022304832713754646
CLYDYDYW,10,0.01858736059479554
CMDVW,2,0.0037174721189591076
CQMSYFFDYW,8,0.01486988847583643
CSATSCYSFDYW,5,0.00929368029739777
CSETTCQSWLDSW,2,0.0037174721189591076
CSEWDFDLW,2,0.0037174721189591076
CSRAGCYAFDFW,7,0.013011152416356878
CSRDLGDYW,2,0.0037174721189591076
CSSGRCRAFEVW,8,0.01486988847583643
CSSIRCRKYFDYW,3,0.0055762081784386614
CTSTTCYVYFDHW,2,0.0037174721189591076
CTTDVEVMADYW,4,0.007434944237918215
CTTHSFDYW,2,0.0037174721189591076
CVAGLDYW,12,0.022304832713754646
CVKEVPRDVVFDYW,2,0.0037174721189591076
CVRDFGYW,2,0.0037174721189591076
CVREVPGGGFDYW,2,0.0037174721189591076
CVSGLDYW,5,0.00929368029739777
CVYYYYRDMDVW,2,0.0037174721189591076
