CDR3,count,relative.frequency
CAAWDDSLNGVVF,13,0.08333333333333333
CAAWDDSLSGVF,17,0.10897435897435898
CASYTSSSTLYVF,4,0.02564102564102564
CGTWDSSLSAGVF,2,0.01282051282051282
CLLSYSGVWVF,2,0.01282051282051282
CLSADSSATYVVF,2,0.01282051282051282
CNSRDSSGNHVF,10,0.0641025641025641
CQAWDSGTAVF,2,0.01282051282051282
CQAWDSSHVVF,2,0.01282051282051282
CQAWDSSTVVF,13,0.08333333333333333
CQAWDSTTVVF,9,0.057692307692307696
CQSADSSGAYGVF,2,0.01282051282051282
CQSADSSGPLKVF,4,0.02564102564102564
CQSADSSGTWVF,5,0.03205128205128205
CQSADSSGTYVVF,7,0.04487179487179487
CQSTDSSGTYQTF,2,0.01282051282051282
CQSTDSSGTYWVF,6,0.038461538461538464
CQSYDSSDHWVF,2,0.01282051282051282
CQSYDSSLSVWVF,2,0.01282051282051282
CQSYDTRLSGWVF,2,0.01282051282051282
CQSYGSSNSWVF,2,0.01282051282051282
CQTWATGTWVF,2,0.01282051282051282
CQTWSTGIWVF,9,0.057692307692307696
CQVWDSSADVVF,6,0.038461538461538464
CQVWDSSSDDQVF,2,0.01282051282051282
CQVWDSSSDHVVF,2,0.01282051282051282
CSSYTSSRTRVF,2,0.01282051282051282
CSSYTSSSGVF,2,0.01282051282051282
CSSYTSSSPLVVF,2,0.01282051282051282
CSSYTSSSTLVF,3,0.019230769230769232
CSSYTTSSTLVF,5,0.03205128205128205
CSSYTTSTTLYVF,3,0.019230769230769232
CVLYMGSGIVVF,2,0.01282051282051282
CYSAADIPVF,2,0.01282051282051282
CYSAADNDRVF,4,0.02564102564102564
