CDR3,count,relative.frequency
CAAVGAFDYW,7,0.01856763925729443
CAAVGDFDYW,4,0.010610079575596816
CAKEVSYSNFDYW,22,0.058355437665782495
CARAKHLGDYEDYW,2,0.005305039787798408
CARDHTYSRSSDYW,2,0.005305039787798408
CARDIMDVW,5,0.013262599469496022
CAREFDPW,2,0.005305039787798408
CARELVPAATFDYW,4,0.010610079575596816
CAREPRNSEYFQHW,2,0.005305039787798408
CARGDYGDPFDYW,3,0.007957559681697613
CARGSGTDAFDIW,3,0.007957559681697613
CARGWQYYAFDIW,3,0.007957559681697613
CARGYSEYDFDYW,2,0.005305039787798408
CDAFDIW,9,0.023872679045092837
CDSW,3,0.007957559681697613
CGALGDYW,12,0.03183023872679045
CSGISCYLDSW,2,0.005305039787798408
CSLAQFDYW,2,0.005305039787798408
CTGVCPFFDYW,6,0.015915119363395226
CTRHPDADNVW,2,0.005305039787798408
CTRYFDKW,13,0.034482758620689655
CTRYFDLW,4,0.010610079575596816
CYDYYYGLDVW,261,0.6923076923076923
CYTRWYFDLW,2,0.005305039787798408
