CDR3,count,relative.frequency
CAHRPLTIF,2,0.03508771929824561
CAREAIF,2,0.03508771929824561
CARRRIF,6,0.10526315789473684
CCSCTDKYTLIF,2,0.03508771929824561
CCSYAGRGSLIF,2,0.03508771929824561
CQHYDDRHLIF,27,0.47368421052631576
CQHYNRHPYIF,2,0.03508771929824561
CQKYSSAPYIF,2,0.03508771929824561
CSSYAGTNKLIF,2,0.03508771929824561
CSSYEGRRTLIF,6,0.10526315789473684
CTVISSLIF,2,0.03508771929824561
CYCATDDSLIF,2,0.03508771929824561
