CDR3,count,relative.frequency
CAARVAFSEALVF,4,0.003005259203606311
CAASGFSFSTF,3,0.002253944402704733
CAAWDSRQNLYVF,2,0.0015026296018031556
CARGNYF,10,0.007513148009015778
CARSSPF,5,0.003756574004507889
CESASNPEGNF,3,0.002253944402704733
CESASYAEGNF,2,0.0015026296018031556
CESASYPDGNF,4,0.003005259203606311
CESASYPEGNF,1196,0.898572501878287
CESASYPKGNF,3,0.002253944402704733
CESASYPVGNF,3,0.002253944402704733
CESASYPYGNF,2,0.0015026296018031556
CESASYSEGNF,2,0.0015026296018031556
CESDSYPEGNF,3,0.002253944402704733
CGADHGTGHNF,2,0.0015026296018031556
CHHYETF,2,0.0015026296018031556
CHQFYSGPRTF,2,0.0015026296018031556
CHQSGSYMYTF,2,0.0015026296018031556
CHQYYSISTF,2,0.0015026296018031556
CILYLGPRYGF,2,0.0015026296018031556
CISFLFFSFF,3,0.002253944402704733
CLLLAQQNF,2,0.0015026296018031556
CLQDYYYPRTF,2,0.0015026296018031556
CLQGIQWPPTF,2,0.0015026296018031556
CLQTYSLPPTF,3,0.002253944402704733
CLQYNEHWTF,4,0.003005259203606311
CMPAHRGRTF,2,0.0015026296018031556
CMQALQTPWTF,2,0.0015026296018031556
CQEGYRIPFTF,2,0.0015026296018031556
CQHLGTLMWTF,4,0.003005259203606311
CQHYDTSSTF,4,0.003005259203606311
CQQGLTTPRTF,2,0.0015026296018031556
CQQSFSSPYNF,2,0.0015026296018031556
CQQSYDTPITF,5,0.003756574004507889
CQQSYRTPRTF,4,0.003005259203606311
CQQTFDMHTF,2,0.0015026296018031556
CQQYGDPYTF,3,0.002253944402704733
CQQYHSSWTF,4,0.003005259203606311
CQRGYAAPFTF,2,0.0015026296018031556
CQVRDEESDHYVF,2,0.0015026296018031556
CQVWESYTVTF,3,0.002253944402704733
CRSYTTSRGVF,2,0.0015026296018031556
CSDVIIARCGF,2,0.0015026296018031556
CSSLLYLCCTF,2,0.0015026296018031556
CSSYRTGSYFVF,2,0.0015026296018031556
CTAMLAPGF,5,0.003756574004507889
CTRDTF,3,0.002253944402704733
CVKSGANYYF,2,0.0015026296018031556
