CDR3,count,relative.frequency
CAKVEHAGTFDHW,2,0.04081632653061224
CAKVGIAWLFDYW,2,0.04081632653061224
CAKVGVAWDFDYW,5,0.10204081632653061
CANVSRGDYFDTW,2,0.04081632653061224
CARDDERVFAYW,2,0.04081632653061224
CARDDERVFDYW,2,0.04081632653061224
CARDKAGLYYFDHW,2,0.04081632653061224
CARQPPSHAFDIW,2,0.04081632653061224
CARRVGNSRYDYW,2,0.04081632653061224
CASGAYFQSW,2,0.04081632653061224
CSGGICYYFDFW,4,0.08163265306122448
CSGGSCYAFDYW,2,0.04081632653061224
CSGGSGWTSDYW,2,0.04081632653061224
CSVGSCYAFDYW,2,0.04081632653061224
CTAVAFDIW,3,0.061224489795918366
CVRGSAMIDFDYW,2,0.04081632653061224
CVTDGDGGDYW,2,0.04081632653061224
CYEDELDYW,7,0.14285714285714285
CYGDELDYW,2,0.04081632653061224
