CDR3,count,relative.frequency
CASCTSTLSLIF,9,0.125
CASYTHKRTLIF,2,0.027777777777777776
CHHRWIRPLTF,2,0.027777777777777776
CHLFGSSPNIF,2,0.027777777777777776
CHQSYRYPYIF,2,0.027777777777777776
CHVWDSRAVIF,26,0.3611111111111111
CHVWESRPVIF,2,0.027777777777777776
CQAFSLIF,2,0.027777777777777776
CQQYDRYSPEIF,4,0.05555555555555555
CQQYNTYPLIF,2,0.027777777777777776
CQTWDNRRAIF,2,0.027777777777777776
CRLFGSSPNIF,2,0.027777777777777776
CSSFTSATTPLIF,4,0.05555555555555555
CSSYAGTDHVIF,4,0.05555555555555555
CSSYVLNKTLIF,2,0.027777777777777776
CSSYVLTKTLIF,5,0.06944444444444445
