CDR3,count,relative.frequency
CAEGPLYYYYMDVW,4,0.01568627450980392
CAKDVW,2,0.00784313725490196
CAKGQLWFHYFDNW,2,0.00784313725490196
CARAGSNDAFDLW,2,0.00784313725490196
CARALNYDFDSW,2,0.00784313725490196
CARAYSGIYPDYW,2,0.00784313725490196
CARDEFNSGDFDYW,2,0.00784313725490196
CARDKGWDAFDIW,3,0.011764705882352941
CARDRGFDYW,2,0.00784313725490196
CARDRRRGDYVDYW,5,0.0196078431372549
CARDYSGRGWFVPW,2,0.00784313725490196
CAREKSGFAFDIW,5,0.0196078431372549
CARGAGDALDVW,2,0.00784313725490196
CARGGDGWFDPW,10,0.0392156862745098
CARGQVGPPDYW,2,0.00784313725490196
CARGSSILDYW,2,0.00784313725490196
CARGYNSLYFDSW,2,0.00784313725490196
CARIWLKMSDYW,2,0.00784313725490196
CARNRFYFDPW,8,0.03137254901960784
CARNRFYFDSW,2,0.00784313725490196
CARRELTPNGFDIW,3,0.011764705882352941
CARRWFFDVW,2,0.00784313725490196
CARSEGYFDYW,14,0.054901960784313725
CARSRAFDVW,6,0.023529411764705882
CARSTSSYGFDLW,2,0.00784313725490196
CARTHGDYDVFDVW,2,0.00784313725490196
CARVADYGVFDYW,19,0.07450980392156863
CARYGMDWFDPW,5,0.0196078431372549
CASYKYYFDYW,2,0.00784313725490196
CATDHGLGIDYW,2,0.00784313725490196
CATNAFDYW,2,0.00784313725490196
CCAREHDNGDYW,2,0.00784313725490196
CIRHYGDYW,2,0.00784313725490196
CLADLDYW,7,0.027450980392156862
CLRYFDSYW,2,0.00784313725490196
CMDVW,2,0.00784313725490196
CSGDCHFDYW,2,0.00784313725490196
CSGGSCDGGFDYW,2,0.00784313725490196
CSLDSFDIW,43,0.16862745098039217
CSLEAFDVW,2,0.00784313725490196
CSRGSCHWFDPW,2,0.00784313725490196
CSSASCYAFDIW,2,0.00784313725490196
CSSSGFDYW,2,0.00784313725490196
CSTARGDYW,2,0.00784313725490196
CTNGVSTFDYW,4,0.01568627450980392
CTNLDYW,16,0.06274509803921569
CTSSGFDYW,2,0.00784313725490196
CTTESFDVW,2,0.00784313725490196
CTTRGEWNKFDPW,4,0.01568627450980392
CTTSGFDYW,2,0.00784313725490196
CVRDDTNFDYW,4,0.01568627450980392
CVRISNWKFDYW,2,0.00784313725490196
CVRIYNWKFDYW,2,0.00784313725490196
CVRPGRGAMDVW,4,0.01568627450980392
CVTSGFDYW,5,0.0196078431372549
CVYGSSPYSFDYW,12,0.047058823529411764
CYTEFDYW,2,0.00784313725490196
