CDR3,count,relative.frequency
CAKDMARGVIF,12,0.41379310344827586
CCSYGGSSTLIF,2,0.06896551724137931
CQMWVGREVIF,2,0.06896551724137931
CQQYFGNPPIF,3,0.10344827586206896
CVTDKKVF,2,0.06896551724137931
CWGRITIF,8,0.27586206896551724
