CDR3,count,relative.frequency
CAHDHYDLFDSW,2,0.028169014084507043
CAKESENGDYW,4,0.056338028169014086
CAKTGSSSFLDYW,2,0.028169014084507043
CARAPSRTYFDYW,2,0.028169014084507043
CARLRRSTAQFDYW,5,0.07042253521126761
CARMPGGFDAW,2,0.028169014084507043
CARQPPGEDYGDYW,2,0.028169014084507043
CARRSQLAHDYW,2,0.028169014084507043
CARTGSSSFLDYW,2,0.028169014084507043
CARTPGVFHAFDIW,4,0.056338028169014086
CATNAGYSLYW,2,0.028169014084507043
CAW,4,0.056338028169014086
CGSVFEYW,15,0.2112676056338028
CSGGKCDSFDYW,3,0.04225352112676056
CSPGFTYW,2,0.028169014084507043
CSRGSCYWFDPW,2,0.028169014084507043
CSRRHAFDIW,2,0.028169014084507043
CTSWIVGHFDHW,2,0.028169014084507043
CVRRTTGTNYFDYW,2,0.028169014084507043
CVRYGQNAFDIW,6,0.08450704225352113
CYFYLDHW,2,0.028169014084507043
CYWYMDLW,2,0.028169014084507043
