CDR3,count,relative.frequency
CNSFNGRGVIF,2,0.16666666666666666
CQKHDRPPLIF,2,0.16666666666666666
CQQRRSWPIIF,2,0.16666666666666666
CQQRRSWPTIF,2,0.16666666666666666
CQQSFTSPPIIF,2,0.16666666666666666
CSSSAGTNTLIF,2,0.16666666666666666
