CDR3,count,relative.frequency
CASRGNRVYEQYF,4,0.36363636363636365
CASSLKGLWGYTF,5,0.45454545454545453
CSSYTSGNTALF,2,0.18181818181818182
