CDR3,count,relative.frequency
CAHFHRPLWF,3,0.06521739130434782
CALYTSTATLIF,2,0.043478260869565216
CARATIF,2,0.043478260869565216
CARSTIF,2,0.043478260869565216
CCSFAGTSLIF,2,0.043478260869565216
CCSYKNTANLFF,4,0.08695652173913043
CGSYADSNILIF,3,0.06521739130434782
CGSYTTSSTLLIF,3,0.06521739130434782
CLEYDSLPYIF,2,0.043478260869565216
CLEYDTLPYIF,2,0.043478260869565216
CMQTLRTPPIF,4,0.08695652173913043
CQAWDGSPVIF,2,0.043478260869565216
CQAWDHSLLIF,2,0.043478260869565216
CQAWDNSRLIF,3,0.06521739130434782
CQQSYISPLIF,2,0.043478260869565216
CQSYDNTLLIF,4,0.08695652173913043
CSSYRGTDLRIF,2,0.043478260869565216
CVRTDLRIF,2,0.043478260869565216
