CDR3,count,relative.frequency
CAGGSCYPPDYW,3,0.02608695652173913
CARCPRRGSTCDYW,2,0.017391304347826087
CARDFAAGALDYW,2,0.017391304347826087
CARDGFSFDYW,7,0.06086956521739131
CARDKPHNWFDPW,2,0.017391304347826087
CAREEDGLDVW,2,0.017391304347826087
CAREYDSLVRFDYW,6,0.05217391304347826
CARGPRGALDVW,8,0.06956521739130435
CARLGNFRNFDYW,2,0.017391304347826087
CARRVSRTHFDYW,20,0.17391304347826086
CFSDDAFDIW,3,0.02608695652173913
CQQYNNYW,2,0.017391304347826087
CSAGRAFDIW,4,0.034782608695652174
CSGGSCHPPDYW,5,0.043478260869565216
CSGGSCYPPDYW,41,0.3565217391304348
CTTATCHHFDYW,2,0.017391304347826087
CYSLNAFDMW,2,0.017391304347826087
CYYYYNGMGVW,2,0.017391304347826087
