CDR3,count,relative.frequency
CGTWDSSLSVVVF,2,0.038461538461538464
CQSADSSGTSWGF,2,0.038461538461538464
CQSADSSGTSWVF,15,0.28846153846153844
CQSADTSGTYTVF,3,0.057692307692307696
CQTWGTGIRVF,9,0.17307692307692307
CSSRDSSGNHFVF,17,0.3269230769230769
CSSYTSSRTWVF,2,0.038461538461538464
CSSYTSSSTLVF,2,0.038461538461538464
