CDR3,count,relative.frequency
CAIPRDYW,6,0.05660377358490566
CALDIW,5,0.04716981132075472
CALDYW,2,0.018867924528301886
CARAPGAFDIW,16,0.1509433962264151
CARAPGAFDLW,5,0.04716981132075472
CAREENDFLDYW,3,0.02830188679245283
CAREGDQSLDYW,2,0.018867924528301886
CARHGGTFDSW,3,0.02830188679245283
CARRSGFSKVDYW,2,0.018867924528301886
CARSTGTSNWFDPW,2,0.018867924528301886
CARVNYFDYW,5,0.04716981132075472
CATRPGWFDPW,2,0.018867924528301886
CGGDCYAFDYW,7,0.0660377358490566
CQHW,5,0.04716981132075472
CSRGNCHSGAFDIW,2,0.018867924528301886
CSVYYFDYW,9,0.08490566037735849
CTRGRDYW,5,0.04716981132075472
CTRGVYYDAW,4,0.03773584905660377
CTRSDWFDPW,6,0.05660377358490566
CVRDMYGAEDYW,3,0.02830188679245283
CVRDMYGPDDYW,3,0.02830188679245283
CVRDRSDHFDYW,2,0.018867924528301886
CVREGDQSFDYW,3,0.02830188679245283
CYAEDAFDIW,2,0.018867924528301886
CYSENWFDPW,2,0.018867924528301886
