CDR3,count,relative.frequency
CARFTIF,8,0.25806451612903225
CCSSARSSTLIF,13,0.41935483870967744
CQHYDKMPLITF,2,0.06451612903225806
CQQTYRTLTF,2,0.06451612903225806
CQQYHKLPLIF,6,0.1935483870967742
