CDR3,count,relative.frequency
CARDTRGTIF,32,0.22857142857142856
CARLRPLPF,39,0.2785714285714286
CARSRLAIF,10,0.07142857142857142
CARVRPLPF,2,0.014285714285714285
CMQSLETPNIF,3,0.02142857142857143
CQAWDRNVIF,3,0.02142857142857143
CQHYHYYPYIF,2,0.014285714285714285
CQQYDSVPPIF,5,0.03571428571428571
CQTWDRSTLIF,42,0.3
CSSYAGTNKLIF,2,0.014285714285714285
