CDR3,count,relative.frequency
CAARVAFSEALVF,5,0.007680491551459293
CAGESVSNF,2,0.0030721966205837174
CAKDMGGF,4,0.006144393241167435
CAQTLQLPYTF,2,0.0030721966205837174
CARDSGVITF,2,0.0030721966205837174
CATRDPAAGRGF,2,0.0030721966205837174
CCSYGSNYVF,2,0.0030721966205837174
CESASYPEGNF,84,0.12903225806451613
CGAEAGGVPGGF,2,0.0030721966205837174
CHHYGSSRTF,3,0.004608294930875576
CHQYFISPRTF,2,0.0030721966205837174
CHQYRATPCTF,116,0.1781874039938556
CIHTVQWPWTF,5,0.007680491551459293
CISFLFFSFF,2,0.0030721966205837174
CMQGRQNPYTF,4,0.006144393241167435
CMQRVGFLHTF,2,0.0030721966205837174
CNSYTTSNTYIF,8,0.01228878648233487
CNSYTTSNTYVF,20,0.030721966205837174
CQEASIAPYTF,2,0.0030721966205837174
CQEASTVPFTF,9,0.013824884792626729
CQHSHSAPRTF,2,0.0030721966205837174
CQHYINYPYTF,2,0.0030721966205837174
CQQFSVSPWTF,2,0.0030721966205837174
CQQHGNSITF,7,0.010752688172043012
CQQHGNSLTF,31,0.047619047619047616
CQQLYTYPINF,4,0.006144393241167435
CQQTFSFPLTF,8,0.01228878648233487
CQQTYTIPPTF,2,0.0030721966205837174
CQQYATSYTF,14,0.021505376344086023
CQQYDESPPTF,2,0.0030721966205837174
CQQYDSLFTF,3,0.004608294930875576
CQQYDTAPPTF,30,0.04608294930875576
CQQYDTSPPTF,12,0.018433179723502304
CQQYGDRSLTF,46,0.0706605222734255
CQQYGTSPITF,2,0.0030721966205837174
CQQYKNFTWTF,17,0.026113671274961597
CQQYSSLWTF,2,0.0030721966205837174
CQQYSVSPWTF,22,0.03379416282642089
CQSWDRRIAVF,4,0.006144393241167435
CQTWDRRTAVF,6,0.009216589861751152
CSAHTTRGTDVF,94,0.1443932411674347
CSPWTGGGSGF,2,0.0030721966205837174
CSSFTTRNTDVF,3,0.004608294930875576
CTGHRYTF,2,0.0030721966205837174
CTRCPGTSSF,2,0.0030721966205837174
CTSYAGWDTYVF,3,0.004608294930875576
CTSYTKSSTYVF,2,0.0030721966205837174
CTTGF,6,0.009216589861751152
CVMQMCPGF,2,0.0030721966205837174
CVQHAKSPEIGF,9,0.013824884792626729
CVQTLQLPYTF,17,0.026113671274961597
CVRGGGF,11,0.016897081413210446
CYSYAGSYTF,2,0.0030721966205837174
