CDR3,count,relative.frequency
CAHERITIF,2,0.05405405405405406
CANRKTIF,4,0.10810810810810811
CARPLDF,3,0.08108108108108109
CASYAGSDKLVF,2,0.05405405405405406
CCSYTSRRTLIF,2,0.05405405405405406
CQTWDTSKAIF,2,0.05405405405405406
CQTWGTDILIF,19,0.5135135135135135
CTTDRITIF,3,0.08108108108108109
