CDR3,count,relative.frequency
CAADSRWTYDYW,3,0.04285714285714286
CAKFQGYGPDAFDIW,5,0.07142857142857142
CAKVTVTTIDYW,2,0.02857142857142857
CALSIDYWKFDPW,4,0.05714285714285714
CARDGSGNWFDPW,2,0.02857142857142857
CARDLGYSQFDYW,5,0.07142857142857142
CARDPWFGADYW,2,0.02857142857142857
CARDWMHDYW,4,0.05714285714285714
CARGGTNFDSW,2,0.02857142857142857
CARGTSGWFDPW,10,0.14285714285714285
CARGYSRGEFDLW,2,0.02857142857142857
CARRTADNWIFDNW,2,0.02857142857142857
CAVGPPFDYW,6,0.08571428571428572
CIPAEHYYSYW,2,0.02857142857142857
CVREVAASYFDPW,2,0.02857142857142857
CVRGGVDYW,5,0.07142857142857142
CW,12,0.17142857142857143
