CDR3,count,relative.frequency
CARDRGPIF,3,0.17647058823529413
CCSYTDSVIF,6,0.35294117647058826
CQQNYDRPLTF,2,0.11764705882352941
CSSYRTTIF,2,0.11764705882352941
CSSYTNRNSLIF,4,0.23529411764705882
