CDR3,count,relative.frequency
CASKHNRGYGYTF,2,0.05263157894736842
CASSFGMNTEAFF,2,0.05263157894736842
CASSIAGQETQYF,2,0.05263157894736842
CASSLGGSNEQFF,2,0.05263157894736842
CASSLQETQYF,7,0.18421052631578946
CASSPDTGELFF,2,0.05263157894736842
CASSWGGSDEQFF,2,0.05263157894736842
CATGTGSSGTEAFF,2,0.05263157894736842
CATSDRGYEQYF,2,0.05263157894736842
CESARSEAFF,2,0.05263157894736842
CQHLLNYPYTF,2,0.05263157894736842
CQHYHGYTF,2,0.05263157894736842
CSSYASGNTLVF,4,0.10526315789473684
CSVGTGIYEQYF,3,0.07894736842105263
CSVGTGWDQPQHF,2,0.05263157894736842
