CDR3,count,relative.frequency
CASRRTGNTEAFF,2,0.05714285714285714
CASSPAQGTYEQYF,4,0.11428571428571428
CASSYSSLRTYEQYF,4,0.11428571428571428
CMSAVQTEGYTF,23,0.6571428571428571
CSNRPYTF,2,0.05714285714285714
