CDR3,count,relative.frequency
CARAALFDWFDPW,3,0.05
CAREDSTGSFDYW,6,0.1
CAREKLGAFDIW,5,0.08333333333333333
CARFSGSAFDYW,5,0.08333333333333333
CARGSELVDAFDLW,2,0.03333333333333333
CARLRDGYLDXW,2,0.03333333333333333
CARLRDGYLDYW,3,0.05
CARSTWYLDYW,7,0.11666666666666667
CATAVDTDGFDIW,2,0.03333333333333333
CATLAPFDYW,10,0.16666666666666666
CATSYDYVWGAFDYW,4,0.06666666666666667
CATXIFHGAFDIW,2,0.03333333333333333
CLDYW,2,0.03333333333333333
CTHAIDDFQYW,2,0.03333333333333333
CTRDVGVAGNWDYW,3,0.05
CVRLYARYW,2,0.03333333333333333
