CDR3,count,relative.frequency
CAAGDVFDIW,7,0.028688524590163935
CAGDYGEGLWDYW,2,0.00819672131147541
CAKDLWQYDAFDLW,2,0.00819672131147541
CAKESRWYFDLW,3,0.012295081967213115
CAKFDYDYVW,2,0.00819672131147541
CALDVW,23,0.0942622950819672
CALLHLYFDHW,2,0.00819672131147541
CARANDYAAYW,3,0.012295081967213115
CARDDRQDAFDIW,2,0.00819672131147541
CARDEGGFDPW,2,0.00819672131147541
CARDFGLTLRDYW,2,0.00819672131147541
CARDPGGAGELDYW,3,0.012295081967213115
CARDPNGDWDYW,4,0.01639344262295082
CARDPYDDTQFDIW,3,0.012295081967213115
CARFSGSYFWFDPW,2,0.00819672131147541
CARGAFRDGYFDYW,4,0.01639344262295082
CARGDLYYYGMDVW,4,0.01639344262295082
CARGEGNFHYW,56,0.22950819672131148
CARGGDYDDYW,2,0.00819672131147541
CARGGWYVDYW,2,0.00819672131147541
CARGPSGWYFDYW,2,0.00819672131147541
CARGRFWIDSW,2,0.00819672131147541
CARGYSYVLDYW,2,0.00819672131147541
CARKVWPGAFDIW,2,0.00819672131147541
CARLPASAFDIW,3,0.012295081967213115
CARLYSRRAFDIW,3,0.012295081967213115
CARRAGNFDYW,2,0.00819672131147541
CARRRATGYYFDSW,2,0.00819672131147541
CARRSTWEAFDIW,5,0.020491803278688523
CARSGYLDYW,2,0.00819672131147541
CARSPSWNDLFDYW,2,0.00819672131147541
CARVDESFDYW,2,0.00819672131147541
CARVDFDYVW,2,0.00819672131147541
CARYGSSSWYYFDSW,2,0.00819672131147541
CATIHVDTANDYW,4,0.01639344262295082
CAVYALDVW,2,0.00819672131147541
CSGGSCCLAFDIW,2,0.00819672131147541
CSGGSCSSFDYW,8,0.03278688524590164
CSGGSCYDYW,8,0.03278688524590164
CSRPTCFAYW,7,0.028688524590163935
CSSTSCYNWFDPW,8,0.03278688524590164
CSTYLYYGMDVW,2,0.00819672131147541
CTREVGGASDYW,4,0.01639344262295082
CTRLGSTTGFDFW,4,0.01639344262295082
CTRVDSGSYDYW,6,0.02459016393442623
CTSTTCPLDYW,3,0.012295081967213115
CTTFRYW,4,0.01639344262295082
CTTVYLNELSPDYW,2,0.00819672131147541
CVKEGLSAFDIW,2,0.00819672131147541
CVRDREVFLSAFDIW,2,0.00819672131147541
CVRGGQLSFFDSW,2,0.00819672131147541
CVRGTFDLW,2,0.00819672131147541
CVRQDKSYFDNW,3,0.012295081967213115
CVRSVGWFDPW,2,0.00819672131147541
CVRWFDPW,2,0.00819672131147541
CVTVISSFPYW,2,0.00819672131147541
