CDR3,count,relative.frequency
CAREAIF,31,0.4626865671641791
CARLRIF,10,0.14925373134328357
CMQSVRIPHIF,2,0.029850746268656716
CMQSVRMPHIF,13,0.19402985074626866
CQHYAIQPLIF,11,0.16417910447761194
