CDR3,count,relative.frequency
CAGTSCYRWFDPW,2,0.029850746268656716
CAKAPSGSGFDYW,15,0.22388059701492538
CAKGGTLGGLDYW,6,0.08955223880597014
CARDGSGWPFDYW,2,0.029850746268656716
CARGGDYW,8,0.11940298507462686
CARIIRNSDVDYW,2,0.029850746268656716
CARRRAGDYW,6,0.08955223880597014
CARWKGITTNDYW,16,0.23880597014925373
CATHGEFDYW,3,0.04477611940298507
CSFRGGWFDYW,2,0.029850746268656716
CTRWKGITTNDYW,5,0.07462686567164178
