CDR3,count,relative.frequency
CAKGHEERPPIF,2,0.02631578947368421
CEQSFGTLIF,5,0.06578947368421052
CQAWDTDTAIF,4,0.05263157894736842
CQAWDTDTGIF,2,0.02631578947368421
CQQSFGALIF,2,0.02631578947368421
CQQSFGPLIF,17,0.2236842105263158
CQQSFGTLIF,40,0.5263157894736842
CSSFTSRNTLIF,4,0.05263157894736842
