CDR3,count,relative.frequency
CSGANVLTF,2,0.16666666666666666
CSGNTIYF,3,0.25
CSYEQYF,7,0.5833333333333334
