CDR3,count,relative.frequency
CAKDLREAIF,22,0.41509433962264153
CARDGRSRITIF,5,0.09433962264150944
CMIWHNSPLIF,2,0.03773584905660377
CQHYDDLLIF,8,0.1509433962264151
CQQSFRRPLTF,8,0.1509433962264151
CTRPIF,6,0.11320754716981132
CTTGRRITIF,2,0.03773584905660377
