CDR3,count,relative.frequency
CASGLRDEQYF,11,0.2682926829268293
CASRIGGTQYF,2,0.04878048780487805
CASSAGPNYEQYF,2,0.04878048780487805
CASSFIRGTDTQYF,2,0.04878048780487805
CASSLETATEAFF,2,0.04878048780487805
CASSSGHTGELFF,2,0.04878048780487805
CASSYSISYGYTF,3,0.07317073170731707
CATSDHRVNQPQHF,2,0.04878048780487805
CGNSLYTF,4,0.0975609756097561
CQEFYEYTF,3,0.07317073170731707
CSAGQRWTEAFF,2,0.04878048780487805
CSASPGSGTGELFF,4,0.0975609756097561
CSVPDYQETQYF,2,0.04878048780487805
