CDR3,count,relative.frequency
CAAAGGAVTLGGGF,2,0.013333333333333334
CAKRNF,5,0.03333333333333333
CARDFAVTGTF,15,0.1
CARDFF,2,0.013333333333333334
CARGRFF,2,0.013333333333333334
CARTASSCTRF,2,0.013333333333333334
CAVQGF,14,0.09333333333333334
CCSSAGGVSWGF,4,0.02666666666666667
CESASYPEGNF,23,0.15333333333333332
CGSEELGCRNF,2,0.013333333333333334
CGSFGGWAGF,2,0.013333333333333334
CGSYISGDLIF,2,0.013333333333333334
CHQRADWPLTF,4,0.02666666666666667
CILTVKEEIKNF,2,0.013333333333333334
CILYLGPRYGF,2,0.013333333333333334
CISFLFFSFF,5,0.03333333333333333
CKLLQQSHLFPGF,2,0.013333333333333334
CLAWDTSTQVF,4,0.02666666666666667
CLLLLVPASIF,2,0.013333333333333334
CLLRSQLKQSF,2,0.013333333333333334
CLPHHTYPYTF,2,0.013333333333333334
CLQTYSTTRTF,2,0.013333333333333334
CMQHLESPYTF,3,0.02
CQAWDRSTANF,2,0.013333333333333334
CQESDDMLRTF,2,0.013333333333333334
CQHSYDPPFTF,2,0.013333333333333334
CQHYAVFPPTF,2,0.013333333333333334
CQHYGSFTWTF,6,0.04
CQHYKILPPTF,2,0.013333333333333334
CQHYNDWRTF,2,0.013333333333333334
CQNRSNWPPTF,4,0.02666666666666667
CQQANSLPLNF,2,0.013333333333333334
CQQHYTTPRTF,2,0.013333333333333334
CQQLSDNTPYTF,2,0.013333333333333334
CQQQSDNTPYTF,2,0.013333333333333334
CQQSYNYLRTF,2,0.013333333333333334
CQQSYSLPRNF,2,0.013333333333333334
CQQSYSMPRTF,2,0.013333333333333334
CQQYDNIPYTF,2,0.013333333333333334
CQRTYITPNTF,2,0.013333333333333334
CSVTEGGYTF,2,0.013333333333333334
CTAMLAPGF,3,0.02
