CDR3,count,relative.frequency
CARDLGYSNGYGF,3,0.018072289156626505
CARDLGYSSGYGF,3,0.018072289156626505
CESASYPEGNF,113,0.6807228915662651
CLFYGAYPMTF,2,0.012048192771084338
CLLFGTQLVFF,2,0.012048192771084338
CPADRLTTPF,2,0.012048192771084338
CQESHRTSYTF,10,0.060240963855421686
CQHRSDWLTF,4,0.024096385542168676
CQLYGDSLFTF,4,0.024096385542168676
CQQAETYPQTF,2,0.012048192771084338
CQQAHTFPFTF,3,0.018072289156626505
CQQYDNVYITF,2,0.012048192771084338
CQQYNNWYTF,3,0.018072289156626505
CQQYNVGMRTF,2,0.012048192771084338
CQTWAPGF,2,0.012048192771084338
CSGTHLQSQPF,2,0.012048192771084338
CSSYAGSPPYVF,2,0.012048192771084338
CVTVSSHEPHGF,3,0.018072289156626505
CVYCGDNWSENF,2,0.012048192771084338
