CDR3,count,relative.frequency
CAAWDDSLTSSVF,3,0.0016722408026755853
CAAWDGSLRTYVF,2,0.0011148272017837235
CALGLCTAMLAPGF,3,0.0016722408026755853
CALVDGCLRGF,3,0.0016722408026755853
CARGGWGF,18,0.010033444816053512
CESASYPEGNF,1695,0.9448160535117057
CESASYPGGNF,3,0.0016722408026755853
CGSPEAF,2,0.0011148272017837235
CHQSHNSPYTF,3,0.0016722408026755853
CHQTSGLPRTF,2,0.0011148272017837235
CHQYFETPFTF,4,0.002229654403567447
CHQYTASDTF,3,0.0016722408026755853
CHQYTVSDTF,2,0.0011148272017837235
CKESVCCACF,2,0.0011148272017837235
CMQPLQGRTF,2,0.0011148272017837235
CQESFSTPRFTF,3,0.0016722408026755853
CQEYVTF,2,0.0011148272017837235
CQHDDGYPLTF,2,0.0011148272017837235
CQHYDHLPLTF,11,0.006131549609810479
CQHYHSIPWTF,5,0.002787068004459309
CQQLDRDPPYTF,2,0.0011148272017837235
CQQRSNWPLTF,4,0.002229654403567447
CQQYDAHVVTF,2,0.0011148272017837235
CQQYDKTAITF,2,0.0011148272017837235
CQQYEGRPYTF,2,0.0011148272017837235
CQQYFHAPTF,2,0.0011148272017837235
CQQYGTSPPTF,2,0.0011148272017837235
CQQYKTFATF,2,0.0011148272017837235
CSTMITF,4,0.002229654403567447
CTAMLAPGF,2,0.0011148272017837235
