CDR3,count,relative.frequency
CAAWDDSLNGWVF,3,0.006355932203389831
CAAWDDSLSAWVF,5,0.01059322033898305
CAAWDDSLSGRVF,3,0.006355932203389831
CATWDDSLNGWVF,4,0.00847457627118644
CCSYAGSYTWVF,2,0.00423728813559322
CETWDSNTQVF,2,0.00423728813559322
CGADF,2,0.00423728813559322
CGTWDNSLSAYVF,3,0.006355932203389831
CGTWDSRLSAGVF,3,0.006355932203389831
CLLSYSGSRVF,4,0.00847457627118644
CLLYYGGARFF,3,0.006355932203389831
CQAWDISTVVF,2,0.00423728813559322
CQSADSSATSWVF,2,0.00423728813559322
CQSADSSGKWVF,2,0.00423728813559322
CQSADSTGSLVVF,2,0.00423728813559322
CQSSDSSGNYVVF,2,0.00423728813559322
CQSSDSSGTYHWVF,3,0.006355932203389831
CQSYDNFNKVF,8,0.01694915254237288
CQSYDSDLSGWVF,2,0.00423728813559322
CQSYDSRLSGSEVF,3,0.006355932203389831
CQSYDSSLSGSVF,4,0.00847457627118644
CQSYDSSLSGYAVF,4,0.00847457627118644
CQSYDSSLSGYVF,385,0.815677966101695
CQSYDSSLTGWVF,7,0.014830508474576272
CQSYDTSLRWVF,2,0.00423728813559322
CQVWDSSGVF,4,0.00847457627118644
CSSYAGSDNLYVF,2,0.00423728813559322
CSSYGGSNNLLF,2,0.00423728813559322
CYSTDSSGNPLF,2,0.00423728813559322
