CDR3,count,relative.frequency
CARSRPLWF,2,0.14285714285714285
CCSYAASSTLIF,2,0.14285714285714285
CCSYTSGNTLIF,2,0.14285714285714285
CQGWDSSTLIF,6,0.42857142857142855
CSSYTGNNKLIF,2,0.14285714285714285
