CDR3,count,relative.frequency
CAAGFGSSWDYW,2,0.03333333333333333
CAAPLRGTYFDQW,3,0.05
CAKDGFGGAADVW,2,0.03333333333333333
CAKHLLGDYDDYW,4,0.06666666666666667
CARKGDFDAFDVW,3,0.05
CDHW,5,0.08333333333333333
CDYW,2,0.03333333333333333
CSRQTLSVHDYW,2,0.03333333333333333
CTRGDMGDYW,2,0.03333333333333333
CVKVKADFDYW,3,0.05
CVRDFGFEDYW,32,0.5333333333333333
