CDR3,count,relative.frequency
CAASGFSF,2,0.006578947368421052
CAASGFSFSTF,2,0.006578947368421052
CAGSGFTFSNF,2,0.006578947368421052
CAGWDDSLKGYVF,2,0.006578947368421052
CAKASYSYGF,2,0.006578947368421052
CASYAGGYIYVF,2,0.006578947368421052
CATERDPAGTF,2,0.006578947368421052
CATWDDSSYVF,3,0.009868421052631578
CAVKGNQGGKLIF,2,0.006578947368421052
CAVPHAYYPSNF,2,0.006578947368421052
CAYNTDKLIF,6,0.019736842105263157
CESASYPEGNF,12,0.039473684210526314
CGAEGVSHRGGF,2,0.006578947368421052
CGTWDISLTTFVF,3,0.009868421052631578
CHQFQTSWPTF,2,0.006578947368421052
CHQYDDYSYTF,2,0.006578947368421052
CHQYRTYWGTF,17,0.05592105263157895
CHYYGGSTYTF,2,0.006578947368421052
CKQYDDYSYTF,2,0.006578947368421052
CLGYVSSPLTF,2,0.006578947368421052
CLLPYQCMYSSTF,2,0.006578947368421052
CLQYTDFSGTF,2,0.006578947368421052
CMQALFGITF,2,0.006578947368421052
CMQALHLITF,6,0.019736842105263157
CMQSKHTLTF,2,0.006578947368421052
CNLVACPQTF,2,0.006578947368421052
CPQYDDFQYTF,3,0.009868421052631578
CQAWDSSTEGF,2,0.006578947368421052
CQDYHNLRSTF,2,0.006578947368421052
CQHFGSSRTF,60,0.19736842105263158
CQHLNTYRGTF,3,0.009868421052631578
CQHYDSYPLTF,2,0.006578947368421052
CQHYVASSWTF,4,0.013157894736842105
CQKYTSVSTF,7,0.023026315789473683
CQQFFLAPYTF,2,0.006578947368421052
CQQFFYAPYTF,4,0.013157894736842105
CQQFGTF,3,0.009868421052631578
CQQHEGATWTF,2,0.006578947368421052
CQQNYDPFSVTF,6,0.019736842105263157
CQQRTDWLTF,5,0.01644736842105263
CQQRVDWLTF,4,0.013157894736842105
CQQSHSSPITF,3,0.009868421052631578
CQQSSEAPVTF,2,0.006578947368421052
CQQSSNTQFTF,2,0.006578947368421052
CQQSYSTPYTF,3,0.009868421052631578
CQQTYGLGLTF,3,0.009868421052631578
CQQYDDDSYTF,2,0.006578947368421052
CQQYDDYTYTF,2,0.006578947368421052
CQQYFYAPYTF,62,0.20394736842105263
CQQYGNTF,2,0.006578947368421052
CQQYNDLWTF,2,0.006578947368421052
CQQYRDYPLTF,4,0.013157894736842105
CSSYEGRHVVF,8,0.02631578947368421
CSSYTLPNTVF,6,0.019736842105263157
CTASGFTF,2,0.006578947368421052
CVSIFDQFFNF,3,0.009868421052631578
CXQYDDYSYTF,2,0.006578947368421052
