CDR3,count,relative.frequency
CAANGLNNARLMF,2,0.3333333333333333
CAVLGGGSYIPTF,2,0.3333333333333333
CVVTGTYKYIF,2,0.3333333333333333
