CDR3,count,relative.frequency
CARADFDEW,66,0.22602739726027396
CARDGDDSFDIW,3,0.010273972602739725
CARDGGAGAFDIW,2,0.00684931506849315
CARDLFYRRLDYW,23,0.07876712328767123
CARDLLDGTYSFDYW,2,0.00684931506849315
CARDLYYRRFDYW,25,0.08561643835616438
CARDVDDSFDIW,8,0.0273972602739726
CARDYGNAFDSW,2,0.00684931506849315
CAREGLFYNAGDYW,7,0.023972602739726026
CAREGSRGFDAW,21,0.07191780821917808
CAREGSRGFDVW,2,0.00684931506849315
CARELDYW,4,0.0136986301369863
CARETDGDTIDYW,3,0.010273972602739725
CARGGDFDYW,2,0.00684931506849315
CARGGWGRYFDLW,3,0.010273972602739725
CARGIDRGFDYW,2,0.00684931506849315
CARGTFGSLYLDLW,2,0.00684931506849315
CARHNRGFDYW,2,0.00684931506849315
CARHVPVADYFDYW,2,0.00684931506849315
CARHVSVADYFDYW,8,0.0273972602739726
CARQRGGYFDLW,2,0.00684931506849315
CARRGRTDAFDIW,2,0.00684931506849315
CARSHLDLWVFDYW,3,0.010273972602739725
CASCGSSWYLDYW,3,0.010273972602739725
CASVRSGVFRYW,3,0.010273972602739725
CATEGSGGGDAFDVW,2,0.00684931506849315
CSRGSCYFDYW,5,0.017123287671232876
CTNGVCSYFDHW,2,0.00684931506849315
CTRFGGDPDYW,3,0.010273972602739725
CVDYW,5,0.017123287671232876
CVRGYSDRFDNW,55,0.18835616438356165
CVRGYSHRFDNW,6,0.02054794520547945
CVRGYYDRFDNW,10,0.03424657534246575
CYKRYWYFDLW,2,0.00684931506849315
