CDR3,count,relative.frequency
CARGFVRITIF,3,0.2727272727272727
CARGRGTIF,6,0.5454545454545454
CCSYATGRISIF,2,0.18181818181818182
