CDR3,count,relative.frequency
CAAGYYFDYW,5,0.02564102564102564
CAASAFWYFDYW,2,0.010256410256410256
CAKDNINFALDIW,9,0.046153846153846156
CAKEARGGYFDYW,3,0.015384615384615385
CAKEGLRYFDYW,2,0.010256410256410256
CARDYYGDYPYYW,3,0.015384615384615385
CARGALDFDYW,2,0.010256410256410256
CARGDFGGKFVYW,2,0.010256410256410256
CARRLGGTFDIW,2,0.010256410256410256
CARRLGIYFFDVW,2,0.010256410256410256
CARVDGDAFDIW,5,0.02564102564102564
CATRPRDYQDYW,9,0.046153846153846156
CAYSLVNWFDPW,5,0.02564102564102564
CFPLDYW,3,0.015384615384615385
CMDVW,7,0.035897435897435895
CSAYFDSW,52,0.26666666666666666
CSGGRCFDPW,4,0.020512820512820513
CSGGSCYGDYW,15,0.07692307692307693
CSGSDAFDIW,3,0.015384615384615385
CSGSDAFYIW,3,0.015384615384615385
CSPGGFDPW,13,0.06666666666666667
CSSTNCFDYW,15,0.07692307692307693
CSSTNCHYFDYW,5,0.02564102564102564
CSSTSCYYFDYW,14,0.07179487179487179
CTGGSCYALDYW,6,0.03076923076923077
CYAGDYW,2,0.010256410256410256
CYALDYW,2,0.010256410256410256
