CDR3,count,relative.frequency
CANATNEAFF,6,0.09230769230769231
CARSLSLADTQYF,2,0.03076923076923077
CASMDRLNTEAFF,2,0.03076923076923077
CASRGTGEYEQYF,2,0.03076923076923077
CASRVGSTEAFF,2,0.03076923076923077
CASSEALEAFF,2,0.03076923076923077
CASSEGFEAFF,3,0.046153846153846156
CASSFTGGAEAFF,2,0.03076923076923077
CASSLAGTSGEQFF,2,0.03076923076923077
CASSLDSYGYTF,2,0.03076923076923077
CASSLNRLGYTF,5,0.07692307692307693
CASSLRMNSPLHF,2,0.03076923076923077
CASSLRVGTEAFF,2,0.03076923076923077
CASSLYRGTEAFF,9,0.13846153846153847
CASSPTGGTEAFF,3,0.046153846153846156
CASSRDRAEAFF,2,0.03076923076923077
CASSTGQVTEAFF,2,0.03076923076923077
CAWSVGRDTEAFF,2,0.03076923076923077
CSARDSTGNGYTF,6,0.09230769230769231
CSARQGAGGTEAFF,2,0.03076923076923077
CSASDHEQFF,3,0.046153846153846156
CSVEAGAGYEQYF,2,0.03076923076923077
