CDR3,count,relative.frequency
CQEYGRTF,37,0.6379310344827587
CQQYGRTF,21,0.3620689655172414
