CDR3,count,relative.frequency
CAAWDDRLNGPVF,2,0.02040816326530612
CAAWDDRLNGVVF,2,0.02040816326530612
CAAWDDSLNVVF,3,0.030612244897959183
CAAWDDSLSGVVF,2,0.02040816326530612
CAAWDDSLSSYVF,2,0.02040816326530612
CAAWDDTLNGHVVF,2,0.02040816326530612
CATWDDSLSCRF,2,0.02040816326530612
CCSYAGSNTFVF,4,0.04081632653061224
CCSYAGSYTVVF,4,0.04081632653061224
CGTWDSSLSVGAF,2,0.02040816326530612
CGTWHSNSKTQVF,2,0.02040816326530612
CHSRDSSGNLVVF,2,0.02040816326530612
CLLSYNGARVF,3,0.030612244897959183
CLLYFGGAQGVF,2,0.02040816326530612
CQAWDSSTVVF,7,0.07142857142857142
CQAWDSYTGLVF,3,0.030612244897959183
CQAWDTSTVVF,2,0.02040816326530612
CQAYDSSTAFFF,3,0.030612244897959183
CQSADSSATPWF,2,0.02040816326530612
CQSFDSSLNVGVF,4,0.04081632653061224
CQSYDDSGAIF,2,0.02040816326530612
CQSYDTNNEVF,2,0.02040816326530612
CQTWGAGIQVF,4,0.04081632653061224
CQTWGFGLVVF,2,0.02040816326530612
CQTWGTGTLVF,4,0.04081632653061224
CQVWDSSSDRVF,5,0.05102040816326531
CQVWDSSSVVF,2,0.02040816326530612
CQVWDSSTYVF,3,0.030612244897959183
CQVWDSYTAKVF,2,0.02040816326530612
CSSYAGSYNLYIF,2,0.02040816326530612
CSSYARSNNLVF,4,0.04081632653061224
CSSYTGSSILLF,2,0.02040816326530612
CSSYTSRITLVF,4,0.04081632653061224
CSSYTSRSTLVF,2,0.02040816326530612
CSYAGSYTFVVF,3,0.030612244897959183
