CDR3,count,relative.frequency
CAKGGLNAFDIW,2,0.004524886877828055
CAKSTYSGSEDYW,3,0.006787330316742082
CANGDGGAFDIW,13,0.029411764705882353
CANSVFDIW,2,0.004524886877828055
CARDYRWAFDSW,33,0.0746606334841629
CAREAWKDALDIW,2,0.004524886877828055
CARGAGNPAFDSW,2,0.004524886877828055
CARGALAGHDYW,2,0.004524886877828055
CARGANAFDIW,3,0.006787330316742082
CARGPLHFWFDSW,137,0.30995475113122173
CARGRLGTVFDPW,5,0.011312217194570135
CARGRMPYYFDSW,3,0.006787330316742082
CARHPPYRPFDYW,3,0.006787330316742082
CARLRRPTAFDIW,4,0.00904977375565611
CARLWGDYW,9,0.020361990950226245
CARSDMWSRNWFDPW,3,0.006787330316742082
CARSISVEHFDLW,3,0.006787330316742082
CARSRYSYGFDYW,13,0.029411764705882353
CARTPSSGWVDYW,2,0.004524886877828055
CARVASDAFDIW,3,0.006787330316742082
CARVDRGHFDYW,3,0.006787330316742082
CARVDRGYFDYW,2,0.004524886877828055
CARVKGLPIFDYW,2,0.004524886877828055
CARVQVVTNDYW,5,0.011312217194570135
CARVVVGATDYW,13,0.029411764705882353
CARYSSWYFDLW,2,0.004524886877828055
CASGGADYW,23,0.05203619909502263
CLDVW,3,0.006787330316742082
CMDVW,9,0.020361990950226245
CSAGNCRFDSW,2,0.004524886877828055
CSGGACSSSWFDPW,4,0.00904977375565611
CSIRKGFDSW,9,0.020361990950226245
CSNDVCAFDYW,3,0.006787330316742082
CSRGTCPHFDYW,6,0.013574660633484163
CSRRGFDDW,5,0.011312217194570135
CSRTGCSGAFDVW,11,0.024886877828054297
CSRTSCRLYFDCW,2,0.004524886877828055
CSSGSCYSDKW,13,0.029411764705882353
CSTTSCFYYW,2,0.004524886877828055
CTRFCSTRKHAFDIW,2,0.004524886877828055
CTRLIGGFDIW,15,0.033936651583710405
CTSTSCYFDSW,15,0.033936651583710405
CTTLTAADYW,2,0.004524886877828055
CTTRWRSGSADDYW,7,0.01583710407239819
CVRDGGRSGFDIW,2,0.004524886877828055
CVRDPDYW,6,0.013574660633484163
CW,3,0.006787330316742082
CYLLYW,2,0.004524886877828055
CYRPSEFDSW,15,0.033936651583710405
CYTPGRDPFDIW,7,0.01583710407239819
