CDR3,count,relative.frequency
CACCSRDLQF,2,0.05555555555555555
CARDRPIF,18,0.5
CARGRSRVTIF,5,0.1388888888888889
CGSYTTSRTLIF,2,0.05555555555555555
CLQAYNPYIF,3,0.08333333333333333
CQHYNNWPPLIF,3,0.08333333333333333
CTTDMKRVTIF,3,0.08333333333333333
