CDR3,count,relative.frequency
CASSLRGNTEAFF,4,0.15384615384615385
CASSPRLQETQYF,2,0.07692307692307693
CASSSTDTQYF,11,0.4230769230769231
CASSVGVGYEQYF,5,0.19230769230769232
CSARTGAGTEAFF,2,0.07692307692307693
CSSSSTDTQYF,2,0.07692307692307693
