CDR3,count,relative.frequency
CARGETSYFDYW,5,0.08620689655172414
CARGNLAFDYW,12,0.20689655172413793
CARGNMDYW,2,0.034482758620689655
CARMSNYAMDVW,2,0.034482758620689655
CARVEWSTFDYW,28,0.4827586206896552
CERVEWSTFDYW,2,0.034482758620689655
CLDVW,2,0.034482758620689655
CMDVW,3,0.05172413793103448
CTTGVGRSDNDYW,2,0.034482758620689655
