CDR3,count,relative.frequency
CAREHPGIF,2,0.18181818181818182
CCSYIRDSSLIF,4,0.36363636363636365
CQQIYRSPYIF,3,0.2727272727272727
CQQTYSPLIAF,2,0.18181818181818182
