CDR3,count,relative.frequency
CASEADTQYF,2,0.18181818181818182
CASYLSNTGKLIF,5,0.45454545454545453
CSSYTSGNTWLF,4,0.36363636363636365
