CDR3,count,relative.frequency
CAAPGQTGANNLFF,2,0.3333333333333333
CIVRVAGSSYKLIF,2,0.3333333333333333
CVVNELTGGGNKLTF,2,0.3333333333333333
