CDR3,count,relative.frequency
CAHRSSGDAFDIW,5,0.021645021645021644
CAIGSVIFFDSW,4,0.017316017316017316
CAKDIW,8,0.03463203463203463
CAKPDRERIHFDYW,2,0.008658008658008658
CARDRSGFLDYW,7,0.030303030303030304
CAREAVESYFDFW,3,0.012987012987012988
CAREINAGWDYW,25,0.10822510822510822
CARGGFHHGFDLW,3,0.012987012987012988
CARGKAVDIW,11,0.047619047619047616
CARGMTSWFAYW,6,0.025974025974025976
CARGYKGSYIDYW,15,0.06493506493506493
CARGYSGGWYEDSW,8,0.03463203463203463
CARRTVSPHFDYW,5,0.021645021645021644
CARSRWPEDYW,5,0.021645021645021644
CARSVGGAYPVDYW,4,0.017316017316017316
CASGSGRDIDYW,17,0.0735930735930736
CASGWLSFDYW,7,0.030303030303030304
CATDPNSFEYW,15,0.06493506493506493
CATLSIRGADYW,7,0.030303030303030304
CFDSW,8,0.03463203463203463
CSGGICYTFDDW,2,0.008658008658008658
CSSTNCPYYFDKW,2,0.008658008658008658
CSSTSCLDYW,10,0.04329004329004329
CTNGVCGAFDIW,7,0.030303030303030304
CTRLGGPDAFDIW,4,0.017316017316017316
CTSGTEFRYW,18,0.07792207792207792
CTTHSRIDFDYW,2,0.008658008658008658
CTTTTDAFDIW,8,0.03463203463203463
CTTTTGWDGDYW,9,0.03896103896103896
CVREEPGGWFDPW,2,0.008658008658008658
CVRPANGDSGDYW,2,0.008658008658008658
