CDR3,count,relative.frequency
CAKDKGIF,2,0.15384615384615385
CCSYTSSDSLIF,5,0.38461538461538464
CQQHDTYPLIF,2,0.15384615384615385
CSSYAGSNNLIF,2,0.15384615384615385
CSSYATSPVIF,2,0.15384615384615385
