CDR3,count,relative.frequency
CAANSDHLNF,2,0.028985507246376812
CASIVPHLLQGF,2,0.028985507246376812
CESASYPEGNF,22,0.3188405797101449
CGSPEAF,3,0.043478260869565216
CIIVRDVMITF,3,0.043478260869565216
CLAESCQGRAF,2,0.028985507246376812
CLLLLYIYFSKLF,3,0.043478260869565216
CLLSHLIFLTFRF,2,0.028985507246376812
CLYLFVFFWGF,5,0.07246376811594203
CQHHNSYFTF,2,0.028985507246376812
CQHYDNFWSTF,9,0.13043478260869565
CQLHSTF,2,0.028985507246376812
CQQGSTTPRTF,3,0.043478260869565216
CQQYHDLRTF,2,0.028985507246376812
CSSDAYNTACGF,3,0.043478260869565216
CSSLLYLCCTF,2,0.028985507246376812
CTILRVLSSNF,2,0.028985507246376812
