CDR3,count,relative.frequency
CAAIWNFNKFYF,2,0.01818181818181818
CAASILYGNKLVF,2,0.01818181818181818
CAAWVMKLF,2,0.01818181818181818
CAKPLGRGF,4,0.03636363636363636
CALPIWPGQTMGF,2,0.01818181818181818
CASSEQGSGQFF,2,0.01818181818181818
CAVMDSSYKLIF,2,0.01818181818181818
CESASYPEGNF,12,0.10909090909090909
CGSLGGGGGF,2,0.01818181818181818
CGSLGGWGGF,2,0.01818181818181818
CGSPEAF,8,0.07272727272727272
CKESVCCACF,2,0.01818181818181818
CLLCSSRRAWSRF,2,0.01818181818181818
CLLFGTQLVFF,2,0.01818181818181818
CLLGRIVLRVGF,2,0.01818181818181818
CLQYKTYPWTF,8,0.07272727272727272
CMQSSGWLWTF,3,0.02727272727272727
CQERRNWFTF,7,0.06363636363636363
CQHYNSFGTF,2,0.01818181818181818
CQQHFKTPGTF,6,0.05454545454545454
CQQHGGAPTF,2,0.01818181818181818
CQQKGNF,2,0.01818181818181818
CQQLNIYPHNF,3,0.02727272727272727
CQQLNNYRTF,2,0.01818181818181818
CQQLTRGF,3,0.02727272727272727
CQQSLSDFRTF,5,0.045454545454545456
CQQYANIPPNF,3,0.02727272727272727
CQQYDNLHPNF,2,0.01818181818181818
CQQYGGSPTF,2,0.01818181818181818
CQQYSYWWTF,4,0.03636363636363636
CQQYYFLLRTF,2,0.01818181818181818
CQSFDSSLRVGF,2,0.01818181818181818
CSPWTGGGSGF,2,0.01818181818181818
CSSYTSTGTVVF,2,0.01818181818181818
