CDR3,count,relative.frequency
CASIGWTEAFF,2,0.05128205128205128
CASSFRGGGYTF,5,0.1282051282051282
CASSLGGGTEAFF,4,0.10256410256410256
CASSLRGQNTEAFF,3,0.07692307692307693
CASSLRVGNTEAFF,4,0.10256410256410256
CASSPDSYNEQFF,2,0.05128205128205128
CASSPLTDTQYF,2,0.05128205128205128
CASSYSLNTEAFF,4,0.10256410256410256
CATEGFF,2,0.05128205128205128
CQYKYTF,7,0.1794871794871795
CSAPLAGDLNEKLFF,2,0.05128205128205128
CSAPVGGWEQYF,2,0.05128205128205128
