CDR3,count,relative.frequency
CCDTDKLIF,2,0.2222222222222222
CMRGIPPLIF,3,0.3333333333333333
CQQYDNLPLIF,2,0.2222222222222222
CSTDGQRITIF,2,0.2222222222222222
