CDR3,count,relative.frequency
CAKDLTIAVAAFDYW,2,0.029850746268656716
CAKDNNDWGAFDIW,2,0.029850746268656716
CAKDQSLHAFDIW,3,0.04477611940298507
CAKKGGSSWDFDYW,2,0.029850746268656716
CARDNAMDVW,2,0.029850746268656716
CARDVNNYFDLW,6,0.08955223880597014
CARDVNRYFDLW,2,0.029850746268656716
CAREARTWFDPW,2,0.029850746268656716
CAREEDWFDYW,2,0.029850746268656716
CAREILEWGGVDYW,2,0.029850746268656716
CARHHHNSWFDYW,3,0.04477611940298507
CARNVNRYFDLW,6,0.08955223880597014
CARRESSTRSFDYW,2,0.029850746268656716
CARRSNGYYDYW,3,0.04477611940298507
CARVPKWDDAFDLW,2,0.029850746268656716
CATDVNRYFDLW,11,0.16417910447761194
CAVSFPTLDAFDIW,2,0.029850746268656716
CLRSYFDYW,2,0.029850746268656716
CSGGSCPFDQW,2,0.029850746268656716
CSRGDYW,3,0.04477611940298507
CSSPYYYYGMDVW,2,0.029850746268656716
CVRDPSATDAFDFW,2,0.029850746268656716
CVTGVFDYW,2,0.029850746268656716
