CDR3,count,relative.frequency
CAAWEDILRAYVF,2,0.0053475935828877
CAGCRGRDCAGF,2,0.0053475935828877
CAKGSTF,4,0.0106951871657754
CARRDF,4,0.0106951871657754
CASSLKVQTF,2,0.0053475935828877
CATWDRSLTIVVF,10,0.026737967914438502
CCSYVGSSTFVF,2,0.0053475935828877
CESASYPEGNF,177,0.4732620320855615
CESGSGSNF,2,0.0053475935828877
CGSPEAF,8,0.0213903743315508
CHQSDNSPWTF,6,0.016042780748663103
CHQYDTLWTF,2,0.0053475935828877
CHQYYNLYTF,3,0.008021390374331552
CISFLFFSFF,2,0.0053475935828877
CLQHNSYPYTF,2,0.0053475935828877
CLQHSSYPYTF,6,0.016042780748663103
CLQTFNTPRTF,2,0.0053475935828877
CMQATHPPHYNF,6,0.016042780748663103
CMQQTPPITF,5,0.013368983957219251
CPADRLTTPF,2,0.0053475935828877
CQERNTF,18,0.0481283422459893
CQHLHGDPPYTF,2,0.0053475935828877
CQHVKNPITF,3,0.008021390374331552
CQHYDSLSVTF,2,0.0053475935828877
CQHYYTYSRTF,5,0.013368983957219251
CQLYGSLITF,3,0.008021390374331552
CQQGMTFPWTF,2,0.0053475935828877
CQQHVRSPHTF,2,0.0053475935828877
CQQMATF,4,0.0106951871657754
CQQSFSSRITF,2,0.0053475935828877
CQQSYSTVPYTF,7,0.01871657754010695
CQQSYTSPYNF,2,0.0053475935828877
CQQVNTF,16,0.0427807486631016
CQQYGGMPWTF,2,0.0053475935828877
CQQYKSFSTF,2,0.0053475935828877
CQQYSTSVRTF,11,0.029411764705882353
CRQRGSWPPTF,2,0.0053475935828877
CRVSKKWF,2,0.0053475935828877
CSAYRVDTVAF,2,0.0053475935828877
CSFSFCWSWSIF,2,0.0053475935828877
CSSFGGTFYVF,2,0.0053475935828877
CSSYTARSTQVF,2,0.0053475935828877
CTAMLAPGF,2,0.0053475935828877
CVSFSLMTF,26,0.06951871657754011
CYSYAGSGLWVF,2,0.0053475935828877
