CDR3,count,relative.frequency
CAARVAFSEALVF,10,0.012180267965895249
CAASGAGNMLTF,2,0.00243605359317905
CAASGDDKIIF,2,0.00243605359317905
CAGESVSNF,2,0.00243605359317905
CARKGDMAGF,11,0.013398294762484775
CAVNIRDDKIIF,2,0.00243605359317905
CAVRTAAGNKLTF,2,0.00243605359317905
CAVSDRGNTPLVF,2,0.00243605359317905
CERLLHCSVF,2,0.00243605359317905
CESASYPEGNF,293,0.3568818514007308
CGSLWGGGGF,2,0.00243605359317905
CGSPEAF,30,0.03654080389768575
CHHYANSVSTF,2,0.00243605359317905
CHHYVTSPYTF,8,0.0097442143727162
CHQYYNTPFTF,2,0.00243605359317905
CILYLGPRYGF,5,0.0060901339829476245
CISFLFFSFF,5,0.0060901339829476245
CISYTSGTTYVF,4,0.0048721071863581
CKASGGTFSNF,16,0.0194884287454324
CLLGQNGWHISGF,7,0.008526187576126675
CLLLYSYLYAANF,4,0.0048721071863581
CLQDYNYPWTF,3,0.0036540803897685747
CLQSYFTQWTF,2,0.00243605359317905
CLQYKTYPITF,23,0.028014616321559074
CNLRTPSIILTFF,2,0.00243605359317905
CQHHLTF,2,0.00243605359317905
CQHLKAWTF,2,0.00243605359317905
CQHYLNSRVTF,9,0.010962241169305725
CQLYNIPWTF,27,0.03288672350791717
CQQCVDSPGTF,2,0.00243605359317905
CQQGYISPRTF,2,0.00243605359317905
CQQHENLMTF,3,0.0036540803897685747
CQQNKRYSWTF,4,0.0048721071863581
CQQNLNPPYNF,2,0.00243605359317905
CQQNLSPPYNF,16,0.0194884287454324
CQQNLSPPYTF,2,0.00243605359317905
CQQVRGFPPTF,3,0.0036540803897685747
CQQYGTSPLTF,17,0.020706455542021926
CQQYKSLYTF,57,0.06942752740560293
CQQYKSQYTF,2,0.00243605359317905
CQQYQSMYTF,6,0.007308160779537149
CQQYSNFSTF,2,0.00243605359317905
CQQYYANVTF,163,0.19853836784409257
CQQYYSPMWTF,19,0.023142509135200974
CQRYGNSLTF,2,0.00243605359317905
CQSDTF,15,0.018270401948842874
CQSWGTGGF,8,0.0097442143727162
CSDVIIARCGF,2,0.00243605359317905
CSSYAGSPHVF,3,0.0036540803897685747
CTLQENVLF,2,0.00243605359317905
CVQALNTLTF,2,0.00243605359317905
CWSDLLRWIQF,2,0.00243605359317905
CYFHLSLGNNNF,2,0.00243605359317905
