CDR3,count,relative.frequency
CAHRRDTIF,10,0.046296296296296294
CAKTDRTIF,46,0.21296296296296297
CALSEAASNTGKLIF,2,0.009259259259259259
CARQRATIF,5,0.023148148148148147
CARRAIF,82,0.37962962962962965
CCSYAGSYILIF,7,0.032407407407407406
CCSYTRTTPRIF,2,0.009259259259259259
CLQIHTYPYIF,5,0.023148148148148147
CQAWDSNSLIF,5,0.023148148148148147
CQQLNRPLTF,6,0.027777777777777776
CQQSYSXPLVF,2,0.009259259259259259
CQQYFTPPLIF,4,0.018518518518518517
CQTWDTDKGVF,7,0.032407407407407406
CQTXDTDKGVF,2,0.009259259259259259
CSSYTARLIF,26,0.12037037037037036
CSSYTAXLIF,2,0.009259259259259259
CSSYTDTDTLIF,3,0.013888888888888888
