CDR3,count,relative.frequency
CHQSGSLPYTF,5,0.04032258064516129
CHQSYTLPYTF,2,0.016129032258064516
CHQYYTFPQTF,4,0.03225806451612903
CLQYNYWPPTF,2,0.016129032258064516
CMQAVQTPITF,2,0.016129032258064516
CMQDLQIPHTF,2,0.016129032258064516
CMQGIHPLTF,2,0.016129032258064516
CMQGKHLPITF,3,0.024193548387096774
CMQGLQIPPAF,5,0.04032258064516129
CMQGSHFPWTF,4,0.03225806451612903
CMQGSHLPITF,2,0.016129032258064516
CMQGTHWPVTF,3,0.024193548387096774
CQKYNSAPYTF,3,0.024193548387096774
CQQCSDFPWTF,2,0.016129032258064516
CQQHANLPSF,2,0.016129032258064516
CQQHANLPTF,11,0.08870967741935484
CQQHDILPVTF,2,0.016129032258064516
CQQHDNLPLTF,7,0.056451612903225805
CQQHGNLPTF,4,0.03225806451612903
CQQLDSYPLTF,2,0.016129032258064516
CQQRSDWPQF,3,0.024193548387096774
CQQRTNWQGTF,2,0.016129032258064516
CQQSYSAPFTF,2,0.016129032258064516
CQQSYSTLFTF,2,0.016129032258064516
CQQYDDWPHTF,2,0.016129032258064516
CQQYDISPITF,4,0.03225806451612903
CQQYDNLPSF,2,0.016129032258064516
CQQYDTHPFTF,2,0.016129032258064516
CQQYDTSPITF,2,0.016129032258064516
CQQYGDSPLTF,2,0.016129032258064516
CQQYGGSPTF,2,0.016129032258064516
CQQYGNSPRTF,2,0.016129032258064516
CQQYGTSPITF,2,0.016129032258064516
CQQYGTSPRTF,2,0.016129032258064516
CQQYNNWPKTF,4,0.03225806451612903
CQQYNNWPLTF,2,0.016129032258064516
CQQYNNWPQTF,2,0.016129032258064516
CQQYNRWPPGYTF,3,0.024193548387096774
CQQYNSYPYTF,2,0.016129032258064516
CQQYNTYPITF,2,0.016129032258064516
CQQYSGSPTF,5,0.04032258064516129
CQQYYSSPITF,2,0.016129032258064516
CQQYYTIPQAF,2,0.016129032258064516
