CDR3,count,relative.frequency
CAKDRNDVW,3,0.02027027027027027
CAKGHGGFDYW,2,0.013513513513513514
CAKGHGGYDYW,3,0.02027027027027027
CARALSDSNWFDPW,2,0.013513513513513514
CARDTSDIW,3,0.02027027027027027
CAREDYW,6,0.04054054054054054
CAREILETTFDYW,4,0.02702702702702703
CARFSSSLLDYW,20,0.13513513513513514
CARGLRTAFDIW,10,0.06756756756756757
CARGMLHFDYW,10,0.06756756756756757
CARIDYSNPDYW,9,0.060810810810810814
CARLSSWFDPW,3,0.02027027027027027
CARQPDYW,13,0.08783783783783784
CARQRALGQFDYW,4,0.02702702702702703
CARRKTSDAFDLW,2,0.013513513513513514
CARVFANYFDSW,6,0.04054054054054054
CATERTVDVFDIW,3,0.02027027027027027
CATNRDVYLHFDYW,3,0.02027027027027027
CGRVGNVFDFW,4,0.02702702702702703
CQVNYFDYW,2,0.013513513513513514
CSGNNCFNWFDPW,6,0.04054054054054054
CSGTSCSNWFDPW,3,0.02027027027027027
CSRRWIDPW,5,0.033783783783783786
CTPSRLLGTFDYW,3,0.02027027027027027
CTRGYNWNYSDYW,2,0.013513513513513514
CVAYFDYW,17,0.11486486486486487
