CDR3,count,relative.frequency
CARETIF,11,0.15492957746478872
CARGAIF,18,0.2535211267605634
CARGSIF,3,0.04225352112676056
CARRFTIF,9,0.1267605633802817
CEQRSNRLIIF,2,0.028169014084507043
CHLRSNRLIIF,2,0.028169014084507043
CHQRSNRLIIF,4,0.056338028169014086
CKQRSNRLIIF,2,0.028169014084507043
CQHFFSSPGLIF,2,0.028169014084507043
CQPRSNRLIIF,2,0.028169014084507043
CRQRSNRLIIF,2,0.028169014084507043
CSRFTIF,8,0.11267605633802817
CXQRSNRLIIF,4,0.056338028169014086
CXXRSNRLIIF,2,0.028169014084507043
