CDR3,count,relative.frequency
CAHSPTIF,2,0.017241379310344827
CAKDRGKRISIF,2,0.017241379310344827
CAKGRIDIF,2,0.017241379310344827
CARDPRITIF,2,0.017241379310344827
CARDRYAIF,2,0.017241379310344827
CARGRITIF,5,0.04310344827586207
CARRLRIF,16,0.13793103448275862
CCSFAGGSKLIF,2,0.017241379310344827
CCSFGGNYPWIF,2,0.017241379310344827
CCSFTSSPTLIF,2,0.017241379310344827
CCSFTSSTTLIF,6,0.05172413793103448
CCSYSGFKTLIF,2,0.017241379310344827
CCSYTDNRILIF,2,0.017241379310344827
CCSYVGTRLIF,2,0.017241379310344827
CFSATNNTLIF,7,0.0603448275862069
CGSYSTTNTLIF,3,0.02586206896551724
CLELLQIPIIF,6,0.05172413793103448
CNSRGLQPVIF,9,0.07758620689655173
CNSYGGINNLIF,6,0.05172413793103448
CQAGDSTTLIF,4,0.034482758620689655
CQAWDGETLIF,2,0.017241379310344827
CQHYQSRPLTF,3,0.02586206896551724
CQKYNSAPLIF,2,0.017241379310344827
CQSSDRRIRIF,6,0.05172413793103448
CTRGRTTIF,6,0.05172413793103448
CTSYAGSLIF,4,0.034482758620689655
CTSYGGSLIF,2,0.017241379310344827
CVRGTIF,2,0.017241379310344827
CWSFASRDRIF,5,0.04310344827586207
