CDR3,count,relative.frequency
CAARDDSLSGPVF,13,0.06103286384976526
CAAWDASLSASVF,7,0.03286384976525822
CAAWDDHLYGVF,4,0.018779342723004695
CAAWDDSLDGHVVF,2,0.009389671361502348
CAAWDDSLEGFVF,6,0.028169014084507043
CAAWDDSLNGYVF,2,0.009389671361502348
CAAWDDSLRGYVF,3,0.014084507042253521
CAAWDDSLSGPVF,72,0.3380281690140845
CAAWDDSLSGVVF,4,0.018779342723004695
CAAWDDSVSGPVF,6,0.028169014084507043
CAAWDDTLSGPVF,7,0.03286384976525822
CASWDDSLSGPVF,4,0.018779342723004695
CCSYAGSYTFIF,2,0.009389671361502348
CCSYAGSYTWVF,3,0.014084507042253521
CHSADSSGAWVF,4,0.018779342723004695
CLLYYGGAWVF,2,0.009389671361502348
CNSRDSSGNHVLF,2,0.009389671361502348
CNSRDSSGNHWVF,2,0.009389671361502348
CNSRDSSGNVRVF,4,0.018779342723004695
CQAWDSGTAVF,2,0.009389671361502348
CQAWDSITAIF,2,0.009389671361502348
CQAWDSSTGVF,3,0.014084507042253521
CQAWDSSTPVF,3,0.014084507042253521
CQAWVSSTVVF,3,0.014084507042253521
CQSYDNSLSGSLF,12,0.056338028169014086
CQSYDSSLSGAVF,2,0.009389671361502348
CQTWGAGILVF,2,0.009389671361502348
CQVWDSGIAVF,4,0.018779342723004695
CQVWDSKTFLF,2,0.009389671361502348
CQVWDSSTHVVF,2,0.009389671361502348
CSSYRSSSTVVF,21,0.09859154929577464
CSSYTSSSTPVLF,2,0.009389671361502348
CSSYTSSSTYVF,2,0.009389671361502348
CSSYTTSSTYVF,2,0.009389671361502348
