CDR3,count,relative.frequency
CALGDRTDTQYF,2,0.08695652173913043
CASGGYNEQFF,2,0.08695652173913043
CASRGTGELFF,2,0.08695652173913043
CASSLDGNYEQYF,5,0.21739130434782608
CASSREGTYEQYF,6,0.2608695652173913
CASSSQSGTEAFF,2,0.08695652173913043
CATGRLNTEAFF,2,0.08695652173913043
CAWRDTWNYGYTF,2,0.08695652173913043
