CDR3,count,relative.frequency
CAQGVHPYIF,2,0.08333333333333333
CCSYAGDYKLIF,2,0.08333333333333333
CHKYDSVPYIF,2,0.08333333333333333
CHLYGRSPHIF,2,0.08333333333333333
CIQSLDSPRIF,2,0.08333333333333333
CIQSLHSPRIF,4,0.16666666666666666
CQEADDSPFIF,2,0.08333333333333333
CQQYNRYPYIF,2,0.08333333333333333
CSRFTIF,2,0.08333333333333333
CSSFTNRRTVIF,2,0.08333333333333333
CSSYGGSNTLIF,2,0.08333333333333333
