CDR3,count,relative.frequency
CAASGFMFSTF,2,0.03278688524590164
CAIHYF,2,0.03278688524590164
CARDPMSYYF,2,0.03278688524590164
CARDQGF,2,0.03278688524590164
CARTGTIF,2,0.03278688524590164
CESASYPEGNF,10,0.16393442622950818
CFTYAGSDTFVF,2,0.03278688524590164
CGTIIHGCVF,2,0.03278688524590164
CHQYSKFPWTF,3,0.04918032786885246
CMQTADFPYTF,2,0.03278688524590164
CQQCYSDSLTF,4,0.06557377049180328
CQQFSSTVTF,3,0.04918032786885246
CQQSYSSPFTF,2,0.03278688524590164
CQQSYSTPYTF,2,0.03278688524590164
CQQYSGTDSSF,4,0.06557377049180328
CQRYDSHPSNF,2,0.03278688524590164
CQRYDSHPYNF,13,0.21311475409836064
CWQELQTRQVDGF,2,0.03278688524590164
