CDR3,count,relative.frequency
CAAWDDRLSAYVF,2,0.0037313432835820895
CAAWDDSLKGYVF,67,0.125
CAAWDDSLNAWLF,2,0.0037313432835820895
CAAWDDSLNGRVF,2,0.0037313432835820895
CAAWDDSLNGWVF,6,0.011194029850746268
CAAWDDSLNVVVF,4,0.007462686567164179
CCSYAGSYTYVF,2,0.0037313432835820895
CETWDSNTAVF,2,0.0037313432835820895
CETWDSSTNWVF,2,0.0037313432835820895
CGTWDSSLSAEVF,2,0.0037313432835820895
CGTWDSSLSAGVF,5,0.009328358208955223
CGTWDSSLSAWVF,2,0.0037313432835820895
CGTWDSSLSIWVF,2,0.0037313432835820895
CGTWDTSLSAALVVF,2,0.0037313432835820895
CHSYDSSLSGSVF,5,0.009328358208955223
CLLYYGGASWVF,2,0.0037313432835820895
CLLYYGGAWVF,21,0.03917910447761194
CMIWHSSAYVF,3,0.005597014925373134
CMIWHSSAYWVF,2,0.0037313432835820895
CMIWYSSAWVF,11,0.020522388059701493
CNSRDSSGNHLGVF,5,0.009328358208955223
CNSRDSSGNHLIF,2,0.0037313432835820895
CNSRDSSGNWVF,2,0.0037313432835820895
CNSRDSTGNVF,3,0.005597014925373134
CQAWDSSSWVF,4,0.007462686567164179
CQAWDSSTEVF,3,0.005597014925373134
CQAWDSSTGVF,7,0.013059701492537313
CQAWDSSTVVF,2,0.0037313432835820895
CQAWDSTTAVF,2,0.0037313432835820895
CQAWDTITAWVF,8,0.014925373134328358
CQLWDSNSDHAVF,14,0.026119402985074626
CQSADFSGTYEVF,23,0.04291044776119403
CQSADNSGNWVF,27,0.05037313432835821
CQSSDSSGIYWVF,4,0.007462686567164179
CQSTDSSGSYHWVF,102,0.19029850746268656
CQSYDSFNWVF,2,0.0037313432835820895
CQSYDSINHAVF,2,0.0037313432835820895
CQSYDSSLSGWVF,11,0.020522388059701493
CQTWGTGLAVF,21,0.03917910447761194
CQTWGTGVAVF,3,0.005597014925373134
CQVWDISSDHWVF,4,0.007462686567164179
CQVWDSSIAVF,2,0.0037313432835820895
CQVWDSSSDERVF,4,0.007462686567164179
CQVWDSSSDHVF,9,0.016791044776119403
CQVWDSSSDHVVF,4,0.007462686567164179
CQVWDSSSVVF,4,0.007462686567164179
CQVWDSSYDYVF,2,0.0037313432835820895
CQVWDSTSDHVF,4,0.007462686567164179
CRTWDGSLSAGVF,2,0.0037313432835820895
CSLSYSGAWVF,8,0.014925373134328358
CSSKAGSNNLVF,2,0.0037313432835820895
CSSYAGSNKEVF,4,0.007462686567164179
CSSYAGTNNVF,2,0.0037313432835820895
CSSYTSSSTLVF,2,0.0037313432835820895
CSSYTSSSTRVF,2,0.0037313432835820895
CSSYTSSSTVVF,2,0.0037313432835820895
CSSYTSSSTWVF,8,0.014925373134328358
CSSYTSSTTPVF,3,0.005597014925373134
CSSYTTSSTLSVF,33,0.061567164179104475
CSYAGSSTFVF,4,0.007462686567164179
CSYAGSSTYVF,3,0.005597014925373134
CSYIGSYTFNWIF,2,0.0037313432835820895
CVLYLGSGISVF,18,0.033582089552238806
CVLYMGSGIWVF,2,0.0037313432835820895
CYSAADNNLIF,11,0.020522388059701493
CYSRDSSGDHKVF,2,0.0037313432835820895
