CDR3,count,relative.frequency
CGMDSSYKLIF,3,0.2727272727272727
CQTGANNLFF,4,0.36363636363636365
CVFSGGYNKLIF,2,0.18181818181818182
CVTTDSWGKLQF,2,0.18181818181818182
