CDR3,count,relative.frequency
CAKAIPIDYW,9,0.04864864864864865
CARDGLESPFDYW,20,0.10810810810810811
CARKTGGAFDYW,28,0.15135135135135136
CARNVPLVDYW,2,0.010810810810810811
CARRAHWGKYFDSW,2,0.010810810810810811
CARRVIGDFDYW,5,0.02702702702702703
CARRYFDSW,2,0.010810810810810811
CASVTGNRDYW,12,0.06486486486486487
CATESCYQFDYW,2,0.010810810810810811
CGKGGTLDFDYW,2,0.010810810810810811
CSRGIKQLGWFDPW,2,0.010810810810810811
CSRGSCWFDPW,2,0.010810810810810811
CTPTMCHPVFDYW,83,0.4486486486486487
CTRDRGNYFHFW,2,0.010810810810810811
CTRGAGGFDSW,2,0.010810810810810811
CTRGSGRFEYW,3,0.016216216216216217
CVRTGNRYFDLW,2,0.010810810810810811
CYSDAFDLW,5,0.02702702702702703
