CDR3,count,relative.frequency
CARDRIF,11,0.3235294117647059
CARGRSAIF,6,0.17647058823529413
CARVGIF,9,0.2647058823529412
CQHYHSRPLTF,4,0.11764705882352941
CQQYYNSPCIF,2,0.058823529411764705
CTSFRANDTLIF,2,0.058823529411764705
