CDR3,count,relative.frequency
CARDKEPSIF,11,0.7333333333333333
CHSYDTDNQIF,2,0.13333333333333333
CQQIIGYPYIF,2,0.13333333333333333
