CDR3,count,relative.frequency
CAKNSLYF,126,0.863013698630137
CASGPRDRGGYTF,2,0.0136986301369863
CASMGVSEAFF,2,0.0136986301369863
CASSFWTGTYEQYF,3,0.02054794520547945
CASSHSYYGYTF,3,0.02054794520547945
CASSLSQNYGYTF,4,0.0273972602739726
CASSMYSRPEAFF,2,0.0136986301369863
CQRSLNIPYTF,2,0.0136986301369863
CSVAAAPNYGYTF,2,0.0136986301369863
