CDR3,count,relative.frequency
CAAWDDSLNGFWVF,2,0.034482758620689655
CAAWDDSLNGPVF,2,0.034482758620689655
CAAWDDSLNGRVF,4,0.06896551724137931
CCSYAGSYTLVF,2,0.034482758620689655
CCSYTSSSTWVF,2,0.034482758620689655
CEAWDSSPAF,2,0.034482758620689655
CETWDSNTRIF,2,0.034482758620689655
CGTWDTSLSAAVF,2,0.034482758620689655
CLLSYSGANWVF,5,0.08620689655172414
CQAWDSSTEIF,2,0.034482758620689655
CQAWVSSTAWVF,2,0.034482758620689655
CQSADSSGTYNVF,2,0.034482758620689655
CQSYDSSNHWVF,7,0.1206896551724138
CQSYDSSNRWVF,5,0.08620689655172414
CQVWDSSDDVVF,7,0.1206896551724138
CQVWDSSVVF,2,0.034482758620689655
CQVWESSSDYVF,2,0.034482758620689655
CSSYTNSDTLIF,4,0.06896551724137931
CVLYMGSGTWVF,2,0.034482758620689655
