CDR3,count,relative.frequency
CACRLNTPLVF,2,0.09090909090909091
CARDPSIF,2,0.09090909090909091
CARDRRITIF,4,0.18181818181818182
CARVPRIF,2,0.09090909090909091
CCSYAHSPVIF,2,0.09090909090909091
CMQHMDFPYIF,8,0.36363636363636365
CSSYTYRTVIF,2,0.09090909090909091
