CDR3,count,relative.frequency
CASSLRSADTQYF,2,0.1111111111111111
CASSWTSGTEAFF,12,0.6666666666666666
CQQGYTF,2,0.1111111111111111
CQQSHNNYPYTF,2,0.1111111111111111
