CDR3,count,relative.frequency
CLQYKSYPLTF,2,0.01818181818181818
CMQALATPLTF,2,0.01818181818181818
CMQALQPFTF,2,0.01818181818181818
CMQATHFPRTF,3,0.02727272727272727
CQHYDNLITF,3,0.02727272727272727
CQHYGASPLTF,3,0.02727272727272727
CQQFNTYPLTF,5,0.045454545454545456
CQQLHSFPFSF,3,0.02727272727272727
CQQSYNTPLTF,5,0.045454545454545456
CQQSYSAPLTF,3,0.02727272727272727
CQQSYSIPFYSF,2,0.01818181818181818
CQQYDNLPRTF,2,0.01818181818181818
CQQYDVLPLTF,4,0.03636363636363636
CQQYGNSPRTF,26,0.23636363636363636
CQQYGTPPWTF,3,0.02727272727272727
CQQYITYSWTF,2,0.01818181818181818
CQQYNKWPRTF,3,0.02727272727272727
CQQYNNWPKTF,4,0.03636363636363636
CQQYNNWPPLGAF,3,0.02727272727272727
CQQYNNWPPWTF,3,0.02727272727272727
CQQYNNWPRTF,2,0.01818181818181818
CQQYNSYWTF,21,0.19090909090909092
CQQYYATPLTF,2,0.01818181818181818
CQQYYKTPLTF,2,0.01818181818181818
