CDR3,count,relative.frequency
CARDLRITIF,9,0.07317073170731707
CATWDDSLRGRIF,2,0.016260162601626018
CCSSAGYYTLIF,8,0.06504065040650407
CHHYGSSPKIF,2,0.016260162601626018
CLLHLEIPYIF,2,0.016260162601626018
CLQHLEIPYIF,37,0.3008130081300813
CLQHLKIPYIF,2,0.016260162601626018
CQAWDAYPLIF,2,0.016260162601626018
CQFYTTSRLIF,2,0.016260162601626018
CQHYGTLSLIF,3,0.024390243902439025
CQHYHDWPYIF,15,0.12195121951219512
CQQLDRSPFIF,33,0.2682926829268293
CQSSGPRFMIF,2,0.016260162601626018
CQSYDGANLIF,2,0.016260162601626018
CSSYAVRNNLIF,2,0.016260162601626018
