CDR3,count,relative.frequency
CAKLHGDDAYDIW,2,0.0196078431372549
CARDRAYSSFDYW,6,0.058823529411764705
CARDRSLVTDYW,2,0.0196078431372549
CARDTGNYYVDYW,22,0.21568627450980393
CARDVSLNRFDPW,3,0.029411764705882353
CARENGFRFDYW,2,0.0196078431372549
CARFTSAGLDYW,3,0.029411764705882353
CARGFLNDALDIW,2,0.0196078431372549
CARGQVVGSDFDYW,4,0.0392156862745098
CARGTSGDKVDYW,2,0.0196078431372549
CARHYYSDYW,2,0.0196078431372549
CARLGSDFDYW,4,0.0392156862745098
CARLTVVRYFDSW,2,0.0196078431372549
CARQSGIFFDSW,2,0.0196078431372549
CARQSGWFFDYW,13,0.12745098039215685
CASHGDYDAFDMW,2,0.0196078431372549
CATLDSGGFDHW,6,0.058823529411764705
CATSDTNTWFHYW,2,0.0196078431372549
CLDVW,3,0.029411764705882353
CSDAFDLW,4,0.0392156862745098
CSRQWFDPW,2,0.0196078431372549
CSSASCYYDHW,2,0.0196078431372549
CSSDDAFDIW,2,0.0196078431372549
CTKHEGTAFHIW,2,0.0196078431372549
CTNDKCYFDAW,4,0.0392156862745098
CVRDRGLPDSFDLW,2,0.0196078431372549
