CDR3,count,relative.frequency
CAATLFSFDYW,4,0.014336917562724014
CAKAGTPDYW,46,0.16487455197132617
CAKDLWGQANDYW,2,0.007168458781362007
CAKGGTPDYW,8,0.02867383512544803
CAKKRFSRYFEYW,2,0.007168458781362007
CAKPLNADYFDSW,2,0.007168458781362007
CANTVIDYW,2,0.007168458781362007
CARAGSLRVDYW,3,0.010752688172043012
CARDEKYEPLDYW,10,0.035842293906810034
CARDGRGYYFDLW,4,0.014336917562724014
CARDPEYGANDYW,5,0.017921146953405017
CARDPLTGWFDPW,2,0.007168458781362007
CARDQTTGPDYW,8,0.02867383512544803
CARDSGYDSYFDFW,2,0.007168458781362007
CARDWYHAIDYW,4,0.014336917562724014
CAREMEGLDYW,3,0.010752688172043012
CAREVAGDVW,3,0.010752688172043012
CAREYYGDADLDYW,2,0.007168458781362007
CARGAGWVPDYW,2,0.007168458781362007
CARGDLLYYFDHW,2,0.007168458781362007
CARGDYSDSW,2,0.007168458781362007
CARGGDWFDPW,9,0.03225806451612903
CARGGWELVSAFDIW,3,0.010752688172043012
CARGVGGYEDYW,18,0.06451612903225806
CARQRGMGYFDYW,2,0.007168458781362007
CARVEEGVRFDRW,2,0.007168458781362007
CARVGSLRVDYW,42,0.15053763440860216
CARVGTGDWYFDLW,2,0.007168458781362007
CARVKGAWVFDYW,2,0.007168458781362007
CARVLGWENWFDPW,2,0.007168458781362007
CARWKTWNDFDYW,6,0.021505376344086023
CATATSTNSFDLW,2,0.007168458781362007
CATDAGHGFYAFDVW,4,0.014336917562724014
CATQRDYW,13,0.04659498207885305
CGGSPDYW,11,0.03942652329749104
CMADLDYW,2,0.007168458781362007
CSKGTVLDAFDVW,6,0.021505376344086023
CSRYRFVSGFDFW,4,0.014336917562724014
CTHRRGYRNFDYW,6,0.021505376344086023
CTSGVCYTVFDYW,7,0.025089605734767026
CVGGWGWLPDYW,2,0.007168458781362007
CVLEIRGFDYW,2,0.007168458781362007
CVRPASSGWYYTYW,2,0.007168458781362007
CVYDISGYHDYW,9,0.03225806451612903
CYRPEYFQHW,3,0.010752688172043012
