CDR3,count,relative.frequency
CFQHDNFPMTF,6,0.02857142857142857
CHQYDNLHTF,2,0.009523809523809525
CLQARQTPFTF,2,0.009523809523809525
CLQDYNYPWTF,3,0.014285714285714285
CLQRSSWPFLTF,25,0.11904761904761904
CMQALQTLTF,5,0.023809523809523808
CMQALQTLYTF,2,0.009523809523809525
CMQALQTPGTF,30,0.14285714285714285
CMQALQTPPTF,2,0.009523809523809525
CMQALQTPPVTF,2,0.009523809523809525
CMQATQFLSF,2,0.009523809523809525
CMQGLQSPYTF,2,0.009523809523809525
CMQGLQTPLTF,3,0.014285714285714285
CMQSIQLPWTF,5,0.023809523809523808
CMQSTQLPNTF,2,0.009523809523809525
CQHYHSFPWTF,2,0.009523809523809525
CQKYDSAPLSF,3,0.014285714285714285
CQKYDSAPLTF,3,0.014285714285714285
CQKYNIAPHMF,2,0.009523809523809525
CQKYNSALGTF,2,0.009523809523809525
CQQFGSSQFTF,2,0.009523809523809525
CQQGDSFPTF,2,0.009523809523809525
CQQLNSYPRTF,5,0.023809523809523808
CQQRSDWPQLTF,4,0.01904761904761905
CQQRSEWPQLTF,3,0.014285714285714285
CQQRSNWPQLTF,4,0.01904761904761905
CQQRSSWPFLTF,5,0.023809523809523808
CQQSDSTPITF,2,0.009523809523809525
CQQSFSTPFTF,4,0.01904761904761905
CQQSFSTPRTF,2,0.009523809523809525
CQQSYDTPFTF,2,0.009523809523809525
CQQSYSTPYTF,2,0.009523809523809525
CQQSYSTQWTF,2,0.009523809523809525
CQQYDILRTF,2,0.009523809523809525
CQQYDNLPRGTF,2,0.009523809523809525
CQQYDTFPWTF,2,0.009523809523809525
CQQYEIWPLTF,2,0.009523809523809525
CQQYGSSITF,3,0.014285714285714285
CQQYGSSPPTF,2,0.009523809523809525
CQQYGSSPPTWTF,5,0.023809523809523808
CQQYGSSPWTF,3,0.014285714285714285
CQQYHAWPTWTF,5,0.023809523809523808
CQQYNKRPPWTF,2,0.009523809523809525
CQQYNNWPPYTF,4,0.01904761904761905
CQQYRTYSPTF,2,0.009523809523809525
CQQYSKWPPWTF,2,0.009523809523809525
CQQYSSTPLTF,2,0.009523809523809525
CQQYSSYSPWTF,2,0.009523809523809525
CQQYTSAPHTF,2,0.009523809523809525
CQQYVTSPITF,2,0.009523809523809525
CQQYYSPPFTF,2,0.009523809523809525
CQQYYSTPLTF,10,0.047619047619047616
CQQYYSTPYTF,2,0.009523809523809525
CQQYYTSPYTF,2,0.009523809523809525
CQRHGSSPRTF,6,0.02857142857142857
