CDR3,count,relative.frequency
CAKEGSSWLYYFDYW,4,0.041237113402061855
CARAGSGYSFDYW,2,0.020618556701030927
CARDRWGSFDPW,2,0.020618556701030927
CAREALDAFDIW,18,0.18556701030927836
CARERFGDLDYW,26,0.26804123711340205
CARPLRDAFDIW,2,0.020618556701030927
CARQDTATNCFDPW,2,0.020618556701030927
CARRRPGGHFDYW,14,0.14432989690721648
CARRRPGGYFDYW,2,0.020618556701030927
CARWTSGYDDYW,4,0.041237113402061855
CATRGPKGAFDMW,3,0.030927835051546393
CFDIW,5,0.05154639175257732
CTGENNDYW,2,0.020618556701030927
CVRARIIGRPDYW,2,0.020618556701030927
CVRVYSGYVLDYW,9,0.09278350515463918
