CDR3,count,relative.frequency
CASSDSRDTQYF,18,0.6923076923076923
CASSLERTDTQYF,2,0.07692307692307693
CASSLGLSQETQYF,2,0.07692307692307693
CASSQGGEKLFF,2,0.07692307692307693
CQQYGQTF,2,0.07692307692307693
