CDR3,count,relative.frequency
CAASGFMMRNF,2,0.003189792663476874
CCQQYASSVTF,2,0.003189792663476874
CCSFVGSSTF,2,0.003189792663476874
CESASYPEGNF,556,0.886762360446571
CGSLTSSSTF,2,0.003189792663476874
CGSLWGGGGF,2,0.003189792663476874
CGSPEAF,15,0.023923444976076555
CHQSFSTLYTF,2,0.003189792663476874
CHQSSRLPYNF,2,0.003189792663476874
CHQYRGSPWTF,2,0.003189792663476874
CMQGLQSLRTF,6,0.009569377990430622
CNSRDSSGNHWGF,3,0.004784688995215311
CQHYEGVPFTF,2,0.003189792663476874
CQQCKSVPWTF,3,0.004784688995215311
CQQSHRFPRTF,2,0.003189792663476874
CQQSRRLPRTF,2,0.003189792663476874
CQQTYKAPWTF,6,0.009569377990430622
CQQYDSVLLTF,4,0.006379585326953748
CQQYEPVPSFTF,2,0.003189792663476874
CQQYGESPCTF,2,0.003189792663476874
CQQYHTNLTF,2,0.003189792663476874
CQSADTISFVF,2,0.003189792663476874
CSASTIIQGRVF,2,0.003189792663476874
CSSYEVNNNWTF,2,0.003189792663476874
