CDR3,count,relative.frequency
CARQSIF,2,0.3333333333333333
CMHSLEPPYIF,2,0.3333333333333333
CSSYGGSDNLIF,2,0.3333333333333333
