CDR3,count,relative.frequency
CAGKSRGTDKIF,3,0.018867924528301886
CAQSIELPLIF,3,0.018867924528301886
CARASIF,17,0.1069182389937107
CARNTIF,2,0.012578616352201259
CCSFGFTSELIF,4,0.025157232704402517
CCSYAGSRSVIF,2,0.012578616352201259
CCSYAGSVNLIF,14,0.0880503144654088
CGSYAGSNTLIF,58,0.36477987421383645
CHFYGSSPYIF,2,0.012578616352201259
CHVWDRSTIF,14,0.0880503144654088
CMIWPRNVIF,2,0.012578616352201259
CQHYNTYIPYIF,2,0.012578616352201259
CQQFGSPYIF,2,0.012578616352201259
CQQSFRVPIF,5,0.031446540880503145
CQQSYTTPYIF,2,0.012578616352201259
CQQYVGSPFIF,3,0.018867924528301886
CQQYYNHPLIF,2,0.012578616352201259
CQSSHANNPGIF,2,0.012578616352201259
CQSSHASNPGIF,2,0.012578616352201259
CSSHGGSDKLVF,4,0.025157232704402517
CSSHTNSNTLIF,2,0.012578616352201259
CSSYTGRPLF,8,0.050314465408805034
CSSYTRSCPVIF,2,0.012578616352201259
CVRGGGLIF,2,0.012578616352201259
