CDR3,count,relative.frequency
CASRAGDTIYF,2,0.09523809523809523
CASSLADYGYTF,3,0.14285714285714285
CASSPTGYEQFF,2,0.09523809523809523
CASSVAGTNEKLFF,2,0.09523809523809523
CASSVAWESTYEQYF,2,0.09523809523809523
CGYEQYF,4,0.19047619047619047
CSSFTSGNTWVF,2,0.09523809523809523
CSVVKGNTDTQYF,4,0.19047619047619047
