CDR3,count,relative.frequency
CARVETYYF,5,0.1388888888888889
CASMRAGASYEQYF,2,0.05555555555555555
CASSDDGMNTEAFF,4,0.1111111111111111
CASSFLTQETQYF,2,0.05555555555555555
CASSLGNYGYTF,2,0.05555555555555555
CASSQGGYTF,2,0.05555555555555555
CASSVTGANGYTF,2,0.05555555555555555
CASTPGTEAFF,2,0.05555555555555555
CASTQGIETEAFF,5,0.1388888888888889
CASTQGTXTEAFF,3,0.08333333333333333
CHQRTNGYTF,2,0.05555555555555555
CLXDYNYPYTF,3,0.08333333333333333
CSSYTNTGTLVF,2,0.05555555555555555
