CDR3,count,relative.frequency
CAKYVSGSFDFW,2,0.05263157894736842
CANDHDYW,15,0.39473684210526316
CARKASATFDYW,2,0.05263157894736842
CARVPGDYW,6,0.15789473684210525
CFDYW,4,0.10526315789473684
CTGDNCYYGDYW,2,0.05263157894736842
CTRDWRNLGFDYW,2,0.05263157894736842
CVREIDLFGAFDMW,2,0.05263157894736842
CYDRYVDYW,3,0.07894736842105263
