CDR3,count,relative.frequency
CASSDGDYEQYF,6,0.1
CASSLGASYEQYF,2,0.03333333333333333
CASSLGTEAFF,14,0.23333333333333334
CASSLLPQETQYF,2,0.03333333333333333
CASSLSGTTYEQYF,3,0.05
CASSSSFYEQYF,2,0.03333333333333333
CASTGVGTQYF,25,0.4166666666666667
CATSERTDTQYF,2,0.03333333333333333
CSYNEQFF,4,0.06666666666666667
