CDR3,count,relative.frequency
CAAWDDNLGAFF,2,0.10526315789473684
CASSLDRASYGYTF,2,0.10526315789473684
CASSLSLSNYGYTF,2,0.10526315789473684
CASSLVETQYF,2,0.10526315789473684
CASSRRSDGYTF,3,0.15789473684210525
CASSSGVVTEAFF,4,0.21052631578947367
CAWDRGTDTQYF,2,0.10526315789473684
CQQTSNTPYTF,2,0.10526315789473684
