CDR3,count,relative.frequency
CHQHYTTPLTF,2,0.014814814814814815
CHQRSRLPNTF,2,0.014814814814814815
CHQYDNLPLTF,2,0.014814814814814815
CHQYGDSPGTF,2,0.014814814814814815
CKQHGSSPPLTF,3,0.022222222222222223
CLQHNDYPWTF,2,0.014814814814814815
CMQALQPWTF,9,0.06666666666666667
CMQARHWPRTF,2,0.014814814814814815
CMQGIHWPPGSGVTF,2,0.014814814814814815
CMQGLQTPPYTF,2,0.014814814814814815
CMQGLQTPYTF,3,0.022222222222222223
CMQGTHWPHTF,2,0.014814814814814815
CMQGTHWPPTWTF,2,0.014814814814814815
CMQGTHWPRTF,2,0.014814814814814815
CMQGTNWPAF,2,0.014814814814814815
CMQHTQFPHTF,2,0.014814814814814815
CMQSAQLPLTF,2,0.014814814814814815
CMQSLQTPSLF,2,0.014814814814814815
CQHYDILPITF,2,0.014814814814814815
CQHYFSSPRRF,2,0.014814814814814815
CQKYNSAPLTF,2,0.014814814814814815
CQQADSFPVTF,4,0.02962962962962963
CQQALSFPYTF,2,0.014814814814814815
CQQCNSYSRTF,3,0.022222222222222223
CQQGSIFPVTF,10,0.07407407407407407
CQQGYRFPLTF,2,0.014814814814814815
CQQLHMYPLTF,3,0.022222222222222223
CQQRSNWPRTF,2,0.014814814814814815
CQQSYNTPLTF,2,0.014814814814814815
CQQSYNTPWTF,2,0.014814814814814815
CQQTYSKPYTF,2,0.014814814814814815
CQQYDNWPPWTF,2,0.014814814814814815
CQQYGDSPLLTF,3,0.022222222222222223
CQQYGLAPYTF,2,0.014814814814814815
CQQYGSSPKTF,2,0.014814814814814815
CQQYGSSPLTF,2,0.014814814814814815
CQQYGSSPPYTF,2,0.014814814814814815
CQQYGTSPLLTF,2,0.014814814814814815
CQQYGTSPPLITF,2,0.014814814814814815
CQQYHTYSRSF,2,0.014814814814814815
CQQYNNWPLTF,2,0.014814814814814815
CQQYNTSPFTF,4,0.02962962962962963
CQQYRTFPITF,2,0.014814814814814815
CQQYSRSPLTF,2,0.014814814814814815
CQQYSSYSYSF,2,0.014814814814814815
CQQYYDPPYTF,2,0.014814814814814815
CQQYYFTPWTF,2,0.014814814814814815
CQQYYSPPPTF,8,0.05925925925925926
CQQYYSTPRTF,6,0.044444444444444446
CQQYYYTPHTF,3,0.022222222222222223
