CDR3,count,relative.frequency
CARGAIF,2,0.18181818181818182
CQQYFGRPLTF,2,0.18181818181818182
CWSYAGSRPLTF,7,0.6363636363636364
