CDR3,count,relative.frequency
CASSQGSYGYTF,2,0.2222222222222222
CLHYHNYPYTF,2,0.2222222222222222
CTSYTSGNTVLF,5,0.5555555555555556
