CDR3,count,relative.frequency
CATNLSPGIF,3,0.09090909090909091
CCSYTATSTLIF,4,0.12121212121212122
CMQPLQTPYIF,20,0.6060606060606061
CQQTYRSPPIF,6,0.18181818181818182
