CDR3,count,relative.frequency
CCSFAGRGVIF,5,0.45454545454545453
CGSYTTSDTLIF,2,0.18181818181818182
CQQSHSLPFIF,2,0.18181818181818182
CQQSYSQPYIF,2,0.18181818181818182
