CDR3,count,relative.frequency
CASQITTEKLFF,2,0.0392156862745098
CASRDRGEQYF,10,0.19607843137254902
CASSDEGETQYF,7,0.13725490196078433
CASSDLSTDTQYF,2,0.0392156862745098
CASSDSYGYGYTF,4,0.0784313725490196
CASSFGGTYGYTF,2,0.0392156862745098
CASSFSGDTGELFF,2,0.0392156862745098
CASSLDALGGYTF,2,0.0392156862745098
CASSLEETLETQYF,8,0.1568627450980392
CASSPTSDEQFF,2,0.0392156862745098
CASSQAGFYGYTF,2,0.0392156862745098
CASSQQGNTEAFF,4,0.0784313725490196
CSARKGFYGYTF,4,0.0784313725490196
