CDR3,count,relative.frequency
CARTPGIF,26,0.5909090909090909
CARVGRVTIF,14,0.3181818181818182
CQAWNNRTVIF,2,0.045454545454545456
CVKGPTIF,2,0.045454545454545456
