CDR3,count,relative.frequency
CASRAGNTEAFF,4,0.07547169811320754
CASRQETEAFF,5,0.09433962264150944
CASSETQSYGYTF,2,0.03773584905660377
CASSPPDRNTEAFF,2,0.03773584905660377
CASSPQTGYEQYF,2,0.03773584905660377
CASSQGVGDTEAFF,2,0.03773584905660377
CASSRTGTGTEAFF,2,0.03773584905660377
CASSRTGTTEAFF,3,0.05660377358490566
CASSSGTGRETQYF,21,0.39622641509433965
CASSVTGQEAFF,2,0.03773584905660377
CASSYSQDTQYF,2,0.03773584905660377
CSARFEGREQYF,2,0.03773584905660377
CSASPPTNYGYTF,2,0.03773584905660377
CSVEVSSNIQYF,2,0.03773584905660377
