CDR3,count,relative.frequency
CAAWDDNLNGVVF,2,0.014184397163120567
CAAWDDSLNGLF,5,0.03546099290780142
CAAWDDSLNGMVF,2,0.014184397163120567
CAAWDDSLSGFWVF,2,0.014184397163120567
CAAWDDTLNGWVF,2,0.014184397163120567
CATWDDSLNAGVF,2,0.014184397163120567
CATWDDSLSGWVF,2,0.014184397163120567
CAVWDDNLNGWVF,2,0.014184397163120567
CCSYAGSYFWVF,2,0.014184397163120567
CCSYAGSYTRVF,3,0.02127659574468085
CEAWDDSLNGRVF,2,0.014184397163120567
CETWDSSLSAVVF,2,0.014184397163120567
CGTWDDSLSAYVF,2,0.014184397163120567
CGTWDNSLSAGVF,2,0.014184397163120567
CLSADSSGTWVF,3,0.02127659574468085
CMIWHSSAWVF,5,0.03546099290780142
CNSRDSSGYHWVF,2,0.014184397163120567
CQAWDSNTAVF,2,0.014184397163120567
CQAWDSNTVVF,12,0.0851063829787234
CQAWDSSTVVF,2,0.014184397163120567
CQSADSSGTYPEVF,2,0.014184397163120567
CQSADTSGTYPEVF,4,0.028368794326241134
CQSYDRSLSGSKVF,2,0.014184397163120567
CQSYDRSLSGSVF,2,0.014184397163120567
CQSYDSSLSGWVF,9,0.06382978723404255
CQSYDSSNVVF,2,0.014184397163120567
CQSYDTNNWVF,4,0.028368794326241134
CQTWATGPVVF,2,0.014184397163120567
CQTWGTGIHVVF,7,0.04964539007092199
CQTWGTGIVIF,3,0.02127659574468085
CQTWGTGTVVF,6,0.0425531914893617
CQVWDRSSDHYVF,2,0.014184397163120567
CQVWDSNTLIF,4,0.028368794326241134
CQVWDSSLWVF,4,0.028368794326241134
CQVWDSSSDHQVF,2,0.014184397163120567
CQVWDSSSHHRVF,2,0.014184397163120567
CQVWDSSTVVF,6,0.0425531914893617
CQVWDSSTYVVF,3,0.02127659574468085
CQVWDTSSDHPEVF,3,0.02127659574468085
CQVWHSSSDHWVF,2,0.014184397163120567
CSLYTSSMTVIF,2,0.014184397163120567
CSSYAGSSTWVF,2,0.014184397163120567
CSSYTSSSPLYVF,4,0.028368794326241134
CSSYTSSVTLVF,2,0.014184397163120567
CYSTDSSENYGVF,2,0.014184397163120567
