CDR3,count,relative.frequency
CAAWDDSLDGWVF,4,0.0392156862745098
CAAWDDSLSGWVF,3,0.029411764705882353
CAAWDDSLVGVF,6,0.058823529411764705
CAAWDDSLVGWFF,2,0.0196078431372549
CAVWDDSLNGRVF,4,0.0392156862745098
CCSYAGSSTVIF,2,0.0196078431372549
CDSRDSSGNHYVF,2,0.0196078431372549
CMIWHSSAWVF,2,0.0196078431372549
CQAWDSNTVVF,2,0.0196078431372549
CQAWDSSTENVVF,2,0.0196078431372549
CQAWDSSTEVF,2,0.0196078431372549
CQAWDSSTVVF,2,0.0196078431372549
CQSADGSGTYGVF,11,0.10784313725490197
CQSADSSGSYVVF,2,0.0196078431372549
CQSADSSGTFVVF,2,0.0196078431372549
CQSADSSYTSLVF,2,0.0196078431372549
CQSADVSGTYVVF,2,0.0196078431372549
CQSEDSSGSYGVF,6,0.058823529411764705
CQSYDGNNRVF,3,0.029411764705882353
CQSYDSSNQGVF,2,0.0196078431372549
CQSYDSSNRVF,3,0.029411764705882353
CQSYHRSNWVF,2,0.0196078431372549
CQTWGKGIVVF,2,0.0196078431372549
CQTWGTAIVVF,6,0.058823529411764705
CQTWGTDIWVF,7,0.06862745098039216
CQVWDSNSDHVVF,2,0.0196078431372549
CSSYAGSDNWVF,2,0.0196078431372549
CSSYTSSSTWVF,3,0.029411764705882353
CSYAGSSTVIF,5,0.049019607843137254
CVLYMGRGSVVF,3,0.029411764705882353
CYSTDMSGDHRVF,2,0.0196078431372549
CYSTDSSGDHRVF,2,0.0196078431372549
