CDR3,count,relative.frequency
CAKGPTIF,9,0.6428571428571429
CATGSPSIF,2,0.14285714285714285
CQRYGSSPLFIF,3,0.21428571428571427
