CDR3,count,relative.frequency
CAASGFTF,22,0.03728813559322034
CARDSLITF,31,0.05254237288135593
CARGPAAIATF,9,0.015254237288135594
CARQGEANF,2,0.003389830508474576
CARSGGTRVWIF,5,0.00847457627118644
CARTRGGF,22,0.03728813559322034
CATPHPFPLNNYF,3,0.005084745762711864
CATSTITGF,16,0.02711864406779661
CATWEWGGF,3,0.005084745762711864
CCPGWSRTPGF,2,0.003389830508474576
CCSYAGSGIF,2,0.003389830508474576
CESASYPEGNF,12,0.020338983050847456
CGSGMITF,2,0.003389830508474576
CGSVWCVAWF,2,0.003389830508474576
CGTGMITF,30,0.05084745762711865
CHQRSSWPLTF,2,0.003389830508474576
CHQSYSTPYTF,2,0.003389830508474576
CHQYDQWHLWTF,7,0.011864406779661017
CHQYGGTF,5,0.00847457627118644
CHQYHASPDTF,2,0.003389830508474576
CISFLFFSFF,2,0.003389830508474576
CLLLYSYLYAANF,2,0.003389830508474576
CLPHISEVRKGGF,2,0.003389830508474576
CLQSHIASRTF,2,0.003389830508474576
CLQTIELPYTF,2,0.003389830508474576
CLQYHIASRTF,41,0.06949152542372881
CNSRDSSGNF,2,0.003389830508474576
CNSYTGTGTSVF,2,0.003389830508474576
CQAWHGGIVGF,2,0.003389830508474576
CQEAFSSPFTF,16,0.02711864406779661
CQHQGTF,10,0.01694915254237288
CQHYAGSLWTF,3,0.005084745762711864
CQHYDKSRTF,6,0.010169491525423728
CQHYGDSLFTF,25,0.0423728813559322
CQHYVTETYTF,2,0.003389830508474576
CQNYNGASFTF,2,0.003389830508474576
CQQFGGSPPFTF,5,0.00847457627118644
CQQFNVFSGTF,2,0.003389830508474576
CQQFRGSSWTF,6,0.010169491525423728
CQQFSTIPLTF,8,0.013559322033898305
CQQGDTF,4,0.006779661016949152
CQQLRTF,7,0.011864406779661017
CQQNYDLGTF,2,0.003389830508474576
CQQRQGYPITF,4,0.006779661016949152
CQQSFGPLLTF,2,0.003389830508474576
CQQSFSFLGF,2,0.003389830508474576
CQQSFTISWTF,2,0.003389830508474576
CQQSGTF,43,0.07288135593220339
CQQSVTF,2,0.003389830508474576
CQQSYNTPPGF,2,0.003389830508474576
CQQSYTSRWTF,18,0.030508474576271188
CQQTYITRTF,2,0.003389830508474576
CQQTYSEGGTF,19,0.03220338983050847
CQQYAQVPLTF,95,0.16101694915254236
CQQYDNLPPGF,6,0.010169491525423728
CQQYGNSQFTF,3,0.005084745762711864
CQQYHIVPLTF,15,0.025423728813559324
CQQYKIWWTF,2,0.003389830508474576
CQQYLGTGTF,24,0.04067796610169491
CQQYNYLYTF,5,0.00847457627118644
CQVWESGAVGF,6,0.010169491525423728
CVYCGDNWSENF,2,0.003389830508474576
