CDR3,count,relative.frequency
CAANSDHLNF,3,0.010638297872340425
CAASPGFQKLVF,2,0.0070921985815602835
CARGF,9,0.031914893617021274
CARMTF,2,0.0070921985815602835
CATWDVTLRAFVF,2,0.0070921985815602835
CCSDSGPSTYVF,4,0.014184397163120567
CESASYPEGNF,28,0.09929078014184398
CGRGF,2,0.0070921985815602835
CHHYDDSPTF,4,0.014184397163120567
CHQSFAGPDTF,2,0.0070921985815602835
CHQYDSSFPWTF,4,0.014184397163120567
CHQYGNFTF,2,0.0070921985815602835
CHQYGSPLPWTF,2,0.0070921985815602835
CHQYGYLSTF,2,0.0070921985815602835
CLHYGSPPRTF,90,0.3191489361702128
CLLLYEASVLPGF,2,0.0070921985815602835
CLLVLLLPYPIGF,2,0.0070921985815602835
CMQALQSWTF,2,0.0070921985815602835
CMQALQTPRTF,5,0.01773049645390071
CMQALQTPWTF,2,0.0070921985815602835
CMQARQTPRTF,3,0.010638297872340425
CMQGLQSWTF,2,0.0070921985815602835
CPADRLTTPF,2,0.0070921985815602835
CQESGGTPYTF,2,0.0070921985815602835
CQETF,4,0.014184397163120567
CQHYDNWLYTF,4,0.014184397163120567
CQHYTNTPLTF,12,0.0425531914893617
CQNYGDALAGTF,2,0.0070921985815602835
CQQCFNFPCTF,2,0.0070921985815602835
CQQCNTTPYTF,2,0.0070921985815602835
CQQFYTPPLTF,2,0.0070921985815602835
CQQGHSMPPTF,2,0.0070921985815602835
CQQGHTPPSTF,3,0.010638297872340425
CQQIYVPPWTF,3,0.010638297872340425
CQQLKTFPFTF,2,0.0070921985815602835
CQQMFVPPWTF,3,0.010638297872340425
CQQRSNWPPGNF,2,0.0070921985815602835
CQQSCTFPSTF,2,0.0070921985815602835
CQQSETLPFTF,7,0.024822695035460994
CQQSRSFPSTF,10,0.03546099290780142
CQQSYKPPRTF,2,0.0070921985815602835
CQQSYKTPRTF,2,0.0070921985815602835
CQQSYNF,2,0.0070921985815602835
CQQSYYVPFTF,3,0.010638297872340425
CQQTHSAPCTF,2,0.0070921985815602835
CQQTYKTPHTF,2,0.0070921985815602835
CQQTYTFPCTF,2,0.0070921985815602835
CQQYHGLPLTF,4,0.014184397163120567
CQQYKSYRTF,2,0.0070921985815602835
CQQYNKWPTF,2,0.0070921985815602835
CQQYNYWPNF,2,0.0070921985815602835
CRQTYSSPVTF,3,0.010638297872340425
CSDVIVARYGF,3,0.010638297872340425
CSSFRNNTTLF,2,0.0070921985815602835
CTSAVAHLLPGF,2,0.0070921985815602835
CVQHAKSPEIGF,2,0.0070921985815602835
CVVSGGFQKLVF,3,0.010638297872340425
