CDR3,count,relative.frequency
CLQHSTYPLIF,2,0.1111111111111111
CQQSHSTPYIF,16,0.8888888888888888
