CDR3,count,relative.frequency
CAAKLDYW,2,0.00819672131147541
CARALDYW,6,0.02459016393442623
CARDDAGYLYYW,3,0.012295081967213115
CARDLDDAFDMW,2,0.00819672131147541
CARDRDYFFHYW,4,0.01639344262295082
CARDYYGIGDYW,2,0.00819672131147541
CAREELQDALDIW,3,0.012295081967213115
CARENLATTTTDYW,2,0.00819672131147541
CAREREHNWFDLW,10,0.040983606557377046
CARGDGGDYW,2,0.00819672131147541
CARGGDLEYLDHW,2,0.00819672131147541
CARGGHAYSFDIW,3,0.012295081967213115
CARGGHGYAFDIW,2,0.00819672131147541
CARGGRHFDYW,14,0.05737704918032787
CARGKIARAEFDYW,8,0.03278688524590164
CARGLPPDYW,5,0.020491803278688523
CARGRGIAALDVW,10,0.040983606557377046
CARGVDYW,4,0.01639344262295082
CARGVGAFRYW,3,0.012295081967213115
CARNFAKGALDIW,55,0.22540983606557377
CARNFQKGALDVW,12,0.04918032786885246
CARNFVKGALDIW,11,0.045081967213114756
CARNLVKGAFDLW,6,0.02459016393442623
CARRKSYNWDFDYW,5,0.020491803278688523
CARSSDFTAYYFDSW,2,0.00819672131147541
CARVPYADYFDFW,2,0.00819672131147541
CARWSGLYLFDPW,4,0.01639344262295082
CARYGAGRRFDYW,4,0.01639344262295082
CASGNKWFDPW,3,0.012295081967213115
CASGVSNFDPW,2,0.00819672131147541
CASRRRGDGFDIW,2,0.00819672131147541
CATGDGWFDFW,8,0.03278688524590164
CDWFDPW,5,0.020491803278688523
CHMDVW,8,0.03278688524590164
CMDVW,3,0.012295081967213115
CSAGGCYPFDPW,2,0.00819672131147541
CSGETFNWFDFW,4,0.01639344262295082
CSGGSCPPFDYW,5,0.020491803278688523
CSGGVCYTADYW,2,0.00819672131147541
CSNNSSCYAFDYW,3,0.012295081967213115
CSRDIDYW,3,0.012295081967213115
CTRGRVEADYW,2,0.00819672131147541
CVRPSVAVTGDYW,2,0.00819672131147541
CVRRRVGYFDTW,2,0.00819672131147541
