CDR3,count,relative.frequency
CARAHDYW,2,0.0392156862745098
CAREADYGDFDHW,2,0.0392156862745098
CARGFGYFDLW,2,0.0392156862745098
CARHGDGLDVW,3,0.058823529411764705
CARLFDGFDFW,3,0.058823529411764705
CARQKTQGHAFDIW,2,0.0392156862745098
CARRGLRGAFDVW,2,0.0392156862745098
CATEGADYEDYW,2,0.0392156862745098
CAWADSRGYDFDYW,2,0.0392156862745098
CFGDLGFDFW,3,0.058823529411764705
CSRDFDYW,7,0.13725490196078433
CSRSANHYNDYW,2,0.0392156862745098
CSSRTCWYFDSW,4,0.0784313725490196
CTSNYYNYFESW,2,0.0392156862745098
CVKDWAWAFDMW,4,0.0784313725490196
CVRDLFWNQVDYW,3,0.058823529411764705
CVRHGDALDVW,2,0.0392156862745098
CYFGIDYW,4,0.0784313725490196
