CDR3,count,relative.frequency
CAKGGGYFDYW,2,0.0106951871657754
CAKGGNYQMLFEYW,2,0.0106951871657754
CALDVW,5,0.026737967914438502
CAQGDSWSGFDYW,2,0.0106951871657754
CARDFTTNWFHPW,42,0.22459893048128343
CARDPNFGWVDSW,2,0.0106951871657754
CARGAAGFYYFDFW,7,0.0374331550802139
CARGSYSYFDFW,2,0.0106951871657754
CARGTVTAYYFDFW,4,0.0213903743315508
CARLATFLRAFDVW,2,0.0106951871657754
CARLISALNYFDLW,15,0.08021390374331551
CARLISPLNYFDLW,2,0.0106951871657754
CARPLRGAIDIW,9,0.0481283422459893
CARQADYFDSW,10,0.053475935828877004
CARSSLTAYYFDFW,2,0.0106951871657754
CARTMSGSYFDYW,2,0.0106951871657754
CASGLWSYFDYW,6,0.03208556149732621
CASLKGAFDFW,3,0.016042780748663103
CASPDGAFDIW,6,0.03208556149732621
CATGITDYW,10,0.053475935828877004
CATNYDLNWFDPW,4,0.0213903743315508
CAYYYGMDVW,2,0.0106951871657754
CFTKFYYW,2,0.0106951871657754
CSGPSCSIDYW,2,0.0106951871657754
CSRDSCRDYW,4,0.0213903743315508
CSTLDYW,4,0.0213903743315508
CTNFDNW,7,0.0374331550802139
CTNLDYW,8,0.0427807486631016
CTRDPRIADYW,10,0.053475935828877004
CTRDRSPGYFDSW,2,0.0106951871657754
CTRPIGAGNWLDPW,2,0.0106951871657754
CTTFDHW,3,0.016042780748663103
CVRDLRDIW,2,0.0106951871657754
