CDR3,count,relative.frequency
CAACRGRGCAGF,2,0.0035087719298245615
CAGCRGRDCAGF,2,0.0035087719298245615
CASASYPEGNF,2,0.0035087719298245615
CATWDIPSREKLF,4,0.007017543859649123
CESASYPEGNF,529,0.9280701754385965
CESASYPEGTF,2,0.0035087719298245615
CGSPEAF,2,0.0035087719298245615
CHGAHTF,2,0.0035087719298245615
CHQTNSFPYTF,2,0.0035087719298245615
CIIPGPHTQF,2,0.0035087719298245615
CLCAGSGVVF,2,0.0035087719298245615
CLQHHDYLLTF,2,0.0035087719298245615
CQLCGDSPPFTF,2,0.0035087719298245615
CQQFDDIPYTF,2,0.0035087719298245615
CQQYDTSTF,3,0.005263157894736842
CQQYGRTF,2,0.0035087719298245615
CQQYVTVPHTF,2,0.0035087719298245615
CQRYNAFSGTF,3,0.005263157894736842
CTAMLAPGF,3,0.005263157894736842
