CDR3,count,relative.frequency
CARFPGDYW,2,0.06896551724137931
CARGGSSGYYDFW,2,0.06896551724137931
CARRITLDSFDIW,2,0.06896551724137931
CARTGDYGDSW,2,0.06896551724137931
CARVTPGVDVFDIW,2,0.06896551724137931
CGGRWYFDLW,2,0.06896551724137931
CKKPFDYW,2,0.06896551724137931
CSGDRCYTTFDYW,2,0.06896551724137931
CSGGSCYYDFDYW,2,0.06896551724137931
CSRDQAYSSFDYW,2,0.06896551724137931
CTTAPDYW,5,0.1724137931034483
CTTSPDYW,4,0.13793103448275862
