CDR3,count,relative.frequency
CARDSIF,27,0.16265060240963855
CARYMIF,21,0.12650602409638553
CHQYNKWPPIF,2,0.012048192771084338
CQQNLSAPLIF,2,0.012048192771084338
CQQRYHRPLTF,2,0.012048192771084338
CQQYGRSPYIF,2,0.012048192771084338
CQQYHDRPLTF,15,0.09036144578313253
CQQYISVPLIF,2,0.012048192771084338
CQQYLSVPLIF,81,0.4879518072289157
CQQYNTWPLIF,6,0.03614457831325301
CSRTRWDIF,4,0.024096385542168676
CSSYTTSTPVIF,2,0.012048192771084338
