CDR3,count,relative.frequency
CASSADSDYGYTF,2,0.07407407407407407
CASSELADEQYF,3,0.1111111111111111
CASSKGNTEAFF,2,0.07407407407407407
CASSLFLGNEQFF,4,0.14814814814814814
CASSLRHGYTF,3,0.1111111111111111
CASSLVDTQYF,6,0.2222222222222222
CASSSGTHYEQYF,3,0.1111111111111111
CSARGHETQYF,2,0.07407407407407407
CSVKQEDYGYTF,2,0.07407407407407407
