CDR3,count,relative.frequency
CAKFDFW,6,0.03508771929824561
CARAAGYKWFDPW,2,0.011695906432748537
CARANWKYWAYW,2,0.011695906432748537
CARDYGRAFDVW,2,0.011695906432748537
CARGDNWNAFDVW,40,0.23391812865497075
CARGGGGWYFDLW,4,0.023391812865497075
CARGQWNFDYW,2,0.011695906432748537
CARGTDYW,2,0.011695906432748537
CARGVWNRYFDYW,6,0.03508771929824561
CARIVLGAFDIW,2,0.011695906432748537
CARNLPSAGGYDYW,4,0.023391812865497075
CARQNYPYAFAIW,2,0.011695906432748537
CARSDYDHLFDFW,2,0.011695906432748537
CATHVYTTAFDIW,2,0.011695906432748537
CPPVNWFDPW,4,0.023391812865497075
CTGFYAMDVW,2,0.011695906432748537
CTGHNCYVAYW,2,0.011695906432748537
CTRDGDYW,78,0.45614035087719296
CVRDTLWAFDVW,4,0.023391812865497075
CVREGSQWTFDLW,3,0.017543859649122806
