CDR3,count,relative.frequency
CARDPGIF,9,0.13846153846153847
CARDSPQIF,7,0.1076923076923077
CARSILIF,2,0.03076923076923077
CARVGIF,6,0.09230769230769231
CGVWDESLRGLIF,4,0.06153846153846154
CQQLNNYPLIF,2,0.03076923076923077
CQQSNSTPYIF,2,0.03076923076923077
CQQSYSNPLIF,8,0.12307692307692308
CQQSYSPPYIF,2,0.03076923076923077
CQQSYSTPYIF,11,0.16923076923076924
CQQYESLRPLTF,2,0.03076923076923077
CQRGGIF,2,0.03076923076923077
CQVWGTRTAIF,2,0.03076923076923077
CSSYAASNILIF,4,0.06153846153846154
CTSYTGTDTLIF,2,0.03076923076923077
