CDR3,count,relative.frequency
CASSLGGNQDTQYF,5,0.5555555555555556
CSAEGGSSYVQYF,2,0.2222222222222222
CSAYTSGNTWVF,2,0.2222222222222222
