CDR3,count,relative.frequency
CASSLSETGELFF,6,0.5
CMHSAHYGYTF,2,0.16666666666666666
CSSYRSGNTLVF,2,0.16666666666666666
CSVADNEQFF,2,0.16666666666666666
