CDR3,count,relative.frequency
CAISEEGGYEQYF,4,0.0449438202247191
CASEAQETQYF,2,0.02247191011235955
CASSLGTGGTIYF,10,0.11235955056179775
CASSLQDTQYF,2,0.02247191011235955
CASSLSELTDTQYF,11,0.12359550561797752
CASSLTRVGYTF,2,0.02247191011235955
CASSQWGYEQYF,10,0.11235955056179775
CASSSAYEQYF,7,0.07865168539325842
CASSVGGYGYTF,31,0.34831460674157305
CASSYSKDNEQFF,2,0.02247191011235955
CAWSAGGHTEAFF,2,0.02247191011235955
CSVEAASYEQYF,4,0.0449438202247191
CSVRLAGGSEQYF,2,0.02247191011235955
