CDR3,count,relative.frequency
CARTRITIF,6,0.5
CCSYAGSTTLIF,2,0.16666666666666666
CQVWDRTTDHLIF,2,0.16666666666666666
CSSYTSSRTLIF,2,0.16666666666666666
