CDR3,count,relative.frequency
CASSVRQGTDTQYF,4,0.0975609756097561
CAWSLALNTEAFF,8,0.1951219512195122
CLQTSSYPYTF,12,0.2926829268292683
CSASSIPEQYF,2,0.04878048780487805
CSSFSSGNTFVF,7,0.17073170731707318
CSVTGPMNTEAFF,6,0.14634146341463414
CTSYTSTDTRVF,2,0.04878048780487805
