CDR3,count,relative.frequency
CAKYVGNTAGIDYW,3,0.047619047619047616
CARDKNRQHAFDVW,2,0.031746031746031744
CAREGSGWYAFDIW,8,0.12698412698412698
CARGGDAPDFW,16,0.25396825396825395
CARQTATAPEFDYW,2,0.031746031746031744
CAW,2,0.031746031746031744
CMADLDYW,4,0.06349206349206349
CSDTTCSYFDSW,2,0.031746031746031744
CSRGFERFFYW,2,0.031746031746031744
CTGAWCYFDLW,8,0.12698412698412698
CVRETARAGFDYW,12,0.19047619047619047
CVVNSPDSW,2,0.031746031746031744
