CDR3,count,relative.frequency
CCSYAGTPYIF,4,0.10256410256410256
CMRGPIF,21,0.5384615384615384
CQQYFVAPPIF,2,0.05128205128205128
CQQYLTTPLIF,2,0.05128205128205128
CQSNAGGNLIF,2,0.05128205128205128
CSRAAIF,2,0.05128205128205128
CSSYTGTNIPLIF,2,0.05128205128205128
CVRDRDTIF,4,0.10256410256410256
