CDR3,count,relative.frequency
CAIGGTGELFF,3,0.08333333333333333
CASSLDPWRGYTF,4,0.1111111111111111
CASSPGGTGELFF,2,0.05555555555555555
CASSQVGPHYEQYF,3,0.08333333333333333
CASSSQGSTEAFF,2,0.05555555555555555
CASSYSPRVEAFF,8,0.2222222222222222
CASTLPGENTEAFF,2,0.05555555555555555
CASTPDGNYGYTF,2,0.05555555555555555
CDSSLEAVYGYTF,2,0.05555555555555555
CGRAHTQYF,2,0.05555555555555555
CHQYNKGYTF,2,0.05555555555555555
CSVDASHYGYTF,2,0.05555555555555555
CSVEGDGYEQYF,2,0.05555555555555555
