CDR3,count,relative.frequency
CAGDCYHYFDYW,8,0.03636363636363636
CAKGALSLDYW,3,0.013636363636363636
CAKGDNYGAFDIW,10,0.045454545454545456
CAKGKTLDYW,6,0.02727272727272727
CAKYFDFW,3,0.013636363636363636
CARALDIW,3,0.013636363636363636
CARATWGQALDIW,2,0.00909090909090909
CARDFDYW,4,0.01818181818181818
CARDSVGLDYW,3,0.013636363636363636
CARDVSRELLDYW,9,0.04090909090909091
CARGDNSGAFDVW,2,0.00909090909090909
CARGGSYGSVVDYW,3,0.013636363636363636
CARGGWDDALDIW,2,0.00909090909090909
CARGRGIAALDYW,2,0.00909090909090909
CARGRGYTGAFEIW,2,0.00909090909090909
CARGSGRFEYW,2,0.00909090909090909
CARLHRGDYW,12,0.05454545454545454
CARNWVQLWYLDYW,2,0.00909090909090909
CARVLVGAMDYW,2,0.00909090909090909
CARVPSGDYYFDSW,4,0.01818181818181818
CARVRAGAYFDSW,2,0.00909090909090909
CARVRYWYFDLW,10,0.045454545454545456
CLQWFDSW,3,0.013636363636363636
CRRALNYFDSW,2,0.00909090909090909
CRSGFDYW,6,0.02727272727272727
CSDAFDMW,5,0.022727272727272728
CSGGSCRGFDYW,4,0.01818181818181818
CSGMDVW,2,0.00909090909090909
CSGNSCPYYFDSW,6,0.02727272727272727
CSTAPGDYW,5,0.022727272727272728
CTNGVCLQWFDSW,17,0.07727272727272727
CTPTETLMDYW,2,0.00909090909090909
CTRKSSGAFDMW,8,0.03636363636363636
CTRPHDSGDYW,2,0.00909090909090909
CTSPHASGDYW,3,0.013636363636363636
CTSPHDSGDYW,37,0.16818181818181818
CTSPHDYGDYW,5,0.022727272727272728
CTTDGASGSTPFDYW,2,0.00909090909090909
CTTKFNYW,7,0.031818181818181815
CVRLPHWYFDVW,4,0.01818181818181818
CVSNFDSW,2,0.00909090909090909
CYRGFDLW,2,0.00909090909090909
