CDR3,count,relative.frequency
CCAYTGRFSLIF,2,0.13333333333333333
CQQCYGRPLTF,3,0.2
CQQYHKDPYIF,2,0.13333333333333333
CSSYGGNNNLIF,2,0.13333333333333333
CSSYRRNITLIF,2,0.13333333333333333
CSSYSERDKLIF,2,0.13333333333333333
CVSYAGRDILIF,2,0.13333333333333333
