CDR3,count,relative.frequency
CAAWDDSLIF,3,0.034482758620689655
CARASIF,68,0.7816091954022989
CARDWQRITIF,4,0.04597701149425287
CNSRVDIF,8,0.09195402298850575
CQAWDRTVIF,2,0.022988505747126436
CQQSFRRPLTF,2,0.022988505747126436
