CDR3,count,relative.frequency
CARDLNWVPFDYW,15,0.39473684210526316
CAREPYSSYAMDVW,9,0.23684210526315788
CARERWDWYFDLW,2,0.05263157894736842
CARESAAADFFDYW,2,0.05263157894736842
CARGDVRDYW,2,0.05263157894736842
CARGEEDAFDIW,3,0.07894736842105263
CARRYFEYW,2,0.05263157894736842
CIFFDKW,3,0.07894736842105263
