CDR3,count,relative.frequency
CAGDRDWAFDIW,5,0.38461538461538464
CARGNWLVYFDYW,6,0.46153846153846156
CSRDTCTPDALDIW,2,0.15384615384615385
