CDR3,count,relative.frequency
CAANSDHLNF,2,0.00375234521575985
CAAWLLAGLLGF,2,0.00375234521575985
CALLGMDGF,2,0.00375234521575985
CALRGQGGGNF,2,0.00375234521575985
CALSNTDKLIF,2,0.00375234521575985
CARDFDYF,8,0.0150093808630394
CAREEGF,2,0.00375234521575985
CAYSVLPPF,4,0.0075046904315197
CCSYAGRSTF,2,0.00375234521575985
CCXYTNSGTLF,2,0.00375234521575985
CESASYPEGNF,367,0.6885553470919324
CESASYPGGNF,2,0.00375234521575985
CESASYXEGNF,2,0.00375234521575985
CESDSYPEGNF,2,0.00375234521575985
CGMISDAGAGF,2,0.00375234521575985
CGSASYPEGNF,2,0.00375234521575985
CHHYGRSPQTF,2,0.00375234521575985
CHQYCYSLTF,2,0.00375234521575985
CISFLFFSFF,2,0.00375234521575985
CIVMDTIIWF,2,0.00375234521575985
CLLFGTQLVFF,3,0.005628517823639775
CLLYYSGAQGF,2,0.00375234521575985
CLQFDSSPWTF,10,0.01876172607879925
CLQIFHWPHTF,2,0.00375234521575985
CMQAIHRLTF,12,0.0225140712945591
CMQSLQSLTF,2,0.00375234521575985
CMQTLLIPHTF,8,0.0150093808630394
CMQVTHFXYTF,2,0.00375234521575985
CQAWDSNTVGF,2,0.00375234521575985
CQFGATF,2,0.00375234521575985
CQHFNTLPWTF,2,0.00375234521575985
CQHLSSAFTF,2,0.00375234521575985
CQHLSSYPFTF,2,0.00375234521575985
CQHYLPSAFTF,3,0.005628517823639775
CQHYNTYATF,2,0.00375234521575985
CQQFGNSLFTF,2,0.00375234521575985
CQQLHTYXITF,5,0.009380863039399626
CQQNFIGGTF,15,0.028142589118198873
CQQNFIGXTF,2,0.00375234521575985
CQQNFIXGTF,2,0.00375234521575985
CQQSATF,2,0.00375234521575985
CQQSFTNVFTF,2,0.00375234521575985
CQQSVNSSYTF,2,0.00375234521575985
CQQSYHVFTF,2,0.00375234521575985
CQQSYNTPHTF,2,0.00375234521575985
CQQTFRGGTF,2,0.00375234521575985
CQQYDNLXYTF,2,0.00375234521575985
CQQYEDETWTF,4,0.0075046904315197
CQQYFIVPYTF,5,0.009380863039399626
CQQYGSSITF,3,0.005628517823639775
CQQYYNNFPTF,2,0.00375234521575985
CSSLLYLCCTF,2,0.00375234521575985
CSSYAGNYIRVF,4,0.0075046904315197
CTTDLNYF,4,0.0075046904315197
