CDR3,count,relative.frequency
CHQTNSFPHTF,2,0.015748031496062992
CLQDYDYPRTF,3,0.023622047244094488
CLQDYDYPVTF,2,0.015748031496062992
CLQHRSYPHTF,2,0.015748031496062992
CLQHSSYPWTF,2,0.015748031496062992
CLQQNSYPYTF,2,0.015748031496062992
CMQAAHWPYTF,2,0.015748031496062992
CMQALETPRTF,2,0.015748031496062992
CMQALETPTF,2,0.015748031496062992
CMQALQTPFTF,3,0.023622047244094488
CMQALQTPLTF,3,0.023622047244094488
CMQALQTPPTF,3,0.023622047244094488
CMQALQTPYIF,2,0.015748031496062992
CMQATHWPYTF,4,0.031496062992125984
CMQATYWPLTF,2,0.015748031496062992
CMQGTHWPWTF,2,0.015748031496062992
CMQRIEFPYTF,8,0.06299212598425197
CQHLYSYPFTF,2,0.015748031496062992
CQHYGGSPYTF,4,0.031496062992125984
CQHYHSYSGTF,4,0.031496062992125984
CQQFDNLPFTF,2,0.015748031496062992
CQQRPNWAF,4,0.031496062992125984
CQQRSNWAF,2,0.015748031496062992
CQQSFTTPYTF,2,0.015748031496062992
CQQSYPTPFF,2,0.015748031496062992
CQQYDNNWTF,2,0.015748031496062992
CQQYDSYPFTF,2,0.015748031496062992
CQQYGDSPHF,2,0.015748031496062992
CQQYGNSPRTF,2,0.015748031496062992
CQQYGSSPLYTF,2,0.015748031496062992
CQQYGSSPPFSF,2,0.015748031496062992
CQQYGSSPPITF,2,0.015748031496062992
CQQYGSSPVTF,3,0.023622047244094488
CQQYGTSPWTF,2,0.015748031496062992
CQQYKAYSGYTF,4,0.031496062992125984
CQQYKSYDYTF,2,0.015748031496062992
CQQYNAYPWTF,2,0.015748031496062992
CQQYNDWPLTF,2,0.015748031496062992
CQQYNIWPWTF,3,0.023622047244094488
CQQYNKYPWTF,2,0.015748031496062992
CQQYNNWPPWTF,2,0.015748031496062992
CQQYNSEPYTF,2,0.015748031496062992
CQQYNSPSPWTF,2,0.015748031496062992
CQQYNTYPLTF,3,0.023622047244094488
CQQYSGSPPYTF,2,0.015748031496062992
CQQYSSWPPYTF,2,0.015748031496062992
CQQYTNLPPTF,2,0.015748031496062992
CQQYVSSAWTF,4,0.031496062992125984
CQQYYSIPFTF,2,0.015748031496062992
CQQYYSIPRTF,2,0.015748031496062992
CQQYYSNPSF,2,0.015748031496062992
