CDR3,count,relative.frequency
CAASEFTFSTF,5,0.005025125628140704
CAASGFSFSTF,2,0.0020100502512562816
CAASGFTF,2,0.0020100502512562816
CAATGLAPSAPGF,2,0.0020100502512562816
CAAWDDSLSGWGF,6,0.006030150753768844
CAKEENRLSNF,3,0.003015075376884422
CALPILRVSLGF,2,0.0020100502512562816
CARDFGF,2,0.0020100502512562816
CARDLF,16,0.016080402010050253
CARGRRYF,12,0.012060301507537688
CARLYQLHF,4,0.004020100502512563
CASEFVRGF,187,0.1879396984924623
CAYRSAINNDMRF,2,0.0020100502512562816
CCSYAGSGTLVF,2,0.0020100502512562816
CERDSGAAGF,2,0.0020100502512562816
CESASYPEGNF,404,0.40603015075376886
CGSLGGWGGF,2,0.0020100502512562816
CGSPEAF,13,0.01306532663316583
CGSQGLPFGF,3,0.003015075376884422
CGSYTTSAVF,4,0.004020100502512563
CGTWDDSLRGWGF,3,0.003015075376884422
CGTWDGSLSAWGF,2,0.0020100502512562816
CGTWDSSLNAWGF,2,0.0020100502512562816
CHQHNHWPTF,2,0.0020100502512562816
CHQSSSFTF,5,0.005025125628140704
CHQSYSSTRTF,4,0.004020100502512563
CISFLFFSFF,4,0.004020100502512563
CLLLFHLTFVF,2,0.0020100502512562816
CMHGTHPWTF,9,0.009045226130653266
CMQATHPWTF,16,0.016080402010050253
CMQPLQTPWTF,9,0.009045226130653266
CMQTARFPHTF,6,0.006030150753768844
CPPADPGTQGF,3,0.003015075376884422
CQHYAGSPWTF,9,0.009045226130653266
CQHYGTSSWTF,147,0.14773869346733667
CQHYNSYANTF,5,0.005025125628140704
CQHYTNWRFTF,15,0.01507537688442211
CQQAWTTF,5,0.005025125628140704
CQQQGFTF,2,0.0020100502512562816
CQQRSSSITF,2,0.0020100502512562816
CQQSYNVLTF,2,0.0020100502512562816
CQQYAGSFTF,5,0.005025125628140704
CQQYDKWPHTF,2,0.0020100502512562816
CQQYHIYKTF,3,0.003015075376884422
CQQYHNYWTF,13,0.01306532663316583
CQQYRLVTF,3,0.003015075376884422
CQTWGTETRGF,2,0.0020100502512562816
CQVWDSTGVF,3,0.003015075376884422
CSGLHQLHF,2,0.0020100502512562816
CSPSDPMVFSSF,2,0.0020100502512562816
CSSSLPWGGWGF,2,0.0020100502512562816
CSSYAGSTNF,4,0.004020100502512563
CSSYTSRNTKVF,2,0.0020100502512562816
CTASGFTFSNF,3,0.003015075376884422
CVRDRGGF,3,0.003015075376884422
CVSRRGGF,2,0.0020100502512562816
CVVSVRTESTF,3,0.003015075376884422
CYSFAGTREVF,12,0.012060301507537688
