CDR3,count,relative.frequency
CASSLVAQPHGYTF,2,0.2222222222222222
CASSQRGMAEAFF,2,0.2222222222222222
CRSGGDYGYTF,2,0.2222222222222222
CSAAAGLAYEQYF,3,0.3333333333333333
