CDR3,count,relative.frequency
CAFADKTGSPHLIF,6,0.42857142857142855
CQNYVNAPIIF,2,0.14285714285714285
CQQVDTNPFIF,4,0.2857142857142857
CTTDPTIF,2,0.14285714285714285
