CDR3,count,relative.frequency
CASGTSGRDEQYF,2,0.03508771929824561
CASSEYWTGGYTF,18,0.3157894736842105
CASSLRQRNEQFF,3,0.05263157894736842
CASSPMENTEAFF,2,0.03508771929824561
CASSSLETQYF,5,0.08771929824561403
CASSTTGELFF,9,0.15789473684210525
CASSYEYEQYF,14,0.24561403508771928
CATSRDRSHEQYF,4,0.07017543859649122
