CDR3,count,relative.frequency
CASSAGSYNEQFF,3,0.2727272727272727
CASSGDRGIEAFF,4,0.36363636363636365
CASSIAVNYGYTF,2,0.18181818181818182
CQQSYLSPLIF,2,0.18181818181818182
