CDR3,count,relative.frequency
CARDRWTIF,4,0.03007518796992481
CARLIF,7,0.05263157894736842
CARNQRNTIF,11,0.08270676691729323
CARPSRNAIF,12,0.09022556390977443
CARSVIF,6,0.045112781954887216
CCSFAGTYKLIF,7,0.05263157894736842
CCSYEGSSILIF,2,0.015037593984962405
CQAWESRSVIF,16,0.12030075187969924
CQQSYSSPYIF,2,0.015037593984962405
CQTCDRTIIF,2,0.015037593984962405
CQTWDRTIIF,45,0.3383458646616541
CSSYAGGDNLIF,2,0.015037593984962405
CSSYAGRYTIF,10,0.07518796992481203
CYFAADDKVIF,7,0.05263157894736842
