CDR3,count,relative.frequency
CASRGPGSTEAFF,2,0.07142857142857142
CASRKDGTSEQYF,2,0.07142857142857142
CASRRGMNTEAFF,2,0.07142857142857142
CASSLKETQYF,2,0.07142857142857142
CASSPDGRSNEQYF,2,0.07142857142857142
CASSPGQSYGYTF,2,0.07142857142857142
CASSPGVNEQYF,2,0.07142857142857142
CASSPLGYEQYF,2,0.07142857142857142
CASSRYGYTF,2,0.07142857142857142
CASSYDSNNGYTF,3,0.10714285714285714
CASSYRTEAFF,3,0.10714285714285714
CAWSRGAVYGYTF,2,0.07142857142857142
CESRVETQPF,2,0.07142857142857142
