CDR3,count,relative.frequency
CAKDTPKIF,2,0.008888888888888889
CAKGRPIF,2,0.008888888888888889
CARAQPTIF,2,0.008888888888888889
CARDAIF,16,0.07111111111111111
CARDGIF,31,0.13777777777777778
CARDHIF,3,0.013333333333333334
CARDTIF,78,0.3466666666666667
CARESIF,51,0.22666666666666666
CARNSIF,3,0.013333333333333334
CARRISIF,2,0.008888888888888889
CATRISIF,2,0.008888888888888889
CCSYAGRSTIF,4,0.017777777777777778
CQQFEALPYIF,17,0.07555555555555556
CQQHHSVPLIF,2,0.008888888888888889
CQQRATRPLTF,2,0.008888888888888889
CSSYAGSYPLIF,4,0.017777777777777778
CSSYRDDKVIF,4,0.017777777777777778
