CDR3,count,relative.frequency
CGHIKRGYIF,2,0.07407407407407407
CQAWDGRTVIF,13,0.48148148148148145
CQQPYIF,4,0.14814814814814814
CQQYKSYPLIF,6,0.2222222222222222
CSSYATDKKIF,2,0.07407407407407407
