CDR3,count,relative.frequency
CASIRTGINYGYTF,2,0.023529411764705882
CASRVLNSPLHF,4,0.047058823529411764
CASSFGNYGYTF,4,0.047058823529411764
CASSFTGQTNTEAFF,2,0.023529411764705882
CASSGAAYEQYF,2,0.023529411764705882
CASSLDYEQYF,36,0.4235294117647059
CASSLNTEAFF,2,0.023529411764705882
CASSLTGGNGYTF,3,0.03529411764705882
CASSSGGLYEQYF,2,0.023529411764705882
CASSWMETQYF,3,0.03529411764705882
CASSYGRDYGYTF,10,0.11764705882352941
CSAALGGETQYF,3,0.03529411764705882
CSARDGQTQYF,7,0.08235294117647059
CSVETALNTEAFF,3,0.03529411764705882
CTHGSEVNTEAFF,2,0.023529411764705882
