CDR3,count,relative.frequency
CAGTKILIF,7,0.06140350877192982
CARDKIF,2,0.017543859649122806
CARGGIF,23,0.20175438596491227
CARGRATIF,11,0.09649122807017543
CASFTSAHLLIF,2,0.017543859649122806
CASYTNERIVIF,2,0.017543859649122806
CASYTNNRIVIF,33,0.2894736842105263
CASYTNNRMVIF,2,0.017543859649122806
CASYTNNRVAIF,2,0.017543859649122806
CCSYAGSDTLIF,2,0.017543859649122806
CDTYTYTDKLIF,7,0.06140350877192982
CFSFTSTSTLIF,2,0.017543859649122806
CKQYRSIPIIF,2,0.017543859649122806
CNSRDRVVIF,2,0.017543859649122806
CQQFDTSPTIF,2,0.017543859649122806
CQQYNSYPLIF,2,0.017543859649122806
CSSTAGNFLIF,2,0.017543859649122806
CSSYAGIRHLIF,2,0.017543859649122806
CSSYTRATTLIF,2,0.017543859649122806
CSSYVITGLIF,3,0.02631578947368421
CVQGKQWPPYIF,2,0.017543859649122806
