CDR3,count,relative.frequency
CASSFYMKGQETQYF,2,0.3333333333333333
CASSYGQGDQPQHF,2,0.3333333333333333
CSHEQYF,2,0.3333333333333333
