CDR3,count,relative.frequency
CAGASAEGWFDYW,2,0.0072992700729927005
CAGASAEGWYDYW,3,0.010948905109489052
CAGSSCYIDYW,6,0.021897810218978103
CAINAFDYW,35,0.12773722627737227
CAINGFDYW,2,0.0072992700729927005
CAKDAFGPHDYW,5,0.01824817518248175
CAKDVW,2,0.0072992700729927005
CAKQAFDLW,8,0.029197080291970802
CAKQAFDVW,2,0.0072992700729927005
CAKQYVDLW,33,0.12043795620437957
CARDGLEGGFDIW,2,0.0072992700729927005
CARDRGDGAFDIW,5,0.01824817518248175
CARDRHYLGYW,3,0.010948905109489052
CARDTKGGFDSW,2,0.0072992700729927005
CAREAEGFDIW,11,0.040145985401459854
CAREGRVAADVW,6,0.021897810218978103
CAREGVGASLDYW,6,0.021897810218978103
CARETTRSFDPW,16,0.058394160583941604
CARISQGSGVDYW,2,0.0072992700729927005
CARLTSARPQDYW,10,0.0364963503649635
CARPVDFDIW,2,0.0072992700729927005
CARQPHSRPFDYW,5,0.01824817518248175
CARRPAARPFDFW,2,0.0072992700729927005
CARRPAARPFDYW,5,0.01824817518248175
CASALLSSFDYW,13,0.04744525547445255
CATDGRTDYW,7,0.025547445255474453
CATRTPALDIW,8,0.029197080291970802
CEGDDGGAFDIW,3,0.010948905109489052
CSDGVCHLYFDLW,2,0.0072992700729927005
CSGGSCYFDTW,3,0.010948905109489052
CSNWFESW,20,0.072992700729927
CSQGGCYFDYW,2,0.0072992700729927005
CSRGSWFDPW,5,0.01824817518248175
CSSGSCYDYW,4,0.014598540145985401
CSSGTCPFDNW,2,0.0072992700729927005
CSSTICSNWFESW,3,0.010948905109489052
CSTEGMYGPYW,5,0.01824817518248175
CTKQAFDLW,3,0.010948905109489052
CTNQAFDLW,13,0.04744525547445255
CTRGGFQHAMDVW,4,0.014598540145985401
CVRSGGPNHFDLW,2,0.0072992700729927005
