CDR3,count,relative.frequency
CASRGRGSGGSDTQYF,2,0.3333333333333333
CASSADTNTEAFF,2,0.3333333333333333
CASSRKDRGTNEKLFF,2,0.3333333333333333
