CDR3,count,relative.frequency
CQQYGSSPKTF,2,0.2222222222222222
CQQYNFWPRWTF,2,0.2222222222222222
CQQYYSYPRTF,2,0.2222222222222222
CQQYYSYRSF,3,0.3333333333333333
