CDR3,count,relative.frequency
CAHGAPFQYW,3,0.015151515151515152
CAHRPVEGTFDYW,2,0.010101010101010102
CAKWPWFDAW,6,0.030303030303030304
CAKWPYFDAW,4,0.020202020202020204
CALGGWDYW,4,0.020202020202020204
CAPDFNWFDAW,3,0.015151515151515152
CARAYEFDIW,7,0.03535353535353535
CARDGGGFDHW,2,0.010101010101010102
CARDRAVMGFDYW,4,0.020202020202020204
CARDSFEAPADYW,2,0.010101010101010102
CAREEVRGFDIW,4,0.020202020202020204
CARFYGDSHFDYW,2,0.010101010101010102
CARGGDYW,4,0.020202020202020204
CARGGWFLDYW,3,0.015151515151515152
CARGRGDYW,3,0.015151515151515152
CARGSWDYW,4,0.020202020202020204
CARHKDWFDPW,2,0.010101010101010102
CARVTGDGWFDPW,6,0.030303030303030304
CARVTTQGFGYW,2,0.010101010101010102
CARWPFFDAW,12,0.06060606060606061
CARWPWFDAW,2,0.010101010101010102
CARWTNPFDHW,3,0.015151515151515152
CARWTNPFDLW,8,0.04040404040404041
CARWTNPFDPW,11,0.05555555555555555
CASQLGADALDIW,20,0.10101010101010101
CATQTPDDALDVW,2,0.010101010101010102
CAW,3,0.015151515151515152
CHHW,2,0.010101010101010102
CKHIPDYW,5,0.025252525252525252
CLRSYFDAW,12,0.06060606060606061
CSHIVRGRFDYW,3,0.015151515151515152
CSRTICDDFDYW,2,0.010101010101010102
CSRTTCYGAFDIW,36,0.18181818181818182
CTNVLTDTLDYW,4,0.020202020202020204
CVRGRNGRVDYW,3,0.015151515151515152
CYEGTGLSDYW,3,0.015151515151515152
