CDR3,count,relative.frequency
CQQYLRGGIF,7,0.7777777777777778
CQVWDNNNLIF,2,0.2222222222222222
