CDR3,count,relative.frequency
CAGLGGRDQETQYF,2,0.2857142857142857
CSNQPQHF,2,0.2857142857142857
CSYEQYF,3,0.42857142857142855
