CDR3,count,relative.frequency
CARERKGIF,3,0.07142857142857142
CCSYAGFRNLIF,3,0.07142857142857142
CLQYGYRPLSF,2,0.047619047619047616
CQQSYSLPLIF,2,0.047619047619047616
CQQYDSLLLIF,32,0.7619047619047619
