CDR3,count,relative.frequency
CAAGVCSTDYW,12,0.05581395348837209
CAKAGLDGSFDIW,4,0.018604651162790697
CAKEYSGYADYW,28,0.13023255813953488
CAKKIGTVVFDFW,3,0.013953488372093023
CAKKIGTVVFDSW,3,0.013953488372093023
CAKKIGTVVFDYW,2,0.009302325581395349
CAKKVGTVVFDSW,4,0.018604651162790697
CARALDYW,5,0.023255813953488372
CARAPNGGHFDFW,2,0.009302325581395349
CARDYGFWDGIDVW,3,0.013953488372093023
CAREGGWYIDYW,3,0.013953488372093023
CARERASGDDGFDVW,4,0.018604651162790697
CARGGIGTWFDPW,2,0.009302325581395349
CARGGSDFSFDSW,5,0.023255813953488372
CARGVTVTRFDPW,2,0.009302325581395349
CARKWFGAYYFDYW,2,0.009302325581395349
CARRLRGLFDSW,6,0.027906976744186046
CARRNYHYYAMDVW,3,0.013953488372093023
CARRQGTAGFDPW,14,0.06511627906976744
CARVAEGYLDYW,11,0.05116279069767442
CASDSGSSLDYW,2,0.009302325581395349
CASGLTAPFDYW,2,0.009302325581395349
CASLYDYYW,11,0.05116279069767442
CAYDVW,10,0.046511627906976744
CLGHLDYW,2,0.009302325581395349
CSADLDYW,5,0.023255813953488372
CSGGSCYLDYW,4,0.018604651162790697
CSRINCFLDYW,7,0.03255813953488372
CSRSSCTRFDIW,2,0.009302325581395349
CTPAYYYYMDVW,3,0.013953488372093023
CTSTNCFLDYW,11,0.05116279069767442
CTTSPTVNEENFDYW,2,0.009302325581395349
CVPRRWFDYW,13,0.06046511627906977
CVRDSITYGWFDPW,4,0.018604651162790697
CVRDSVTYGWFDPW,2,0.009302325581395349
CVRLYARYW,2,0.009302325581395349
CWLRPYFDTW,2,0.009302325581395349
CYFDLW,10,0.046511627906976744
CYTEQRGDWFDPW,3,0.013953488372093023
