CDR3,count,relative.frequency
CAKDAFHAAFDIW,2,0.03278688524590164
CAKILSPDGIFDYW,2,0.03278688524590164
CAKILSPDGVFDYW,9,0.14754098360655737
CAKLLSPYGVFDYW,6,0.09836065573770492
CARDMNWNYDFDSW,2,0.03278688524590164
CARDRNHYFDVW,3,0.04918032786885246
CAREQWKVSFDSW,4,0.06557377049180328
CARFHYYYAMDVW,2,0.03278688524590164
CARGVRATDYW,2,0.03278688524590164
CARLKSGAFDSW,2,0.03278688524590164
CARTRSYNWFDAW,2,0.03278688524590164
CHYW,4,0.06557377049180328
CSGGSADPFDMW,14,0.22950819672131148
CSSLDYW,5,0.08196721311475409
CTEYFQQW,2,0.03278688524590164
