CDR3,count,relative.frequency
CAAGTNTEAFF,3,0.2
CASRGTGGTEAFF,2,0.13333333333333333
CASSERTGNGYTF,2,0.13333333333333333
CASSFDGGTYEQYF,2,0.13333333333333333
CASSRMSDATEAFF,2,0.13333333333333333
CASSSTGYTEAFF,4,0.26666666666666666
