CDR3,count,relative.frequency
CAARVAFSEALVF,5,0.0008703220191470844
CAFIPYTDKLIF,2,0.00034812880765883376
CAFMSYNTDKLIF,2,0.00034812880765883376
CALSTGEKGF,2,0.00034812880765883376
CASASYPEGNF,3,0.0005221932114882506
CAVPVVCITF,2,0.00034812880765883376
CDSASYPEGNF,7,0.0012184508268059183
CESAIYPEGNF,4,0.0006962576153176675
CESASCPEGNF,2,0.00034812880765883376
CESASFPEGNF,2,0.00034812880765883376
CESASHPEGNF,2,0.00034812880765883376
CESASYHEGNF,2,0.00034812880765883376
CESASYPAGNF,2,0.00034812880765883376
CESASYPDGNF,8,0.001392515230635335
CESASYPEGNF,5595,0.9738903394255874
CESASYPERNF,2,0.00034812880765883376
CESASYPEVNF,6,0.0010443864229765013
CESASYPGGNF,5,0.0008703220191470844
CESASYPKGNF,2,0.00034812880765883376
CESASYPVGNF,2,0.00034812880765883376
CESASYSEGNF,2,0.00034812880765883376
CESASYTEGNF,2,0.00034812880765883376
CESATYPEGNF,5,0.0008703220191470844
CFFHIFVVLSTF,3,0.0005221932114882506
CGCFSKDNF,2,0.00034812880765883376
CGSASYPEGNF,5,0.0008703220191470844
CGSEELGCRNF,2,0.00034812880765883376
CGSHLQSQHF,2,0.00034812880765883376
CGSPEAF,10,0.0017406440382941688
CISFLFFSFF,2,0.00034812880765883376
CLLGQNGWHISGF,3,0.0005221932114882506
CLLLAQQNF,9,0.001566579634464752
CLLLLGRNLHGF,2,0.00034812880765883376
CQQFYGMPFNF,2,0.00034812880765883376
CQQSYSTPLTF,8,0.001392515230635335
CQQYYTSLHTF,6,0.0010443864229765013
CQSSLPTCLQRSGF,2,0.00034812880765883376
CSDVIIARCGF,5,0.0008703220191470844
CSDVIIARYGF,5,0.0008703220191470844
CTAMLAPGF,6,0.0010443864229765013
CVQVILRDYTF,2,0.00034812880765883376
CVYCGDNWSENF,3,0.0005221932114882506
