CDR3,count,relative.frequency
CAKEKSDVAGYFDYW,5,0.056179775280898875
CAKSYASHAYDVW,3,0.033707865168539325
CARDGPGFDYW,2,0.02247191011235955
CARGGFFDWFDSW,2,0.02247191011235955
CARGNKAPDYW,3,0.033707865168539325
CARGNRYFDYW,7,0.07865168539325842
CARHWVLNWFDSW,24,0.2696629213483146
CARLVDAFDIW,2,0.02247191011235955
CARNAWGIDYW,2,0.02247191011235955
CARNEAPFDIW,2,0.02247191011235955
CARRLRRWAFDIW,2,0.02247191011235955
CARVGDGAAFDIW,2,0.02247191011235955
CASFDSFDIW,5,0.056179775280898875
CATASGDAFDVW,3,0.033707865168539325
CDQW,9,0.10112359550561797
CIAGSFFNYW,5,0.056179775280898875
CNMYYFDHW,2,0.02247191011235955
CSGDRCYPWFDPW,2,0.02247191011235955
CSGSSCYGLFDYW,3,0.033707865168539325
CW,2,0.02247191011235955
CYLDSW,2,0.02247191011235955
