CDR3,count,relative.frequency
CAARVAFSEALVF,2,0.001568627450980392
CARDF,2,0.001568627450980392
CASYTRANTYVF,2,0.001568627450980392
CDSASYPEGNF,2,0.001568627450980392
CESASYPEANF,2,0.001568627450980392
CESASYPEENF,3,0.002352941176470588
CESASYPEGNF,1217,0.9545098039215686
CESASYPEGTF,6,0.004705882352941176
CESASYPEVNF,3,0.002352941176470588
CESASYPGGNF,3,0.002352941176470588
CESASYPKGNF,2,0.001568627450980392
CGSLWGGGGF,3,0.002352941176470588
CHHRINWPWTF,2,0.001568627450980392
CISFLFFSFF,5,0.00392156862745098
CLHHSSWTF,2,0.001568627450980392
CLLNSRKMTF,2,0.001568627450980392
CMQALEALTF,2,0.001568627450980392
CMQVLRIPFTF,2,0.001568627450980392
CPPRPHNPGF,3,0.002352941176470588
CQELHGDGYF,2,0.001568627450980392
CQQYDSYLWTF,2,0.001568627450980392
CQQYYTHLHTF,2,0.001568627450980392
CTTAYYF,2,0.001568627450980392
CVVFLRKRDF,2,0.001568627450980392
