CDR3,count,relative.frequency
CARETGYF,10,0.8333333333333334
CQRYGQTF,2,0.16666666666666666
