CDR3,count,relative.frequency
CAGRGVDYW,10,0.07462686567164178
CAHERRWRHIDYW,6,0.04477611940298507
CAHRDILTDFDYW,3,0.022388059701492536
CAIKRFDYW,2,0.014925373134328358
CAKMEGDAFDVW,20,0.14925373134328357
CARAPGTFDIW,5,0.03731343283582089
CARDRLRGAFDIW,3,0.022388059701492536
CARDRNYCDFW,6,0.04477611940298507
CARDRNYCDYW,5,0.03731343283582089
CAREPLLDYW,10,0.07462686567164178
CARGGDYW,2,0.014925373134328358
CARGLSGWGRGFDYW,5,0.03731343283582089
CARGPRRYFDYW,5,0.03731343283582089
CARGRKNADYW,3,0.022388059701492536
CARHKWVYLFDSW,2,0.014925373134328358
CARLSGSQGWFDPW,2,0.014925373134328358
CARQQQHLGLDYW,4,0.029850746268656716
CARQQQPLGLDYW,4,0.029850746268656716
CARRLHGYFDYW,4,0.029850746268656716
CARVGGDAFEIW,2,0.014925373134328358
CARVWSWNRIDPW,2,0.014925373134328358
CEYW,2,0.014925373134328358
CFDYW,4,0.029850746268656716
CPGNCYHFDSW,2,0.014925373134328358
CSGDCYYVFDIW,3,0.022388059701492536
CTIALRWDYW,6,0.04477611940298507
CTYDGDYNFDYW,2,0.014925373134328358
CVRDTNWIFDSW,4,0.029850746268656716
CVRDTNWIFDYW,4,0.029850746268656716
CYYGMDVW,2,0.014925373134328358
