CDR3,count,relative.frequency
CGITLVLSSHRGARDTGKAF,2,0.2857142857142857
CGMDSSYKLIF,2,0.2857142857142857
CVVNNARLMF,3,0.42857142857142855
