CDR3,count,relative.frequency
CADRGSTLGRLYF,3,0.16666666666666666
CALPIYCGNSGNTPLVF,2,0.1111111111111111
CGCENSGGSNYKLTF,8,0.4444444444444444
CGMDSSYKLIF,5,0.2777777777777778
