CDR3,count,relative.frequency
CAADYEGDYFNYW,5,0.08771929824561403
CAKNGKDDGFDIW,3,0.05263157894736842
CARETTVTTSFDYW,6,0.10526315789473684
CARGGSLDYW,6,0.10526315789473684
CARGKYRHAFDVW,2,0.03508771929824561
CARREATEYFHHW,2,0.03508771929824561
CARRRGDFDVW,3,0.05263157894736842
CASGNPFDYW,4,0.07017543859649122
CATWNAGHWFDFW,2,0.03508771929824561
CAYPGAFDIW,2,0.03508771929824561
CFDGGCYSDYW,14,0.24561403508771928
CSRSNCYEWGAFDVW,2,0.03508771929824561
CTTAPEIDYW,6,0.10526315789473684
