CDR3,count,relative.frequency
CAQGSF,3,0.42857142857142855
CASGGSYIPTF,2,0.2857142857142857
CGMDSSYKLIF,2,0.2857142857142857
