CDR3,count,relative.frequency
CASGPTEAFF,3,0.2727272727272727
CASRGTSGGNTIYF,2,0.18181818181818182
CASSQYTDTQYF,2,0.18181818181818182
CASSYARDSYEQYF,2,0.18181818181818182
CQQTSNTLATF,2,0.18181818181818182
