CDR3,count,relative.frequency
CAFHSSGSDYW,2,0.007575757575757576
CAHFDFW,16,0.06060606060606061
CAIASFDYW,22,0.08333333333333333
CAKGRSFFDYW,3,0.011363636363636364
CAKLGTNVDVDYW,7,0.026515151515151516
CAMGGGTDYFDLW,4,0.015151515151515152
CARAFDYW,29,0.10984848484848485
CARDEQLVLDYW,2,0.007575757575757576
CARDGGYNAFDIW,3,0.011363636363636364
CAREDYW,11,0.041666666666666664
CAREGHSTAFDVW,2,0.007575757575757576
CARGIDYW,4,0.015151515151515152
CARGVGARIDYW,4,0.015151515151515152
CARKTGTTAFDIW,2,0.007575757575757576
CARPGRENAFDIW,4,0.015151515151515152
CARPSPYGPFDYW,7,0.026515151515151516
CARPTWEWKFDSW,15,0.056818181818181816
CARQERTDYGDYW,4,0.015151515151515152
CARRRDGSYSDYW,3,0.011363636363636364
CARRVTGSHFDEW,2,0.007575757575757576
CARTGGREPFDYW,3,0.011363636363636364
CARVAFGGHFDYW,8,0.030303030303030304
CARVTDLGWVDSW,16,0.06060606060606061
CARWDGDYW,13,0.04924242424242424
CASRQWFFDYW,12,0.045454545454545456
CATEGGGWFHYW,4,0.015151515151515152
CATGIFGAYDIW,2,0.007575757575757576
CAVLNWDYW,2,0.007575757575757576
CDDTYCFFDYW,4,0.015151515151515152
CDYW,7,0.026515151515151516
CESGRLFDYW,2,0.007575757575757576
CGYDCPNAAFDIW,2,0.007575757575757576
CMDVW,3,0.011363636363636364
CPNAAFDIW,8,0.030303030303030304
CRLNSLYYFDLW,9,0.03409090909090909
CRSTTLDFDYW,4,0.015151515151515152
CSETTCHNWFDPW,2,0.007575757575757576
CSGGRCARAFDYW,3,0.011363636363636364
CSRAFDYW,8,0.030303030303030304
CTTETLTTLFDFW,2,0.007575757575757576
CWGSLFDYW,2,0.007575757575757576
CYYYAMDVW,2,0.007575757575757576
