CDR3,count,relative.frequency
CAGDCYFHFDKW,2,0.058823529411764705
CAKEYGTTLDYW,6,0.17647058823529413
CAKGYSGYDEFDPW,2,0.058823529411764705
CAKRIGAGGHFDFW,2,0.058823529411764705
CARAEVSSFFDYW,5,0.14705882352941177
CARAPEAEGTIDYW,2,0.058823529411764705
CAREEGYWSYFDLW,2,0.058823529411764705
CARGPWFDSW,2,0.058823529411764705
CARRSGYGFDVW,4,0.11764705882352941
CQRAWFDRW,2,0.058823529411764705
CTRVATITPFDYW,5,0.14705882352941177
