CDR3,count,relative.frequency
CARLAIF,6,0.21428571428571427
CCSYTPMNNLIF,4,0.14285714285714285
CCSYVTGTTLIF,11,0.39285714285714285
CSSYAGSKTLIF,2,0.07142857142857142
CSSYGGRNNLIF,2,0.07142857142857142
CTSYTGSTTLIF,3,0.10714285714285714
