CDR3,count,relative.frequency
CASKAGAAYEQYF,2,0.15384615384615385
CASSFGSNYEQYF,3,0.23076923076923078
CASSHGPNTEAFF,2,0.15384615384615385
CASSLALADTQYF,2,0.15384615384615385
CASSPGRQNTEAFF,2,0.15384615384615385
CASSQVGNDEAFF,2,0.15384615384615385
