CDR3,count,relative.frequency
CARARDPFDYW,10,0.10309278350515463
CARDQQHRLDYW,4,0.041237113402061855
CARDYGGDLGDYW,5,0.05154639175257732
CARERDAFDIW,20,0.20618556701030927
CARESELRYFDFW,6,0.061855670103092786
CARESGSYFDYW,3,0.030927835051546393
CARGDDGGRFDYW,6,0.061855670103092786
CARGGGSAFDIW,7,0.07216494845360824
CARGGGSAFDLW,5,0.05154639175257732
CARRSLDYW,2,0.020618556701030927
CATDYXGDLGDYW,5,0.05154639175257732
CTRGRGRGYFEAW,2,0.020618556701030927
CTRGRGRGYFETW,2,0.020618556701030927
CTRGRGRGYLDPW,2,0.020618556701030927
CTWYFDLW,2,0.020618556701030927
CVRDYDAWFDSW,12,0.12371134020618557
CW,4,0.041237113402061855
