CDR3,count,relative.frequency
CAHYVYTF,2,0.15384615384615385
CASSPGGGYTF,4,0.3076923076923077
CASSSVGGEQYF,3,0.23076923076923078
CISDELQYF,2,0.15384615384615385
CSSYTSGNTKIF,2,0.15384615384615385
