CDR3,count,relative.frequency
CAFRNRNFVFDYW,4,0.039603960396039604
CAHRPQVGSPFDSW,5,0.04950495049504951
CARDGDWAFDYW,5,0.04950495049504951
CARDLPGTYYAFDIW,2,0.019801980198019802
CARDNLQDAFDIW,8,0.07920792079207921
CARGEQLGDFDYW,5,0.04950495049504951
CARGEYGDLDYW,4,0.039603960396039604
CARGRWLQFFDYW,18,0.1782178217821782
CARGSGYKSAFDIW,3,0.0297029702970297
CARGSNWFEPW,2,0.019801980198019802
CARGSREPDYW,2,0.019801980198019802
CARGSWMEYFQHW,4,0.039603960396039604
CARGYLDVW,6,0.0594059405940594
CARTGSPDYW,12,0.1188118811881188
CASVTGAFDFW,2,0.019801980198019802
CATGLREGAFDSW,2,0.019801980198019802
CATVGTEYNWFDPW,6,0.0594059405940594
CSGDICYYWFDPW,6,0.0594059405940594
CTNAFDIW,3,0.0297029702970297
CVRSDAFDIW,2,0.019801980198019802
