CDR3,count,relative.frequency
CASSATGEAFF,2,0.2857142857142857
CASSKSPGGANVLTF,2,0.2857142857142857
CSSFTSTNTILF,3,0.42857142857142855
