CDR3,count,relative.frequency
CAAWDDSLNAVVF,2,0.012269938650306749
CAAWDDSLNGVVF,2,0.012269938650306749
CAAWDDSLNGYVF,10,0.06134969325153374
CAAWDERLNGYVF,2,0.012269938650306749
CAAWNDSLNGPVF,6,0.03680981595092025
CASWDDSLSGLVF,2,0.012269938650306749
CAWDDSLNGAVF,4,0.024539877300613498
CETWDSNTHVVF,2,0.012269938650306749
CETWDSSLSAVVF,2,0.012269938650306749
CGTWDSSLSFAYVVF,2,0.012269938650306749
CNSRDNSGNHFRMF,4,0.024539877300613498
CNSRDNSGNHLRMF,2,0.012269938650306749
CNSRDSSGNHLVF,2,0.012269938650306749
CNSRDSSGNHWVF,2,0.012269938650306749
CNSRDSSGNPWVF,4,0.024539877300613498
CQARDSSNVVF,2,0.012269938650306749
CQAWDGSTEVF,2,0.012269938650306749
CQAWDSSTGYVF,15,0.09202453987730061
CQAWDSSTVVF,3,0.018404907975460124
CQSADDSGTHVVF,2,0.012269938650306749
CQSADRSGSGVF,3,0.018404907975460124
CQSADSSATYVVF,2,0.012269938650306749
CQSADSSGIYVVF,2,0.012269938650306749
CQSADSSGSYNVF,2,0.012269938650306749
CQSADSSTNSWVF,2,0.012269938650306749
CQSADSTGSYEVF,2,0.012269938650306749
CQSADYSGTYGVF,2,0.012269938650306749
CQSGDSRGNYVF,3,0.018404907975460124
CQSGDSSGAYWVF,2,0.012269938650306749
CQSTDSHGAHVF,2,0.012269938650306749
CQSTDSSGTYVF,2,0.012269938650306749
CQSTDTSGPYWVF,4,0.024539877300613498
CQSYDRSLSGSVF,2,0.012269938650306749
CQSYDSNLSGSVF,3,0.018404907975460124
CQSYDSSLREGVF,2,0.012269938650306749
CQSYDSSLSGSVF,8,0.049079754601226995
CQTWDSRTAVVF,2,0.012269938650306749
CQTWDTGFYVF,4,0.024539877300613498
CQVWDGSSDHWVF,2,0.012269938650306749
CQVWDSSSDHKWIF,2,0.012269938650306749
CQVWDSSTDDHVVF,9,0.05521472392638037
CQVWDYSSDHWVF,2,0.012269938650306749
CSSFAGSNNVVF,3,0.018404907975460124
CSSYAGSYIWVF,2,0.012269938650306749
CSSYTSDSTLEF,2,0.012269938650306749
CSSYTSSSTVVF,2,0.012269938650306749
CYSAADNTVIF,5,0.03067484662576687
CYSTDSSGIHNVF,3,0.018404907975460124
CYSTDSSGNHGVF,2,0.012269938650306749
CYSTDSSGYHWVF,3,0.018404907975460124
CYSTDSTGNHGVF,2,0.012269938650306749
CYSTDTSGNHGVF,3,0.018404907975460124
