CDR3,count,relative.frequency
CAAWDDNLSGVVF,2,0.004149377593360996
CAAWDDRLNGLVF,9,0.01867219917012448
CAAWDDSLKGLVF,4,0.008298755186721992
CAAWDDSLNGPVF,44,0.0912863070539419
CAAWDDSLNGVVF,5,0.01037344398340249
CAAWDDSLNGWVF,12,0.024896265560165973
CAAWDDSLNGYVF,8,0.016597510373443983
CAAWDDSLSAVVF,2,0.004149377593360996
CAAWDDSLSGPVF,2,0.004149377593360996
CAAWDDSLSGWVF,3,0.006224066390041493
CAAWDDSLTGPYVVF,9,0.01867219917012448
CETWDNNTRVF,4,0.008298755186721992
CETWDSNTRVF,6,0.012448132780082987
CETWDTDTRVF,2,0.004149377593360996
CETWHSNTRVF,2,0.004149377593360996
CGTWDSSLSAVVF,7,0.014522821576763486
CGTWDTSLSAVVF,3,0.006224066390041493
CHSADSSGTYLVF,2,0.004149377593360996
CLLSYNGARWF,4,0.008298755186721992
CLLYYGGGWVF,2,0.004149377593360996
CNSRDNSGNPVVF,2,0.004149377593360996
CNSRDSSGNHVVF,8,0.016597510373443983
CNSRDSSGNLVVF,3,0.006224066390041493
CQAWASSTAMF,55,0.11410788381742738
CQAWDNSTVVF,2,0.004149377593360996
CQAWDSGTRVF,5,0.01037344398340249
CQAWDSNTAVF,4,0.008298755186721992
CQAWDSNTVVF,2,0.004149377593360996
CQAWDSNTWVF,2,0.004149377593360996
CQAWDSRTAGVF,2,0.004149377593360996
CQAWDSSIVVF,4,0.008298755186721992
CQAWDSSTAVF,7,0.014522821576763486
CQAWDSSTVVF,2,0.004149377593360996
CQAWDSSVVVF,10,0.02074688796680498
CQSADNSGTYVF,2,0.004149377593360996
CQSADSIGSYVVF,40,0.08298755186721991
CQSADSSGIYPWVF,4,0.008298755186721992
CQSADSSGTQRVF,2,0.004149377593360996
CQSADSSGTYVF,2,0.004149377593360996
CQSADSSGTYVVF,2,0.004149377593360996
CQSPDSSGTYTVVF,3,0.006224066390041493
CQSYDSALSGVVF,2,0.004149377593360996
CQSYDSSLSAVVF,14,0.029045643153526972
CQSYDSSLSDWVF,2,0.004149377593360996
CQSYDSSLSGSIF,8,0.016597510373443983
CQSYDSSLSGVVF,7,0.014522821576763486
CQSYDSSLSVGIF,13,0.026970954356846474
CQSYDSSLSVVVF,32,0.06639004149377593
CQSYDSSNHWVF,2,0.004149377593360996
CQVLDSSSDHYVF,8,0.016597510373443983
CQVWDSNTVVF,4,0.008298755186721992
CQVWDSSSDHIYVF,2,0.004149377593360996
CQVWDSSSDHVVF,6,0.012448132780082987
CQVWDSSSDPWVF,3,0.006224066390041493
CQVWSSSSDWVF,2,0.004149377593360996
CSSYAGSNKVVF,2,0.004149377593360996
CSSYAGSNNLLVF,5,0.01037344398340249
CSSYTSSSTHYVF,7,0.014522821576763486
CSSYTSSSTVVF,5,0.01037344398340249
CSYAGLYTFNYVF,4,0.008298755186721992
CSYAGSYTWVF,2,0.004149377593360996
CVLYMGRGNVVF,2,0.004149377593360996
CYSTDSSGNFWVF,9,0.01867219917012448
CYSTDSSGNLWVF,46,0.0954356846473029
