CDR3,count,relative.frequency
CAKGRITIF,5,0.031055900621118012
CARLLWF,4,0.024844720496894408
CARLPTIF,2,0.012422360248447204
CHHRSNWPYIF,2,0.012422360248447204
CHQFNSYPLIF,2,0.012422360248447204
CMQGSHWPPIF,2,0.012422360248447204
CQKYSGAPPIF,2,0.012422360248447204
CQSFDTTKEIF,8,0.049689440993788817
CQSYDTKKEIF,8,0.049689440993788817
CQSYDTTKEIF,2,0.012422360248447204
CSSNAGNRTLIF,2,0.012422360248447204
CSSYAGSRTLIF,122,0.7577639751552795
