CDR3,count,relative.frequency
CAANSDHLNF,2,0.005361930294906166
CAAWDASLNVLVF,2,0.005361930294906166
CARDGF,2,0.005361930294906166
CAVGTGFQKLVF,2,0.005361930294906166
CCSSAGSWVF,2,0.005361930294906166
CCSSGGTWVF,2,0.005361930294906166
CCSYAGNYTF,2,0.005361930294906166
CCSYASGTIF,2,0.005361930294906166
CESASYPEGNF,202,0.5415549597855228
CHQHYSTSWTF,2,0.005361930294906166
CHQTYSPWTF,3,0.00804289544235925
CHQYDTSPLTF,2,0.005361930294906166
CHQYYDVPSTF,3,0.00804289544235925
CKGSGGTLRNF,6,0.0160857908847185
CKLLQQSHLFPGF,2,0.005361930294906166
CLQYVNSPRTF,2,0.005361930294906166
CLRHDSLPLTF,2,0.005361930294906166
CQAWDNNIFVF,2,0.005361930294906166
CQHAFSPWTF,5,0.013404825737265416
CQHYGRSLATF,3,0.00804289544235925
CQHYGSSPTF,3,0.00804289544235925
CQHYKNYPWTF,14,0.03753351206434316
CQQADSRTF,3,0.00804289544235925
CQQAHSFPLTF,2,0.005361930294906166
CQQASRFPLTF,3,0.00804289544235925
CQQFYTIPWTF,5,0.013404825737265416
CQQNNNPPWTF,2,0.005361930294906166
CQQRSTF,3,0.00804289544235925
CQQRYSWYTF,2,0.005361930294906166
CQQSYSTPHTF,4,0.010723860589812333
CQQTHAIPRTF,5,0.013404825737265416
CQQTSSIPITF,4,0.010723860589812333
CQQTYSSLWTF,24,0.064343163538874
CQQTYTSPRTF,2,0.005361930294906166
CQQTYTVPFTF,2,0.005361930294906166
CQQVDTYPLTF,2,0.005361930294906166
CQQYSGFSYTF,4,0.010723860589812333
CQQYSSDSTF,5,0.013404825737265416
CQQYTTF,2,0.005361930294906166
CQSASYPEGNF,2,0.005361930294906166
CQTWDNNSAVF,2,0.005361930294906166
CQVWGASGIVF,24,0.064343163538874
CSPWTGGGSGF,2,0.005361930294906166
CTAMLAPGF,2,0.005361930294906166
