CDR3,count,relative.frequency
CASCLGLPEAFF,2,0.3333333333333333
CASSFDRNSYEQYF,2,0.3333333333333333
CSVDAGAWETQYF,2,0.3333333333333333
