CDR3,count,relative.frequency
CASSHLRNTEAFF,2,0.03773584905660377
CASSLGQTSYEQYF,6,0.11320754716981132
CASSLGTGEAFF,5,0.09433962264150944
CASSPQDYPEQYF,2,0.03773584905660377
CASSQVLNQPQHF,2,0.03773584905660377
CASSRDITYEQYF,4,0.07547169811320754
CASSSEGAGELFF,2,0.03773584905660377
CASSSRTRNTEAFF,2,0.03773584905660377
CQRSLNIPYTF,8,0.1509433962264151
CSAEGQGNSPLHF,2,0.03773584905660377
CSSYGSTDTHVF,15,0.2830188679245283
CYSATDNTVAFF,3,0.05660377358490566
