CDR3,count,relative.frequency
CAAWDDSLKVVF,2,0.015873015873015872
CAAWDDSLNGPVF,4,0.031746031746031744
CAAWDDSLNGVIF,2,0.015873015873015872
CETWDSNSWVF,2,0.015873015873015872
CMIWHSSAWVF,2,0.015873015873015872
CQAWDSDTVEVF,2,0.015873015873015872
CQAWDSSLVVF,4,0.031746031746031744
CQAWGSSAAVF,2,0.015873015873015872
CQIWGSGIRVF,2,0.015873015873015872
CQSADSSASYRVF,2,0.015873015873015872
CQSADSSGSYTVVF,4,0.031746031746031744
CQSADSSGTYRVVF,5,0.03968253968253968
CQSFDSSLGAWVF,4,0.031746031746031744
CQSYDNNNQVF,4,0.031746031746031744
CQSYDSSLSGFVVF,6,0.047619047619047616
CQSYDSSLSVVF,3,0.023809523809523808
CQSYDSSNHIF,2,0.015873015873015872
CQTWGTGIRVF,2,0.015873015873015872
CQVWDRRTAVF,2,0.015873015873015872
CQVWDSRSDHVVF,2,0.015873015873015872
CQVWDSSDHQVVF,2,0.015873015873015872
CQVWDSSGDHPVF,2,0.015873015873015872
CQVWDSSRDHQVVF,6,0.047619047619047616
CQVWDSSSDHQLVF,5,0.03968253968253968
CQVWDSSSDHQVVF,15,0.11904761904761904
CQVWDSSSDHVVF,3,0.023809523809523808
CQVWDSSTDHVVF,9,0.07142857142857142
CQVWDSSTEGVF,3,0.023809523809523808
CQVWDSSTEVVF,9,0.07142857142857142
CQVWDSTSDHQVVF,2,0.015873015873015872
CSSYAGSNNFNVF,2,0.015873015873015872
CSSYRSSTTLVF,2,0.015873015873015872
CSSYTSSSTLIF,2,0.015873015873015872
CSSYTSSSTVVF,2,0.015873015873015872
CSYAGSYTPF,2,0.015873015873015872
CYSTDSNGNHRVF,2,0.015873015873015872
