CDR3,count,relative.frequency
CAAWDDSLNRPLF,13,0.07878787878787878
CARDRITIF,3,0.01818181818181818
CARGQQPPTIF,3,0.01818181818181818
CARVGIF,4,0.024242424242424242
CATASRITIF,2,0.012121212121212121
CATDKRVF,42,0.2545454545454545
CATWDDILRRPLF,5,0.030303030303030304
CHVWDGRKVIF,2,0.012121212121212121
CQAWDSSPAIF,3,0.01818181818181818
CQHVNSNLPLIF,17,0.10303030303030303
CQQFYDRPLTF,5,0.030303030303030304
CQQYGRPPYIF,2,0.012121212121212121
CQSHDSAPLIF,7,0.04242424242424243
CQTWDTGLIF,2,0.012121212121212121
CSRGRGAIF,41,0.24848484848484848
CSSYADTYTLIF,2,0.012121212121212121
CTSYSSHSPWIF,2,0.012121212121212121
CVRNRLIF,10,0.06060606060606061
