CDR3,count,relative.frequency
CARAKRRPIIF,3,0.16666666666666666
CQAWERRTAIF,2,0.1111111111111111
CQAYDSRIAIF,2,0.1111111111111111
CQQCYGRPLTF,3,0.16666666666666666
CQSYDDSRPWIF,3,0.16666666666666666
CQVWDRSMIF,3,0.16666666666666666
CSSFSNSSPVIF,2,0.1111111111111111
