CDR3,count,relative.frequency
CARDRITIF,40,0.43956043956043955
CCLYAGRPLF,2,0.02197802197802198
CCSYAGSYLIF,10,0.10989010989010989
CMQALQTPLIF,22,0.24175824175824176
CQAWDRTVIF,4,0.04395604395604396
CQQYDSPLITF,2,0.02197802197802198
CSSYTSAALIF,9,0.0989010989010989
CTVPTIF,2,0.02197802197802198
