CDR3,count,relative.frequency
CFSYARTNIF,2,0.041666666666666664
CQQSKNPPLIF,7,0.14583333333333334
CQQSQTPPLIF,28,0.5833333333333334
CQQYCYRPLTF,2,0.041666666666666664
CQQYSKRPLSF,4,0.08333333333333333
CQSYENRNVIF,3,0.0625
CSSYRSDSSLIF,2,0.041666666666666664
