CDR3,count,relative.frequency
CATRSTIF,8,0.47058823529411764
CCSYTNVRTLIF,9,0.5294117647058824
