CDR3,count,relative.frequency
CAKDENWKVDYW,3,0.04
CARDTGILYFDTW,29,0.38666666666666666
CARESGRRVDYW,5,0.06666666666666667
CARGGPHHGFDIW,6,0.08
CARGHYAMDVW,2,0.02666666666666667
CARGRWALPFDYW,3,0.04
CARPSSFGYYDYW,2,0.02666666666666667
CARTLINAFDYW,2,0.02666666666666667
CATAPHDFYFDYW,2,0.02666666666666667
CATDRGGFDPW,6,0.08
CATERGGYFDFW,3,0.04
CATGGGWNYPFDYW,4,0.05333333333333334
CSGGSCHNWFDPW,2,0.02666666666666667
CTREANHAFDVW,2,0.02666666666666667
CTRTSCYRFFDSW,4,0.05333333333333334
