CDR3,count,relative.frequency
CALWERHYKKLF,3,0.14285714285714285
CATWDGPYYKKLF,13,0.6190476190476191
CATWDKXLXYKKLF,3,0.14285714285714285
CATWSYYKKLF,2,0.09523809523809523
