CDR3,count,relative.frequency
CAAWDNSLRGGIF,2,0.012738853503184714
CAKDVRRVTIF,5,0.03184713375796178
CAKSRVSIF,4,0.025477707006369428
CCSYADLYTLIF,2,0.012738853503184714
CCSYAGANKLIF,5,0.03184713375796178
CCSYAGAYTLIF,12,0.07643312101910828
CCSYAGSFRLIF,4,0.025477707006369428
CCSYAGSHSLIF,3,0.01910828025477707
CCSYAGSNTLIF,4,0.025477707006369428
CCSYAGSYSLIF,12,0.07643312101910828
CCSYAGTFKFIF,4,0.025477707006369428
CCSYAGTFNLIF,17,0.10828025477707007
CCSYAGTYTLIF,3,0.01910828025477707
CHQTYLAPLTF,19,0.12101910828025478
CQHHGRPLTF,3,0.01910828025477707
CQQLDNDALIF,15,0.09554140127388536
CQQLSAYPFIF,18,0.11464968152866242
CQQYQTYPYIF,8,0.050955414012738856
CTTDRISIF,8,0.050955414012738856
CVHRPLF,9,0.05732484076433121
