CDR3,count,relative.frequency
CAKQAAGIDYW,2,0.02702702702702703
CAMDVW,2,0.02702702702702703
CARAEIYQNFDYW,7,0.0945945945945946
CARAEIYQSFDYW,3,0.04054054054054054
CARAPGAYALDVW,2,0.02702702702702703
CARDFGYCQFDYW,6,0.08108108108108109
CARGGVVGGWFDPW,5,0.06756756756756757
CARGLGDFHDYW,6,0.08108108108108109
CARGRYYDPW,4,0.05405405405405406
CARNWGHDAFDVW,2,0.02702702702702703
CARPISYYGAFDVW,2,0.02702702702702703
CARYWRDFDHW,2,0.02702702702702703
CASARWDYW,6,0.08108108108108109
CATAIVATYFDNW,2,0.02702702702702703
CLGEGESYDYW,2,0.02702702702702703
CSATTCFYFDYW,2,0.02702702702702703
CSRGAERYWGDYW,2,0.02702702702702703
CTRGGSDWSFDYW,12,0.16216216216216217
CTRGKEWLQPFDYW,3,0.04054054054054054
CVREGPDYW,2,0.02702702702702703
