CDR3,count,relative.frequency
CAGLGGRDQETQYF,5,0.4166666666666667
CSGANVLTF,2,0.16666666666666666
CSGNTIYF,2,0.16666666666666666
CSYEQYF,3,0.25
