CDR3,count,relative.frequency
CASQGRGFYEQYF,5,0.45454545454545453
CASSLLTIPEAFF,2,0.18181818181818182
CSALGGSYNEQFF,2,0.18181818181818182
CSNQPQHF,2,0.18181818181818182
