CDR3,count,relative.frequency
CAKDNRYLDYW,2,0.02247191011235955
CARATGTRWFAPW,2,0.02247191011235955
CARDPRGCFDYW,4,0.0449438202247191
CARDPRGYFDYW,6,0.06741573033707865
CARDWRAMDVW,4,0.0449438202247191
CARGGDYAFDIW,2,0.02247191011235955
CARGPPPRFDAW,2,0.02247191011235955
CARHTIAVAGTDYW,2,0.02247191011235955
CARHYYFDYW,6,0.06741573033707865
CARRGYFDLW,19,0.21348314606741572
CATNAFDFW,5,0.056179775280898875
CHQYRTYW,27,0.30337078651685395
CHYYGMDVW,2,0.02247191011235955
CMDVW,2,0.02247191011235955
CTTEDRLDAFDLW,2,0.02247191011235955
CVKAHRAWLYGDSW,2,0.02247191011235955
