CDR3,count,relative.frequency
CASSLGTGTQYF,2,0.3333333333333333
CASSLWSSYNEQFF,2,0.3333333333333333
CASSPDSPYEQYF,2,0.3333333333333333
