CDR3,count,relative.frequency
CASSFGTNTEAFF,2,0.16666666666666666
CASSLGSDGYTF,8,0.6666666666666666
CASSLRETQYF,2,0.16666666666666666
