CDR3,count,relative.frequency
CAKGAAGYWYFDLW,3,0.02654867256637168
CAKSVAGMFFDLW,3,0.02654867256637168
CARAILGRFDYW,3,0.02654867256637168
CARAMGATDFDLW,4,0.035398230088495575
CARDSGAGLDYW,5,0.04424778761061947
CAREGNWNGIDSW,3,0.02654867256637168
CAREHSGEDWFDPW,5,0.04424778761061947
CARGDRDIDYW,4,0.035398230088495575
CARGDYWYFDLW,16,0.1415929203539823
CARGDYWYFGLW,5,0.04424778761061947
CARHHDYGIDYW,4,0.035398230088495575
CARHRSGWTPFDYW,5,0.04424778761061947
CARMGGFSLFDPW,2,0.017699115044247787
CARRRDYFDSW,2,0.017699115044247787
CARVVSGYNWFDPW,3,0.02654867256637168
CASGACSTDYW,2,0.017699115044247787
CATLENSAYSDYW,8,0.07079646017699115
CDYW,2,0.017699115044247787
CSGGECVFDYW,7,0.061946902654867256
CSGGSCYFFDYW,13,0.11504424778761062
CSSTTCDAFDIW,4,0.035398230088495575
CTCYNGDRDYW,5,0.04424778761061947
CVRDALHVW,5,0.04424778761061947
