CDR3,count,relative.frequency
CAAGVGWLIDYW,2,0.006734006734006734
CAAIDSRFGVDYW,4,0.013468013468013467
CAAIDSRIGVDYW,6,0.020202020202020204
CAISTCGLDYW,2,0.006734006734006734
CAKDPDAIPDYFDYW,3,0.010101010101010102
CAKGHAGGWFDYW,2,0.006734006734006734
CARAPGDYW,2,0.006734006734006734
CARARGPFDYW,5,0.016835016835016835
CARDDPVSFDYW,2,0.006734006734006734
CARDKIEDDAFDIW,3,0.010101010101010102
CARDPMGAFDVW,2,0.006734006734006734
CARDRGGGDYW,32,0.10774410774410774
CARDRGTAAADYW,5,0.016835016835016835
CARDRPGGGFDYW,2,0.006734006734006734
CAREMRGSDYW,2,0.006734006734006734
CAREPGAADYW,14,0.04713804713804714
CARGAPFSGNDYW,6,0.020202020202020204
CARGHLWDKWFDPW,3,0.010101010101010102
CARGTFLPGVDYW,4,0.013468013468013467
CARGTVLPGVDYW,6,0.020202020202020204
CARGVGSFDYW,2,0.006734006734006734
CARHAQWVVWTDSW,2,0.006734006734006734
CARHPVFVHYFDPW,2,0.006734006734006734
CARITDSYAMDVW,2,0.006734006734006734
CARLRVTEAYPDYW,2,0.006734006734006734
CARLWTDGSYFDSW,4,0.013468013468013467
CARNGGEAYDYW,2,0.006734006734006734
CARNSGEAYDYW,4,0.013468013468013467
CARNSNEAYDYW,3,0.010101010101010102
CARPDRTKIDYW,2,0.006734006734006734
CARQEYDFLDVW,2,0.006734006734006734
CARSHTSGLSFDYW,3,0.010101010101010102
CARSRPGGADAFDIW,6,0.020202020202020204
CARTHLYWYLDLW,2,0.006734006734006734
CARTHSRGADAFDVW,2,0.006734006734006734
CARTNYYDYSLDYW,5,0.016835016835016835
CARTRAGGADGFDIW,2,0.006734006734006734
CARTVIGWFDSW,16,0.05387205387205387
CARVVPQRGFDFW,4,0.013468013468013467
CATGGSGYFDYW,47,0.15824915824915825
CATGWDWFDPW,2,0.006734006734006734
CATLYGDRPDYW,4,0.013468013468013467
CATNTNEAFHYW,7,0.02356902356902357
CATVFDPW,4,0.013468013468013467
CATWNNDYW,10,0.03367003367003367
CAYRNSFDYW,4,0.013468013468013467
CGMDVW,4,0.013468013468013467
CKNTEGGFDYW,2,0.006734006734006734
CLDVW,2,0.006734006734006734
CNNMDYW,2,0.006734006734006734
CSGDSCYFSSW,2,0.006734006734006734
CSGGNCHWYFDLW,4,0.013468013468013467
CSQGRCYFDQW,6,0.020202020202020204
CTDGVCYPDHW,2,0.006734006734006734
CTRGDYYFDFW,2,0.006734006734006734
CTTPDTDYYFDYW,5,0.016835016835016835
CVRDNYHAFDVW,2,0.006734006734006734
CVRNFDYW,3,0.010101010101010102
CYGMDVW,2,0.006734006734006734
CYSSLVPFDHW,4,0.013468013468013467
CYTGVDWFDPW,3,0.010101010101010102
