CDR3,count,relative.frequency
CESYHGNNLIF,3,0.2727272727272727
CESYHGSNLIF,6,0.5454545454545454
CQHYDRSRGIIF,2,0.18181818181818182
