CDR3,count,relative.frequency
CSGANVLTF,4,0.6666666666666666
CSYEQYF,2,0.3333333333333333
