CDR3,count,relative.frequency
CQQANTFPFIF,7,0.7777777777777778
CQQYGRVFIF,2,0.2222222222222222
