CDR3,count,relative.frequency
CARETPRGAFDIW,2,0.029850746268656716
CARGDGGDYW,4,0.05970149253731343
CARGGYDVDYW,2,0.029850746268656716
CARGIDYW,10,0.14925373134328357
CARGTPSDYW,2,0.029850746268656716
CARLPGAFDIW,2,0.029850746268656716
CARQGSGSTFDPW,3,0.04477611940298507
CARRQSTSQFDYW,3,0.04477611940298507
CARRWDFDYW,3,0.04477611940298507
CARRWDWAETLDYW,2,0.029850746268656716
CAVTLGLFDYW,3,0.04477611940298507
CCRRFSPIDYW,5,0.07462686567164178
CKIHTSGGFDVW,2,0.029850746268656716
CNGDTSTRYDYW,2,0.029850746268656716
CPVDYW,2,0.029850746268656716
CSTTSCRLFDYW,12,0.1791044776119403
CTNGVCPVDYW,6,0.08955223880597014
CTTTSCRLFDYW,2,0.029850746268656716
