CDR3,count,relative.frequency
CAHYFYYYGMDVW,2,0.012269938650306749
CARAYNFDYW,4,0.024539877300613498
CARDAYWYFDLW,13,0.07975460122699386
CARDKDYGFDFW,2,0.012269938650306749
CARDQLDYW,12,0.0736196319018405
CARDTGRFYVDFW,3,0.018404907975460124
CARDWSWNYDYW,18,0.11042944785276074
CAREIYGDSYFDHW,2,0.012269938650306749
CARFWSGFDYW,4,0.024539877300613498
CARGGDFRIHFDSW,2,0.012269938650306749
CARHVALYRYFDFW,3,0.018404907975460124
CARLPYFDYW,4,0.024539877300613498
CARMASHWYFDLW,19,0.1165644171779141
CARNGGGFDYW,2,0.012269938650306749
CARRESLRYFDLW,2,0.012269938650306749
CARSNWIYHFDYW,2,0.012269938650306749
CASGGLPDYW,24,0.147239263803681
CATVDESFDFW,2,0.012269938650306749
CGSIFEYW,2,0.012269938650306749
CLDYW,2,0.012269938650306749
CNGGGGDYW,16,0.09815950920245399
CSGDCYSGYW,4,0.024539877300613498
CSGGSCYGFDYW,2,0.012269938650306749
CTSTSCYYFDFW,2,0.012269938650306749
CVAVDYGDYW,8,0.049079754601226995
CVAYGAFDFW,3,0.018404907975460124
CVKDRSQSYALDYW,2,0.012269938650306749
CVRGDHRDYW,2,0.012269938650306749
