CDR3,count,relative.frequency
CAHGGFFDYW,4,0.00997506234413965
CAKDDQTGDFDYW,2,0.004987531172069825
CAKDGRAARFDYW,16,0.0399002493765586
CAQYAGGFLYW,2,0.004987531172069825
CARAQRANWFDPW,78,0.19451371571072318
CARARGSPYFDHW,8,0.0199501246882793
CARARLLNTFDYW,68,0.16957605985037408
CARARRANWFDPW,6,0.014962593516209476
CARDLPDDYW,13,0.032418952618453865
CARDRAAGGFDHW,2,0.004987531172069825
CARDSYGDYWFDYW,5,0.012468827930174564
CAREEYSCAFDIW,2,0.004987531172069825
CAREGWELLNYFDEW,5,0.012468827930174564
CARERGTGIDYW,2,0.004987531172069825
CARESVPTHFDYW,56,0.1396508728179551
CARGEAFDIW,21,0.05236907730673317
CARGGAVAGFDYW,7,0.017456359102244388
CARGHPDVMDVW,2,0.004987531172069825
CARGLTARFDSW,5,0.012468827930174564
CARGVSWFDPW,4,0.00997506234413965
CARNSAHDYW,6,0.014962593516209476
CARRRVGATIDYW,2,0.004987531172069825
CATWCGSSWFVYW,2,0.004987531172069825
CMDVW,3,0.007481296758104738
CMRGSDYW,3,0.007481296758104738
CSTRRAENFDYW,2,0.004987531172069825
CTTDLGLPFDYW,4,0.00997506234413965
CTTRRVENFDSW,5,0.012468827930174564
CVKEDRVDYW,8,0.0199501246882793
CVKEGAVAVLDYW,58,0.14463840399002495
