CDR3,count,relative.frequency
CARAHFDYW,38,0.24675324675324675
CARDAGRGKSDYW,12,0.07792207792207792
CARDLLRDHDYW,3,0.01948051948051948
CARDRLNAFDIW,7,0.045454545454545456
CARDSNDYFDYW,5,0.032467532467532464
CAREDNWYLDLW,2,0.012987012987012988
CAREGLVRYFDDW,3,0.01948051948051948
CARERPGGSFDPW,2,0.012987012987012988
CARFGSGGFDFW,2,0.012987012987012988
CARGGDWFDPW,2,0.012987012987012988
CARGGDYYDYW,2,0.012987012987012988
CARGGDYYNDFW,2,0.012987012987012988
CARGGGDYYLDVW,4,0.025974025974025976
CARGGWFDPW,2,0.012987012987012988
CARGHIFADAFDFW,4,0.025974025974025976
CARGRNYIDSW,12,0.07792207792207792
CARKENDAFDIW,10,0.06493506493506493
CARKENDAFNIW,4,0.025974025974025976
CARKSAAGNDYW,4,0.025974025974025976
CARLTVARYFDLW,3,0.01948051948051948
CARMALGTHFDYW,2,0.012987012987012988
CARPLAGSFDFW,4,0.025974025974025976
CARQGTAMAIDYW,2,0.012987012987012988
CARQPFYGFPFDYW,2,0.012987012987012988
CARYGSYFDLW,2,0.012987012987012988
CASGQWRFDCW,4,0.025974025974025976
CATGRGYFDDW,3,0.01948051948051948
CATSRGYYIFDCW,2,0.012987012987012988
CTRDPAAVFDSW,2,0.012987012987012988
CTTEGRYFQYW,3,0.01948051948051948
CVRLSDGIPADYW,5,0.032467532467532464
