CDR3,count,relative.frequency
CAKARSGDFDYW,170,0.27823240589198034
CAKEGYYASGDYW,7,0.011456628477905073
CAKERVGAADFDYW,6,0.009819967266775777
CAKESYPGAFDIW,11,0.01800327332242226
CAKLVTLMNDYW,3,0.004909983633387889
CAKRPGNWFDPW,2,0.0032733224222585926
CAKTFPDAFDVW,3,0.004909983633387889
CAKTLPDAFDVW,2,0.0032733224222585926
CARDAYFDYW,61,0.09983633387888707
CARDSTNTPDYW,44,0.07201309328968904
CAREAYFDYW,16,0.02618657937806874
CARGGNWFDPW,18,0.029459901800327332
CARGKGDFDYW,61,0.09983633387888707
CARGKGDLDYW,44,0.07201309328968904
CARGRVNAFDIW,5,0.008183306055646482
CARGWLLVDYW,7,0.011456628477905073
CARLMGAPDYW,3,0.004909983633387889
CARPTGWYSGFGYW,2,0.0032733224222585926
CARRDISWFDPW,4,0.006546644844517185
CARSKGSGSHFDYW,3,0.004909983633387889
CARVDLALDYW,4,0.006546644844517185
CARVGLASAFDYW,3,0.004909983633387889
CARVGSGWNWFDPW,5,0.008183306055646482
CARYFWTAFDVW,2,0.0032733224222585926
CGPSYWFDPW,3,0.004909983633387889
CLDYW,75,0.12274959083469722
CSGDTCLNWFDPW,3,0.004909983633387889
CSYEKFDLW,2,0.0032733224222585926
CTQDANFDYW,4,0.006546644844517185
CTRLMGAPDYW,2,0.0032733224222585926
CTSPHSTVDYW,6,0.009819967266775777
CTTTGCHEYKFDYW,9,0.014729950900163666
CVAVIGFDFW,14,0.022913256955810146
CVAVIGFDYW,2,0.0032733224222585926
CVRRSGNSNYDYW,5,0.008183306055646482
