CDR3,count,relative.frequency
CARDAVAGDYW,3,0.06976744186046512
CARDRHWDAFDIW,2,0.046511627906976744
CARDTIFDYW,3,0.06976744186046512
CARDWSFDLW,4,0.09302325581395349
CAREGPPYDYW,2,0.046511627906976744
CARGGYSSYDYW,4,0.09302325581395349
CARRSYGDYFDYW,2,0.046511627906976744
CARTPFDYW,3,0.06976744186046512
CARVAEDAFDIW,3,0.06976744186046512
CLAATDNWSDPW,2,0.046511627906976744
CSLDGFDIW,2,0.046511627906976744
CTSPHDYGDYW,4,0.09302325581395349
CTTPHDYGDYW,4,0.09302325581395349
CVRDGGTGLDYW,2,0.046511627906976744
CVRENAFDVW,3,0.06976744186046512
