CDR3,count,relative.frequency
CAAEF,3,0.0025466893039049238
CAARVAFSEALVF,5,0.004244482173174873
CAAWDDSLFAVGF,3,0.0025466893039049238
CAAWDDSLGYVF,2,0.001697792869269949
CAGWDASLSAYVF,3,0.0025466893039049238
CARDIVGGF,12,0.010186757215619695
CAREGF,7,0.005942275042444821
CARGGF,13,0.011035653650254669
CATSKGF,2,0.001697792869269949
CAVVISNF,2,0.001697792869269949
CDSASYPEGNF,5,0.004244482173174873
CESAIYPEGNF,2,0.001697792869269949
CESASHPEGNF,3,0.0025466893039049238
CESASYPEGNF,929,0.7886247877758913
CESASYPEGTF,9,0.007640067911714771
CESASYPERNF,2,0.001697792869269949
CESASYPEVNF,2,0.001697792869269949
CESASYPGGNF,3,0.0025466893039049238
CESASYSEGNF,2,0.001697792869269949
CESDSYPEGNF,2,0.001697792869269949
CGKDSSGF,2,0.001697792869269949
CGTGRGQALGF,2,0.001697792869269949
CHQRSKWRTF,2,0.001697792869269949
CIIVREKGYYF,11,0.00933786078098472
CISFLFFSFF,8,0.006791171477079796
CKQSVQLPLTF,2,0.001697792869269949
CKSASYPEGNF,2,0.001697792869269949
CLHRSDWAYTF,8,0.006791171477079796
CLLLAQQNF,2,0.001697792869269949
CLLLCEIGFF,4,0.003395585738539898
CLQYDRNQYTF,3,0.0025466893039049238
CMQALEPLTF,4,0.003395585738539898
CMQATPRTSTF,3,0.0025466893039049238
CQFYGNPPYTF,2,0.001697792869269949
CQHYNRYSGTF,5,0.004244482173174873
CQQAHTFPITF,4,0.003395585738539898
CQQCDNSRWTF,2,0.001697792869269949
CQQCDNWTF,7,0.005942275042444821
CQQFDHPFFTF,2,0.001697792869269949
CQQGWTF,4,0.003395585738539898
CQQLHSYPLTF,7,0.005942275042444821
CQQLSTSPRTF,4,0.003395585738539898
CQQSCNAPRTF,4,0.003395585738539898
CQQSWTF,6,0.0050933786078098476
CQQSYTTPRTF,11,0.00933786078098472
CQQTNKIPWTF,5,0.004244482173174873
CQQYAASRTF,2,0.001697792869269949
CQQYFSLWTF,3,0.0025466893039049238
CQQYGQTF,2,0.001697792869269949
CQQYQSLYTF,2,0.001697792869269949
CQVWDSDHPGF,2,0.001697792869269949
CRDSSGNEEVF,4,0.003395585738539898
CSSYAGNHKVF,2,0.001697792869269949
CTSAVAHLLPGF,2,0.001697792869269949
CVHLWFSGLPFGF,3,0.0025466893039049238
CVKDEGF,27,0.022920203735144314
CVLCLGSGSWVF,2,0.001697792869269949
