CDR3,count,relative.frequency
CAKEGQYF,8,0.4444444444444444
CAKVGQYF,4,0.2222222222222222
CASSQDNANYGYTF,2,0.1111111111111111
CHSSDSYNQFF,4,0.2222222222222222
