CDR3,count,relative.frequency
CAILLDYW,2,0.010416666666666666
CAKEDDFWAFDPW,3,0.015625
CAKEGGWNNFDNW,2,0.010416666666666666
CAKRSGRSWFDPW,4,0.020833333333333332
CARAEKLWFDLW,2,0.010416666666666666
CARALDVW,8,0.041666666666666664
CARDFPGGSCDYW,3,0.015625
CARDHDFHFDYW,2,0.010416666666666666
CARDRAHDAFDIW,2,0.010416666666666666
CARDRIIGTCDYW,3,0.015625
CARDVGYFDYW,7,0.036458333333333336
CAREAGSYSFGYW,4,0.020833333333333332
CARELSVVSYFDYW,5,0.026041666666666668
CARENGASNFEYW,2,0.010416666666666666
CARENGPFDYW,10,0.052083333333333336
CARGEITVAFDIW,2,0.010416666666666666
CARGPSGSYADYW,2,0.010416666666666666
CARGSHSTFDYW,2,0.010416666666666666
CARGSKWFPFDHW,4,0.020833333333333332
CARHLDTDFNYW,2,0.010416666666666666
CARHYRMVSTFDPW,3,0.015625
CARMATGLDYW,12,0.0625
CARMQYYYGMDVW,2,0.010416666666666666
CARVGDYAKFDYW,3,0.015625
CARVGDYW,2,0.010416666666666666
CARVQSYWFDSW,25,0.13020833333333334
CATDGESTPFDYW,2,0.010416666666666666
CATSVREAFDIW,2,0.010416666666666666
CLRAMDVW,10,0.052083333333333336
CMRPVPDAIKVW,2,0.010416666666666666
CSADPRSLDYW,2,0.010416666666666666
CSGGSCWPFDYW,2,0.010416666666666666
CSLTNWLNPW,2,0.010416666666666666
CTSTSCFWFRSW,2,0.010416666666666666
CVREFGYSAYW,4,0.020833333333333332
CVRENWFTFDIW,42,0.21875
CVRGGYTNGYDYW,4,0.020833333333333332
