CDR3,count,relative.frequency
CASGGSYIPTF,2,0.2857142857142857
CQTGANNLFF,3,0.42857142857142855
CYTGANSKLTF,2,0.2857142857142857
