CDR3,count,relative.frequency
CAGGVPADYW,2,0.004878048780487805
CAKGHEFDPW,2,0.004878048780487805
CAKLWYSSDFDVW,2,0.004878048780487805
CALMVVEDYW,3,0.007317073170731708
CARAAADAFDIW,6,0.014634146341463415
CARAIPPLDYW,7,0.01707317073170732
CARANAFDIW,33,0.08048780487804878
CARATSPPGAFDIW,3,0.007317073170731708
CARCRFDVGFDPW,2,0.004878048780487805
CARDGEFDYW,4,0.00975609756097561
CARDQGSARGFDPW,8,0.01951219512195122
CARDWASYGYSDYW,7,0.01707317073170732
CAREERDGMDVW,2,0.004878048780487805
CAREQLVSASFDLW,2,0.004878048780487805
CAREYKDGFDVW,2,0.004878048780487805
CARGDGGDYW,3,0.007317073170731708
CARGENYYYYYMDVW,5,0.012195121951219513
CARGGLDYLDVW,3,0.007317073170731708
CARGGLVRSIDYW,2,0.004878048780487805
CARGHWFDPW,3,0.007317073170731708
CARGIKKYFDYW,4,0.00975609756097561
CARGLNYDYW,10,0.024390243902439025
CARGLPDAFDIW,2,0.004878048780487805
CARGLRYDYW,10,0.024390243902439025
CARGLSYDYW,26,0.06341463414634146
CARGLTYDYW,8,0.01951219512195122
CARGNRDDAFDFW,2,0.004878048780487805
CARGPTYDYW,2,0.004878048780487805
CARHSEDDYFDYW,4,0.00975609756097561
CARHSKIGGFFDFW,2,0.004878048780487805
CARIDRLGYYDHW,5,0.012195121951219513
CARLGESEVAFDIW,2,0.004878048780487805
CARLKRGAFDIW,7,0.01707317073170732
CARLNRGAFDIW,38,0.09268292682926829
CARMKRGAFDIW,14,0.03414634146341464
CARNRASDVW,6,0.014634146341463415
CARQHRSDDWFDPW,2,0.004878048780487805
CARQMIGGWFDPW,2,0.004878048780487805
CARRRLGDYFDYW,2,0.004878048780487805
CARRRPAMDVW,7,0.01707317073170732
CARRSLGESFDYW,12,0.02926829268292683
CARRSSGWFDSW,6,0.014634146341463415
CARTIGGTYVDVW,2,0.004878048780487805
CARTPDTWSFDYW,7,0.01707317073170732
CARVADSSFDYW,2,0.004878048780487805
CARVDRLGYYGYW,30,0.07317073170731707
CARVERLGYYGYW,11,0.026829268292682926
CARVPGDYW,2,0.004878048780487805
CARVVEEGDFDIW,2,0.004878048780487805
CASYGDYSFDYW,4,0.00975609756097561
CATCIRGWFDPW,10,0.024390243902439025
CATDNWFDPW,3,0.007317073170731708
CATESGGAFDIW,2,0.004878048780487805
CATMGVGGDDDYW,3,0.007317073170731708
CATRGNYFDYW,4,0.00975609756097561
CATSSITMLAFDYW,2,0.004878048780487805
CAVNYYSDSW,3,0.007317073170731708
CAYW,3,0.007317073170731708
CDHW,3,0.007317073170731708
CGKDGDYW,5,0.012195121951219513
CSNDVCPPFDYW,8,0.01951219512195122
CSRGYYYSALDVW,6,0.014634146341463415
CSRGYYYTALDVW,2,0.004878048780487805
CTGGSCTYYFDFW,2,0.004878048780487805
CTTDLATGAKFDYW,9,0.02195121951219512
CTTDLGTGAKFDYW,4,0.00975609756097561
CTTDVVTGYLFDYW,2,0.004878048780487805
CVRGWFAPW,5,0.012195121951219513
