CDR3,count,relative.frequency
CASSLGGIQETQYF,2,0.16666666666666666
CQQYGNTF,4,0.3333333333333333
CSAGGRTTYEQYF,2,0.16666666666666666
CSYNEQFF,4,0.3333333333333333
