CDR3,count,relative.frequency
CASFRSSDTLIF,29,0.6590909090909091
CASYRNSDKLVF,13,0.29545454545454547
CCSYTVSGTLIF,2,0.045454545454545456
