CDR3,count,relative.frequency
CAAWDDRLDVYVF,23,0.06764705882352941
CAFISGNTGKLIF,2,0.0058823529411764705
CAGFGF,12,0.03529411764705882
CALPF,2,0.0058823529411764705
CARAGHIMITF,7,0.020588235294117647
CARDPAF,2,0.0058823529411764705
CARPRITF,2,0.0058823529411764705
CARQSGYSQGGF,5,0.014705882352941176
CARSWVTTF,2,0.0058823529411764705
CARWGMMGF,2,0.0058823529411764705
CCSYAGSIVF,5,0.014705882352941176
CCSYAGTRVF,2,0.0058823529411764705
CESASYPEGNF,33,0.09705882352941177
CGAWDGSLTSYVF,2,0.0058823529411764705
CGTWDSRLSGLWGF,2,0.0058823529411764705
CGTWDTSLSEFVF,2,0.0058823529411764705
CHQYDAYPHTF,18,0.052941176470588235
CHQYFAAPQTF,5,0.014705882352941176
CHQYGSSLRTF,6,0.01764705882352941
CHQYYSKLWTF,6,0.01764705882352941
CHQYYTAPETF,2,0.0058823529411764705
CKQRTYWPKVTF,2,0.0058823529411764705
CLLLAQQNF,5,0.014705882352941176
CLQTHSALTF,5,0.014705882352941176
CLQYDTGYTF,2,0.0058823529411764705
CMQARKPPVTF,3,0.008823529411764706
CNSRDSRGYVF,2,0.0058823529411764705
CQAWDSSTVGF,3,0.008823529411764706
CQHRSSWSLTF,16,0.047058823529411764
CQHSNTYLFTF,18,0.052941176470588235
CQHSYNIPHTF,2,0.0058823529411764705
CQHYDNLPYTF,2,0.0058823529411764705
CQHYDNSRFTF,2,0.0058823529411764705
CQHYDSYMWTF,23,0.06764705882352941
CQHYGTSVYTF,4,0.011764705882352941
CQHYNGPPLTF,2,0.0058823529411764705
CQHYNTYLFTF,3,0.008823529411764706
CQLYTSWLWTF,2,0.0058823529411764705
CQQCHTYLFTF,6,0.01764705882352941
CQQLTTFPLTF,4,0.011764705882352941
CQQRTNF,2,0.0058823529411764705
CQQRTSWITF,3,0.008823529411764706
CQQSDSIPRTF,4,0.011764705882352941
CQQSGTF,2,0.0058823529411764705
CQQSNTYLFTF,5,0.014705882352941176
CQQSYKTPHTF,6,0.01764705882352941
CQQSYTVPHTF,8,0.023529411764705882
CQQTYGTPPTF,7,0.020588235294117647
CQQYDNLYTF,2,0.0058823529411764705
CQQYDTLYTF,4,0.011764705882352941
CQQYDTYPFTF,10,0.029411764705882353
CQQYHEGVQTF,3,0.008823529411764706
CQQYNTDLFTF,2,0.0058823529411764705
CQQYNTLLFTF,2,0.0058823529411764705
CQQYNTLYTF,17,0.05
CQQYYTFPPTF,2,0.0058823529411764705
CQRLTSFPLTF,4,0.011764705882352941
CSSYTISSSYVF,3,0.008823529411764706
CVQGTHWPGTF,2,0.0058823529411764705
CVQSKQFSWTF,4,0.011764705882352941
