CDR3,count,relative.frequency
CAAWDDSLNAPVF,4,0.08888888888888889
CCSYAGSYTWVF,3,0.06666666666666667
CGTWDSSLNAWVF,2,0.044444444444444446
CMIWHNSAWVF,2,0.044444444444444446
CQSAGNSGFLVF,5,0.1111111111111111
CQSGDSSGFVLF,2,0.044444444444444446
CQSSDSSGTYVF,2,0.044444444444444446
CQSYDSRLNGWVF,2,0.044444444444444446
CQSYDTSPVF,2,0.044444444444444446
CSAWDGSLNAPVF,2,0.044444444444444446
CSSYTLSSTLVF,2,0.044444444444444446
CSSYTSGSTLVVF,3,0.06666666666666667
CSSYTSGSTPVVF,2,0.044444444444444446
CSSYTSSATPVVF,2,0.044444444444444446
CSSYTSSFTVVF,2,0.044444444444444446
CSSYTSSNIPVF,4,0.08888888888888889
CSSYTSSSSWVF,2,0.044444444444444446
CSSYTSSTTLVF,2,0.044444444444444446
