CDR3,count,relative.frequency
CASSLLYLTGELFF,2,0.2857142857142857
CATSLMFTGELFF,2,0.2857142857142857
CATSNSRDTQYF,3,0.42857142857142855
