CDR3,count,relative.frequency
CAFDIW,8,0.035398230088495575
CAGGVEYYFDKW,10,0.04424778761061947
CAMYHFDQW,4,0.017699115044247787
CARDATFKLDYW,8,0.035398230088495575
CARDGGGTYDYW,4,0.017699115044247787
CARDKWLADYW,4,0.017699115044247787
CARDMRYYGYDYW,13,0.05752212389380531
CARENTFAYW,5,0.022123893805309734
CARERSGGAFDIW,4,0.017699115044247787
CARERTNEDFDYW,8,0.035398230088495575
CARESNAFDMW,2,0.008849557522123894
CAREYWYSFDYW,6,0.02654867256637168
CARGGLYFDYW,2,0.008849557522123894
CARGLSRWDYW,15,0.06637168141592921
CARGPGHFDIW,2,0.008849557522123894
CARGVVTQFDYW,2,0.008849557522123894
CARHFGSGTFLYW,2,0.008849557522123894
CARHLGNPFDYW,2,0.008849557522123894
CARPKGLYFDLW,7,0.030973451327433628
CARVRGDFFDYW,13,0.05752212389380531
CARWNAMDVW,2,0.008849557522123894
CASDYGDYGGIDYW,2,0.008849557522123894
CATDVRHGCFDYW,2,0.008849557522123894
CATERTNEDFDYW,4,0.017699115044247787
CATGNALDYW,18,0.07964601769911504
CATGYADVFNVW,11,0.048672566371681415
CATTPNGRYFDSW,2,0.008849557522123894
CSGGSCPFDYW,2,0.008849557522123894
CSLGRWFDSW,2,0.008849557522123894
CSRKFDAFDIW,10,0.04424778761061947
CSRRYFQHW,10,0.04424778761061947
CSSTNCYYFDNW,2,0.008849557522123894
CSSTSCPFDYW,4,0.017699115044247787
CSSTSCYYDYW,8,0.035398230088495575
CTPCYRLLDYW,2,0.008849557522123894
CTRDNDFDYW,3,0.01327433628318584
CTRGPTVTGAFDVW,8,0.035398230088495575
CTRNPEWSYDYW,2,0.008849557522123894
CTRQFDSW,2,0.008849557522123894
CTSTSCYENAFDIW,3,0.01327433628318584
CVRDSTNFDYW,2,0.008849557522123894
CVREYVGGYYDYW,2,0.008849557522123894
CVRGGHDYDPYW,2,0.008849557522123894
