CDR3,count,relative.frequency
CCSYVRDSTLIF,2,0.16666666666666666
CQQYKTFPLIF,2,0.16666666666666666
CSSYGGSNILIF,6,0.5
CSSYTTDNRIF,2,0.16666666666666666
