CDR3,count,relative.frequency
CAAWDGRLKVLIF,3,0.07894736842105263
CAGSYSLLIF,6,0.15789473684210525
CARDAIF,21,0.5526315789473685
CARLIRPLTIF,4,0.10526315789473684
CAVWDDSLNSLIF,2,0.05263157894736842
CQQTNSFPLIF,2,0.05263157894736842
