CDR3,count,relative.frequency
CAKDFNWDSDYW,4,0.03333333333333333
CAKDRDGDYFDYW,2,0.016666666666666666
CARDILGLFDSW,16,0.13333333333333333
CARDQGIDAFDFW,2,0.016666666666666666
CARDWGGGHTYDYW,4,0.03333333333333333
CAREFRGGDFAYW,4,0.03333333333333333
CARFSSSWSFDYW,6,0.05
CARGEAFDIW,2,0.016666666666666666
CARGMTFFDYW,2,0.016666666666666666
CARGSLGPLDYW,2,0.016666666666666666
CARGVWTEYFQYW,2,0.016666666666666666
CARGYPGLDYW,3,0.025
CARIVGATDYFDHW,2,0.016666666666666666
CARLDIFVGFDIW,4,0.03333333333333333
CARLVGASNVDYW,7,0.058333333333333334
CARVYSSHFDFW,19,0.15833333333333333
CARVYSSRFDFW,14,0.11666666666666667
CARWNRGWYFDYW,2,0.016666666666666666
CATDSVKGFDYW,2,0.016666666666666666
CHIGGYRSYW,2,0.016666666666666666
CPSRLYYFDVW,9,0.075
CSGGNCEKSFDYW,4,0.03333333333333333
CSGGSCYSIDYW,2,0.016666666666666666
CTTGVRGFAYW,2,0.016666666666666666
CVKDDSSAYFDYW,2,0.016666666666666666
