CDR3,count,relative.frequency
CQQYGETF,5,0.7142857142857143
CSVQRGGTEAFF,2,0.2857142857142857
