CDR3,count,relative.frequency
CARGRDTIF,4,0.03361344537815126
CARGRGTIF,77,0.6470588235294118
CARNSPLILF,16,0.13445378151260504
CATVRRITIF,4,0.03361344537815126
CQEGSSWPLITF,8,0.06722689075630252
CQTWDTRTVIF,2,0.01680672268907563
CSSYSNTSTLIF,4,0.03361344537815126
CVIVRRMTIF,2,0.01680672268907563
CVVVPRMTIF,2,0.01680672268907563
