CDR3,count,relative.frequency
CASIRGREQYF,2,0.0392156862745098
CASRRTETYEQYF,4,0.0784313725490196
CASSFDSNSPLHF,2,0.0392156862745098
CASSLKGFEQYF,3,0.058823529411764705
CASSLMGTGELFF,8,0.1568627450980392
CASSLVTGELFF,3,0.058823529411764705
CASSPPRENTEAFF,2,0.0392156862745098
CASSQGPNYEQYF,7,0.13725490196078433
CASSSGQGYGYTF,2,0.0392156862745098
CASSSGQPNTEAFF,6,0.11764705882352941
CASSWSGNEQFF,6,0.11764705882352941
CAWSDDPSGANVLTF,2,0.0392156862745098
CSAPRHPGSYNEQFF,2,0.0392156862745098
CSASPQNTQYF,2,0.0392156862745098
