CDR3,count,relative.frequency
CASSDLRAGYGYTF,2,0.09523809523809523
CASSPGTDTQYF,2,0.09523809523809523
CASSQDRMSEQYF,2,0.09523809523809523
CASSTSQTYGYTF,10,0.47619047619047616
CCSLTNGNTIVF,2,0.09523809523809523
CQHYNNYSRTF,3,0.14285714285714285
