CDR3,count,relative.frequency
CADDCYPDAFDVW,7,0.058823529411764705
CAGPYYYYMDVW,13,0.1092436974789916
CAGRGLRRFDDW,2,0.01680672268907563
CAHVEMTRGYNFDYW,2,0.01680672268907563
CAKFDGDYW,6,0.05042016806722689
CANSVADDYW,12,0.10084033613445378
CARAQQHLDFDYW,2,0.01680672268907563
CARDRGKEAFDIW,12,0.10084033613445378
CAREKTGLDYW,2,0.01680672268907563
CARGEIGDFDSW,4,0.03361344537815126
CARGEWNFDYW,2,0.01680672268907563
CARGRGGKNXFDYW,2,0.01680672268907563
CARGSGDYLDSW,2,0.01680672268907563
CARIPYYVDAFDIW,3,0.025210084033613446
CARLNLLIDYW,2,0.01680672268907563
CARVWVDTALDVW,2,0.01680672268907563
CASKTSIGFDSW,4,0.03361344537815126
CASNCFGYW,2,0.01680672268907563
CATDYDYW,2,0.01680672268907563
CATGGNYGRYW,2,0.01680672268907563
CATGLNFDFW,9,0.07563025210084033
CATPPPHGDYW,4,0.03361344537815126
CSTFFDYW,3,0.025210084033613446
CSTXFDYW,2,0.01680672268907563
CSTYFDYW,5,0.04201680672268908
CTRTAILSAFDIW,2,0.01680672268907563
CVRDLGARRDYW,2,0.01680672268907563
CVREGSNWEFDSW,2,0.01680672268907563
CVRSGREYFDSW,2,0.01680672268907563
CVSEGYNYFDYW,3,0.025210084033613446
