CDR3,count,relative.frequency
CDNNNDMRF,4,0.6666666666666666
CQTGANNLFF,2,0.3333333333333333
