CDR3,count,relative.frequency
CCSYAGNTLIF,3,0.23076923076923078
CFSKTFKWIF,4,0.3076923076923077
CQLYGTTPLIF,2,0.15384615384615385
CTSHAGIKNLIF,2,0.15384615384615385
CTSYGGSNDLIF,2,0.15384615384615385
