CDR3,count,relative.frequency
CARSLLGAYEQYF,2,0.00554016620498615
CASKYTGFGTEAFF,2,0.00554016620498615
CASQDSGAEAFF,2,0.00554016620498615
CASSFSLGSYEQYF,2,0.00554016620498615
CASSLGSPYEQYF,3,0.008310249307479225
CASSLLGAYEQYF,335,0.9279778393351801
CASSLLGENQYF,2,0.00554016620498615
CASSLQGYTEAFF,3,0.008310249307479225
CASSLQYGYTF,2,0.00554016620498615
CASSYVGQPQHF,2,0.00554016620498615
CSAGRQNEKLFF,2,0.00554016620498615
CSGRGNTEAFF,4,0.0110803324099723
