CDR3,count,relative.frequency
CAKERVAHFDYW,2,0.01639344262295082
CAKEWNFFDPW,6,0.04918032786885246
CAKGTELLDYW,4,0.03278688524590164
CALDIW,3,0.02459016393442623
CARDSTNYHIDYW,2,0.01639344262295082
CAREAVLRYFFDDW,2,0.01639344262295082
CAREFDLW,2,0.01639344262295082
CARGLTGEGDYW,2,0.01639344262295082
CARGNNWIDYW,6,0.04918032786885246
CARGWLQHDYW,8,0.06557377049180328
CARMTATYKDYW,10,0.08196721311475409
CARMTXXXKDYW,5,0.040983606557377046
CARPDYAANSYFDHW,3,0.02459016393442623
CARQVDSGYFRFW,2,0.01639344262295082
CARRYFVLW,5,0.040983606557377046
CGTYLHAFDVW,5,0.040983606557377046
CISSSCYRAFDIW,19,0.1557377049180328
CLRSPSHHWFDPW,13,0.10655737704918032
CRADCVAFDDW,4,0.03278688524590164
CSTGVXHXLDYW,3,0.02459016393442623
CTRRAVYEHFDYW,2,0.01639344262295082
CTSRGYAFDIW,3,0.02459016393442623
CVRDLVGRYDYW,2,0.01639344262295082
CVSASCYRAFDIW,6,0.04918032786885246
CVVDYYYGMDVW,3,0.02459016393442623
