CDR3,count,relative.frequency
CARGNIF,14,0.25
CARGRRITIF,2,0.03571428571428571
CASRAPIF,10,0.17857142857142858
CCSFPGSHPVIF,2,0.03571428571428571
CCSSAGNYNLIF,2,0.03571428571428571
CCSYAGRSLIF,3,0.05357142857142857
CCSYAGSRPIF,2,0.03571428571428571
CCSYTGGILIF,2,0.03571428571428571
CQAWDTSPVIF,3,0.05357142857142857
CQQLSRPLSF,2,0.03571428571428571
CSSFAGRDKLVF,4,0.07142857142857142
CSSFTSTNTLIF,2,0.03571428571428571
CSSFTYTDTLIF,2,0.03571428571428571
CSSSTSINTLIF,2,0.03571428571428571
CSSYAGSNSLIF,2,0.03571428571428571
CSSYSTSRVLIF,2,0.03571428571428571
