CDR3,count,relative.frequency
CARASMRTPIF,2,0.031746031746031744
CARDSGRISIF,2,0.031746031746031744
CARDTIF,14,0.2222222222222222
CARTTIF,3,0.047619047619047616
CASSTASDTLIF,3,0.047619047619047616
CHQFGIAPFIF,2,0.031746031746031744
CMQGLEVPLTF,2,0.031746031746031744
CMQGQEVPLIF,5,0.07936507936507936
CQQRRSXRVLIF,2,0.031746031746031744
CQQYNTYPLIF,2,0.031746031746031744
CSSYAAHNKLIF,2,0.031746031746031744
CSSYADRKVIF,2,0.031746031746031744
CSSYAGNYNLIF,6,0.09523809523809523
CSSYASXYNLIF,2,0.031746031746031744
CSSYTSSRILIF,2,0.031746031746031744
CSSYTTAGTLIF,2,0.031746031746031744
CSSYTTSRILIF,8,0.12698412698412698
CVRDPGRISIF,2,0.031746031746031744
