CDR3,count,relative.frequency
CARDLRLSIF,2,0.2857142857142857
CTTDSPAIF,5,0.7142857142857143
