CDR3,count,relative.frequency
CAIRITIF,12,0.34285714285714286
CLQYKKVPLIF,5,0.14285714285714285
CQHANSFPYIF,8,0.22857142857142856
CQHASSFPYIF,6,0.17142857142857143
CQQYGSSRPLKF,2,0.05714285714285714
CSSFTIRNLIF,2,0.05714285714285714
