CDR3,count,relative.frequency
CAACSFDYW,2,0.006389776357827476
CAGKLTGLDYW,3,0.009584664536741214
CAKDGHSSWYDYW,2,0.006389776357827476
CAKDRVYGYFDSW,2,0.006389776357827476
CAKGYSFDYW,12,0.038338658146964855
CAQRFRSRFDNW,2,0.006389776357827476
CARANIRTLDYW,2,0.006389776357827476
CARASSSDWYLDYW,3,0.009584664536741214
CARASYFDFW,81,0.25878594249201275
CARASYFDLW,36,0.11501597444089456
CARDHGWAFDYW,12,0.038338658146964855
CARGAVFFDYW,3,0.009584664536741214
CARGAVTKDAFDIW,9,0.02875399361022364
CARGDGQQKAFDFW,8,0.025559105431309903
CARGGVYGTFDVW,4,0.012779552715654952
CARGQALDIW,8,0.025559105431309903
CARGSQFFDYW,4,0.012779552715654952
CARGTFYFDVW,2,0.006389776357827476
CARNDAFDIW,12,0.038338658146964855
CARQSYSSPDYW,4,0.012779552715654952
CARRGDYNDYW,2,0.006389776357827476
CARRGVDYW,2,0.006389776357827476
CARRTGDYW,14,0.04472843450479233
CARVISDAFEVW,2,0.006389776357827476
CARYGSGIDYW,24,0.07667731629392971
CASWRFDYW,2,0.006389776357827476
CATEALDYW,3,0.009584664536741214
CATEALGTYYFDFW,2,0.006389776357827476
CATRWYNFDHW,14,0.04472843450479233
CATSAGFDHW,2,0.006389776357827476
CILWSGAYLDYW,2,0.006389776357827476
CSSTGCYWDSW,2,0.006389776357827476
CTFSSSYKFDYW,8,0.025559105431309903
CTRHTFDFW,2,0.006389776357827476
CTSGVCFPLDYW,3,0.009584664536741214
CTSSICFSGWFDPW,5,0.01597444089456869
CTSSSCHNFDSW,5,0.01597444089456869
CTSTSCHNFDSW,2,0.006389776357827476
CTTASCFPFDFW,2,0.006389776357827476
CVRDHAWALDYW,2,0.006389776357827476
CVRVDNADWFDYW,2,0.006389776357827476
