CDR3,count,relative.frequency
CASSFEVGYTF,2,0.14285714285714285
CASSFGSWETQYF,4,0.2857142857142857
CASSIGQGRTEAFF,2,0.14285714285714285
CASSLGPNTEAFF,6,0.42857142857142855
