CDR3,count,relative.frequency
CASEAMNTEAFF,2,0.13333333333333333
CASSEETQYF,2,0.13333333333333333
CASSLSPLYGYTF,3,0.2
CASSQGGGDTEAFF,2,0.13333333333333333
CASSSSTEAFF,4,0.26666666666666666
CASTEGNEAFF,2,0.13333333333333333
