CDR3,count,relative.frequency
CLQHKSYPPTF,3,0.02097902097902098
CLQHNNYPYTF,6,0.04195804195804196
CLQHNTYPLTF,2,0.013986013986013986
CLQHNTYPRSF,4,0.027972027972027972
CMQALQAPPYTF,3,0.02097902097902098
CMQALQAWTF,5,0.03496503496503497
CMQALQLPVTF,2,0.013986013986013986
CMQALQTPPHTF,2,0.013986013986013986
CMQALQTPQTF,2,0.013986013986013986
CMQATQFPFTF,2,0.013986013986013986
CMQGRHWPSF,2,0.013986013986013986
CMQRIEFPSTF,2,0.013986013986013986
CQHYNSYPTF,3,0.02097902097902098
CQKYNSAPQTF,2,0.013986013986013986
CQKYVSVPLTF,2,0.013986013986013986
CQQAKSFPITF,4,0.027972027972027972
CQQANSFPLTF,2,0.013986013986013986
CQQAYSFPLTF,2,0.013986013986013986
CQQAYSTPPTF,2,0.013986013986013986
CQQFDILPWTF,2,0.013986013986013986
CQQHNSFATF,2,0.013986013986013986
CQQRSSWPFTF,3,0.02097902097902098
CQQSYITPWTF,2,0.013986013986013986
CQQSYSIPLGTF,2,0.013986013986013986
CQQSYSSPYTF,4,0.027972027972027972
CQQSYSTATWTF,2,0.013986013986013986
CQQSYSTPFTF,4,0.027972027972027972
CQQSYSVLYTF,3,0.02097902097902098
CQQTYRTPLTF,4,0.027972027972027972
CQQYDSYSWTF,4,0.027972027972027972
CQQYESLPPITF,2,0.013986013986013986
CQQYGNLPLTF,4,0.027972027972027972
CQQYGNSRFTF,2,0.013986013986013986
CQQYGRSPTF,7,0.04895104895104895
CQQYGSSPRGTF,2,0.013986013986013986
CQQYGSSPYTF,6,0.04195804195804196
CQQYKSYPFNF,5,0.03496503496503497
CQQYNNWPRTF,6,0.04195804195804196
CQQYNNYPWTF,2,0.013986013986013986
CQQYNSVWTF,5,0.03496503496503497
CQQYNSYSTF,3,0.02097902097902098
CQQYNTYGTF,3,0.02097902097902098
CQQYSATPWTF,2,0.013986013986013986
CQQYSNWPLTF,2,0.013986013986013986
CQQYSRLPITF,4,0.027972027972027972
CQQYYSIPFTF,2,0.013986013986013986
CQQYYTAPLTF,2,0.013986013986013986
