CDR3,count,relative.frequency
CAHKRDAMDVW,2,0.008658008658008658
CAIPREWDAYDIW,2,0.008658008658008658
CAKEGGAFFDYW,5,0.021645021645021644
CAKEGRGNAIDYW,2,0.008658008658008658
CAKGGDRGSFDYW,2,0.008658008658008658
CARARSGWYYFDYW,4,0.017316017316017316
CARAYGDLW,2,0.008658008658008658
CARDDDTFEMFEYW,2,0.008658008658008658
CARDDYGSNLDYW,2,0.008658008658008658
CARDRFSYPFDYW,3,0.012987012987012988
CAREQYFDSW,2,0.008658008658008658
CAREWGISEFDYW,3,0.012987012987012988
CARGDAAGMIGDYW,2,0.008658008658008658
CARGGGWVDYW,15,0.06493506493506493
CARGGRVFDYW,10,0.04329004329004329
CARGLNSFDVW,2,0.008658008658008658
CARGNRVFDYW,2,0.008658008658008658
CARGSGGFDYW,3,0.012987012987012988
CARIDFGYW,2,0.008658008658008658
CARSDYGFDYW,3,0.012987012987012988
CARSITMFNRAFDIW,2,0.008658008658008658
CARSTGTGGYFDYW,4,0.017316017316017316
CATEDDYW,5,0.021645021645021644
CGHTNLDYW,2,0.008658008658008658
CGSGCYTMRFDYW,2,0.008658008658008658
CSGASCYLDYW,8,0.03463203463203463
CSGGVCSYDYW,5,0.021645021645021644
CSGTACGYFDSW,4,0.017316017316017316
CSKCYMGFDYW,2,0.008658008658008658
CSSTSCFYFDSW,2,0.008658008658008658
CSSTSCYSFDYW,19,0.08225108225108226
CTREGVAFDYW,4,0.017316017316017316
CTTTTCRNLAFDFW,4,0.017316017316017316
CVLRSPGTFGYW,2,0.008658008658008658
CVNNAPMDYW,69,0.2987012987012987
CVNSAPMDYW,2,0.008658008658008658
CVRFDSLLLFDFW,22,0.09523809523809523
CVRSTDYW,3,0.012987012987012988
