CDR3,count,relative.frequency
CAALGGNFRVDYW,2,0.010638297872340425
CAKQYVDQW,4,0.02127659574468085
CAKYNWNAHFDSW,2,0.010638297872340425
CAKYVHAFDIW,2,0.010638297872340425
CARDLGSNTDFDYW,6,0.031914893617021274
CARDLSGGSDYW,30,0.1595744680851064
CARDQPFSCYDYW,2,0.010638297872340425
CARDTAIGGFDYW,16,0.0851063829787234
CARGAGGFDLW,4,0.02127659574468085
CARGGANDYW,35,0.18617021276595744
CARGRDLDYW,2,0.010638297872340425
CARGRLDAFDLW,2,0.010638297872340425
CARGWHKYFDLW,2,0.010638297872340425
CARLDSGGLDYW,2,0.010638297872340425
CARLSYSSVDYW,3,0.015957446808510637
CARRYAPDYW,22,0.11702127659574468
CARSHYFDYW,2,0.010638297872340425
CARSRTFDIW,8,0.0425531914893617
CARVVPAAISDYW,2,0.010638297872340425
CARYVTALDYW,3,0.015957446808510637
CDYW,6,0.031914893617021274
CMTDYIGYW,2,0.010638297872340425
CPSSYFAYW,2,0.010638297872340425
CSAFWWFDSW,2,0.010638297872340425
CSRASLSNMFDPW,4,0.02127659574468085
CSSTSCLFDYW,3,0.015957446808510637
CTRDLAGPFDYW,3,0.015957446808510637
CTRSLDYW,2,0.010638297872340425
CVRDSRAYAFDFW,2,0.010638297872340425
CVRDTRAFAFDFW,3,0.015957446808510637
CVREAPKWFDPW,2,0.010638297872340425
CVREGYYFFDFW,2,0.010638297872340425
CVRYFDYYFDHW,2,0.010638297872340425
CVTGRDFDFW,2,0.010638297872340425
