CDR3,count,relative.frequency
CAAGARYSDYW,44,0.08906882591093117
CAANARFSDYW,5,0.010121457489878543
CACTYDYSSSFFDYW,7,0.01417004048582996
CACTYEYSRSFFDYW,4,0.008097165991902834
CAIHLRGGADYW,2,0.004048582995951417
CAIRNYFDYW,2,0.004048582995951417
CAKCDGMDVW,6,0.012145748987854251
CAKDIFAWEFDHW,2,0.004048582995951417
CAKDIW,2,0.004048582995951417
CAKGSGSQSQAFDIW,4,0.008097165991902834
CAKHWVRAYDYW,2,0.004048582995951417
CALYYFDFW,3,0.006072874493927126
CARARWQTDAFDIW,2,0.004048582995951417
CARDGHHYDFDYW,2,0.004048582995951417
CARDRGLKDFDYW,19,0.038461538461538464
CARDSSQGWFDPW,2,0.004048582995951417
CARDSSSSGYFDPW,6,0.012145748987854251
CARDTVGAFDSW,2,0.004048582995951417
CARDVGAEYFDFW,2,0.004048582995951417
CAREAASFDYW,5,0.010121457489878543
CAREGGEGFDPW,2,0.004048582995951417
CAREKDWYFDLW,3,0.006072874493927126
CARGAVAGLDYW,3,0.006072874493927126
CARGGIPLFDYW,2,0.004048582995951417
CARGGTYGDYW,2,0.004048582995951417
CARGGYGAYGDVW,4,0.008097165991902834
CARGLSTFDPW,2,0.004048582995951417
CARGYSSFGYEDYW,3,0.006072874493927126
CARHKIHVDWFDPW,3,0.006072874493927126
CARIITNTRAFDIW,4,0.008097165991902834
CARLGVSGALDVW,2,0.004048582995951417
CARLLGGTAIDYW,3,0.006072874493927126
CARLYGDAFHIW,172,0.3481781376518219
CARLYGDALHIW,3,0.006072874493927126
CARLYGDPFHIW,2,0.004048582995951417
CARMKVGVAHDYW,2,0.004048582995951417
CARNSNWGFDHW,7,0.01417004048582996
CARQRAGSAFDYW,4,0.008097165991902834
CARRLFGVGFDHW,3,0.006072874493927126
CARVLMGAMDYW,2,0.004048582995951417
CARXCLLQSPDYW,4,0.008097165991902834
CARYLRGGADYW,30,0.06072874493927125
CARYRRAGVDYW,2,0.004048582995951417
CASFYNNAFDLW,9,0.018218623481781375
CASLITKRSFDIW,3,0.006072874493927126
CATDYEAAAGTDYW,3,0.006072874493927126
CATRNYFDYW,5,0.010121457489878543
CGRGREGDYW,3,0.006072874493927126
CGRNRVDYW,5,0.010121457489878543
CLKAFDYW,3,0.006072874493927126
CLYDRKAFDIW,3,0.006072874493927126
CQQYNSYW,2,0.004048582995951417
CSRPHDYW,2,0.004048582995951417
CSTGNCYPDYW,4,0.008097165991902834
CTRGKGDYYFDYW,2,0.004048582995951417
CTRHYAGGVDYW,3,0.006072874493927126
CTRHYEGGVDYW,4,0.008097165991902834
CTRREGGATSDYW,18,0.03643724696356275
CTRTVADYW,15,0.030364372469635626
CTTGGFDSW,2,0.004048582995951417
CTWEVTFDYW,8,0.016194331983805668
CVKGVTGKNYFDCW,2,0.004048582995951417
CVRNAEWREFDYW,2,0.004048582995951417
CVRRSSSWWFDPW,7,0.01417004048582996
CVRWDFDFW,2,0.004048582995951417
