CDR3,count,relative.frequency
CAAAFDIW,2,0.017857142857142856
CAGDCHSDYW,2,0.017857142857142856
CAKGPNRFDNW,2,0.017857142857142856
CAMDVW,4,0.03571428571428571
CARDGPYFYGFDVW,2,0.017857142857142856
CARDPGFRFDYW,2,0.017857142857142856
CARDSRRFYFDYW,4,0.03571428571428571
CARDYW,4,0.03571428571428571
CAREAPNTLWFDPW,4,0.03571428571428571
CARFPPEGFDYW,2,0.017857142857142856
CARGDVDYW,2,0.017857142857142856
CARGGINDHLDVW,2,0.017857142857142856
CARGRYFDYVW,2,0.017857142857142856
CARGVMVPFQYW,33,0.29464285714285715
CARGVTVPFQYW,11,0.09821428571428571
CARILGATASDYW,3,0.026785714285714284
CARLAHFDKYFDYW,4,0.03571428571428571
CARMGANWFGPW,2,0.017857142857142856
CATHPWKVSKIDYW,2,0.017857142857142856
CAVDYRDLGSLDYW,2,0.017857142857142856
CAVLIDYW,2,0.017857142857142856
CGRDYAYYW,8,0.07142857142857142
CTLGWFDTW,2,0.017857142857142856
CVKVFSGSYDYW,5,0.044642857142857144
CW,4,0.03571428571428571
