CDR3,count,relative.frequency
CARDDRITIF,19,0.21348314606741572
CARETIF,5,0.056179775280898875
CARRRITIF,15,0.16853932584269662
CGSXADTNTLIF,2,0.02247191011235955
CIPVRNHRVTIF,2,0.02247191011235955
CMQGLETPFIF,2,0.02247191011235955
CMQSLGTPFIF,2,0.02247191011235955
CQQSHGRPLTF,3,0.033707865168539325
CQQVDNSPFIF,2,0.02247191011235955
CQQVDNYPFIF,2,0.02247191011235955
CQRCLNFPKIF,8,0.0898876404494382
CQSYDGHILIF,3,0.033707865168539325
CSSYAGGGTLIF,2,0.02247191011235955
CVRGPPIF,22,0.24719101123595505
