CDR3,count,relative.frequency
CAAIWWGAFDIW,2,0.0029154518950437317
CAGDCSHAFDIW,4,0.0058309037900874635
CAKDRVFDDAFDVW,6,0.008746355685131196
CAKEKTTVNDYW,10,0.014577259475218658
CAKENLRKFDAW,3,0.004373177842565598
CAKGTGWFGDDYW,9,0.013119533527696793
CAKHGGWHFDYW,5,0.007288629737609329
CAKSDYW,6,0.008746355685131196
CARAGNAGLDYW,20,0.029154518950437316
CARAMDVW,2,0.0029154518950437317
CARDGALDYW,2,0.0029154518950437317
CARDGSLDYW,259,0.37755102040816324
CARDLGELSPFDSW,2,0.0029154518950437317
CARDRGGDDAFDLW,9,0.013119533527696793
CARDRGGDDAFNLW,2,0.0029154518950437317
CARDSIYVWLDPW,2,0.0029154518950437317
CARDSNYVWLDPW,4,0.0058309037900874635
CARDTGRYSFDFW,2,0.0029154518950437317
CARDWTVGGPFDIW,19,0.027696793002915453
CAREDSGDALDIW,20,0.029154518950437316
CAREHYGEDAMDVW,5,0.007288629737609329
CAREMDYIDGFDLW,4,0.0058309037900874635
CARETGHIDAFDLW,2,0.0029154518950437317
CARGAGWFDPW,7,0.01020408163265306
CARGGGLSDYW,2,0.0029154518950437317
CARGIVARSFDYW,4,0.0058309037900874635
CARGQHSAFDVW,3,0.004373177842565598
CARGRDGAFDYW,15,0.021865889212827987
CARHITGYDAFDFW,2,0.0029154518950437317
CARHLTGYDAFDFW,2,0.0029154518950437317
CARLREDVNYFDFW,2,0.0029154518950437317
CARNNWYAFHIW,3,0.004373177842565598
CARNVTGGYFDFW,2,0.0029154518950437317
CARQASGDFDYW,14,0.02040816326530612
CARTPFASSIDYW,2,0.0029154518950437317
CARVLGWGWFDPW,24,0.03498542274052478
CARVPRWRWYFDVW,2,0.0029154518950437317
CASGGSWFDYW,3,0.004373177842565598
CASLFFDYW,5,0.007288629737609329
CASTGGAFDVW,2,0.0029154518950437317
CATQYLDFW,11,0.016034985422740525
CFDYW,7,0.01020408163265306
CFVYEPPFDFW,2,0.0029154518950437317
CGDYW,2,0.0029154518950437317
CGRGGSWFDYW,3,0.004373177842565598
CSRGSGHFAYW,2,0.0029154518950437317
CSRGSGHFDYW,24,0.03498542274052478
CSSGICPIDYW,2,0.0029154518950437317
CTGRDYW,56,0.08163265306122448
CTKGKNPHDYW,2,0.0029154518950437317
CTSGRCYQFDFW,4,0.0058309037900874635
CTTAVIAVAVFDSW,8,0.011661807580174927
CTTGPWEPPFDFW,2,0.0029154518950437317
CVDYW,17,0.02478134110787172
CVKEGDFDCW,5,0.007288629737609329
CVKTRYPSVFHYW,3,0.004373177842565598
CVRDRGQVWFDTW,2,0.0029154518950437317
CVRHLGDRDLFDFW,2,0.0029154518950437317
CVRHTYYRFDYW,19,0.027696793002915453
CVRIALYAFDIW,2,0.0029154518950437317
CVRNTYYRFDYW,5,0.007288629737609329
CW,4,0.0058309037900874635
CYRGYSWFDPW,3,0.004373177842565598
CYTALDIW,4,0.0058309037900874635
CYYGDYW,2,0.0029154518950437317
