CDR3,count,relative.frequency
CAAWDDSLNGPVF,7,0.027450980392156862
CAAWDDSLNGVVF,4,0.01568627450980392
CAAWDDSLNGWVF,6,0.023529411764705882
CAAWDDSLSGWVF,14,0.054901960784313725
CAAWDDSLSGYVF,2,0.00784313725490196
CAAWDHSLSGVLF,2,0.00784313725490196
CAAWDSSLDALVF,6,0.023529411764705882
CAAWDSSLSALVF,9,0.03529411764705882
CGTWDSSLSAGVF,7,0.027450980392156862
CGTWDSSLSAVVF,17,0.06666666666666667
CGTWDSSLSAWVF,6,0.023529411764705882
CGTWDSSLSVWVF,4,0.01568627450980392
CHVWDSSSDHVVF,2,0.00784313725490196
CLLSTSGARRIF,4,0.01568627450980392
CLLSYSGVRGF,2,0.00784313725490196
CMIWPSNARGLF,2,0.00784313725490196
CNSRDSSGNHVVF,4,0.01568627450980392
CNSRDSSRNHWVF,2,0.00784313725490196
CQAWDSNTVVF,4,0.01568627450980392
CQAWDSRTAHVVF,3,0.011764705882352941
CQAWDSSTAHVVF,10,0.0392156862745098
CQAWDSSTAVF,4,0.01568627450980392
CQAWDSSTEDVVF,3,0.011764705882352941
CQAWDSSTLVF,31,0.12156862745098039
CQAWDSSTVVF,7,0.027450980392156862
CQAWDSSVGVVF,3,0.011764705882352941
CQAWDSTTVVF,2,0.00784313725490196
CQSYDNNNVVF,5,0.0196078431372549
CQSYDSSLSAWVF,2,0.00784313725490196
CQSYDSSLSGSVF,4,0.01568627450980392
CQSYDSSLSGWVF,2,0.00784313725490196
CQSYDSSLSVHVF,6,0.023529411764705882
CQSYDSTLSGAVF,2,0.00784313725490196
CQTWGTGIQVF,11,0.043137254901960784
CQTWGTGIVVF,3,0.011764705882352941
CQVWDSRSDHVVF,3,0.011764705882352941
CQVWDSSGDQWVF,4,0.01568627450980392
CQVWDSSRDHVVF,2,0.00784313725490196
CQVWDSSRVF,3,0.011764705882352941
CQVWDSSSDQWVF,2,0.00784313725490196
CQVWDSSVVF,10,0.0392156862745098
CSAWDSSLSAVVF,2,0.00784313725490196
CSAWDSSLSVWLF,2,0.00784313725490196
CSSYAGNNNFVF,4,0.01568627450980392
CSSYAGSNNVLF,2,0.00784313725490196
CSSYTSKSTVVF,2,0.00784313725490196
CSSYTSRSTLVVF,2,0.00784313725490196
CSSYTSSRTWVF,2,0.00784313725490196
CSSYTSSSTLVF,3,0.011764705882352941
CSSYTSSSTLYVF,3,0.011764705882352941
CSYAGSSTWVF,2,0.00784313725490196
CSYAGSYTWVF,2,0.00784313725490196
CVTWDSSLSAGVF,3,0.011764705882352941
