CDR3,count,relative.frequency
CAHDSGSSFDYW,3,0.00980392156862745
CAHDSGTSYDYW,6,0.0196078431372549
CAHNLVTFDYW,12,0.0392156862745098
CAKDDSSGYAFDIW,3,0.00980392156862745
CAKDGGTYYYDVW,2,0.006535947712418301
CAKDIYHLDYW,2,0.006535947712418301
CAKEIHGFDVW,14,0.0457516339869281
CAKGGSNYDYW,11,0.03594771241830065
CALDSSNQYYFDYW,2,0.006535947712418301
CAMDVW,2,0.006535947712418301
CARADSGGTFGYW,2,0.006535947712418301
CARATVGAFGIW,11,0.03594771241830065
CARDAKYFDLW,2,0.006535947712418301
CARDRETYYLDYW,2,0.006535947712418301
CARDVW,17,0.05555555555555555
CAREGYDKALDIW,2,0.006535947712418301
CAREIHGSFDIW,2,0.006535947712418301
CARGDAGDYW,5,0.016339869281045753
CARGDPTDFDRW,2,0.006535947712418301
CARGKLDFFDEW,9,0.029411764705882353
CARGKLDFFDQW,6,0.0196078431372549
CARGNGGDYW,2,0.006535947712418301
CARGNYGDFW,2,0.006535947712418301
CARGRSGRHYFDHW,2,0.006535947712418301
CARGVISDYW,3,0.00980392156862745
CARGVRGWENDYW,2,0.006535947712418301
CARLNYGDYADYW,7,0.02287581699346405
CARNHYADYYFDYW,21,0.06862745098039216
CARNWGQDAFDPW,2,0.006535947712418301
CARPAYDDDFDLW,2,0.006535947712418301
CARPAYDDGFDIW,6,0.0196078431372549
CARSDWLDPW,10,0.032679738562091505
CARSIKGTYPTYW,2,0.006535947712418301
CARSSGHFDLW,2,0.006535947712418301
CARVDAGDYW,2,0.006535947712418301
CATKSAFDIW,5,0.016339869281045753
CSRTSCWFDPW,2,0.006535947712418301
CTGGIFDYW,2,0.006535947712418301
CTRGDAGDYW,14,0.0457516339869281
CTRHDPYDYW,2,0.006535947712418301
CTRSDWFDAW,2,0.006535947712418301
CTSFSCEYFQHW,2,0.006535947712418301
CTSSSPFDYW,79,0.2581699346405229
CTTKFNYW,3,0.00980392156862745
CVRGVYHFDYW,9,0.029411764705882353
CVRQDYW,4,0.013071895424836602
