CDR3,count,relative.frequency
CAAWDDALNGIYF,4,0.01098901098901099
CAAWDDSLNGQVF,4,0.01098901098901099
CAAWDDSLSAPVF,2,0.005494505494505495
CAAWDDSLSGFVF,2,0.005494505494505495
CAAWDDSLSGPRVF,4,0.01098901098901099
CAAWDDSLSGPVF,9,0.024725274725274724
CAAWDDSLSGPYVF,2,0.005494505494505495
CAAWDDSLSGVVF,6,0.016483516483516484
CAAWDDSLTGRWVF,168,0.46153846153846156
CASYTSSSTVVF,3,0.008241758241758242
CATWDDSLNGVVF,6,0.016483516483516484
CEVWDSGSDHDVF,2,0.005494505494505495
CGSYTSSSTLVF,2,0.005494505494505495
CGTWDSSLSAGVF,3,0.008241758241758242
CLLFYSGAGVF,3,0.008241758241758242
CLLSYSGVRGLF,2,0.005494505494505495
CLLSYSGVRVF,3,0.008241758241758242
CLLYYGGAHPWVF,2,0.005494505494505495
CLLYYGGDVVF,4,0.01098901098901099
CMIWDSSAWVF,2,0.005494505494505495
CMIWHTSAVLF,5,0.013736263736263736
CNSRDISGNHELF,2,0.005494505494505495
CNSRDSSGDRWVF,4,0.01098901098901099
CNSRDSSGNHLVF,5,0.013736263736263736
CNSRDSSGNHVVF,3,0.008241758241758242
CNSRDSSGRRLVF,2,0.005494505494505495
CNSRDYSGNHVLF,2,0.005494505494505495
CQAWDSSIAVF,3,0.008241758241758242
CQAWDSSTHVVF,2,0.005494505494505495
CQAWDSSTVVF,3,0.008241758241758242
CQAWDSSYVVVF,2,0.005494505494505495
CQAWDSTTAIF,2,0.005494505494505495
CQAYDSRLSGWVF,2,0.005494505494505495
CQSADNSGPLWVF,2,0.005494505494505495
CQSADSSGTSLF,3,0.008241758241758242
CQSADSSGTYVF,3,0.008241758241758242
CQSADSSGTYVVF,2,0.005494505494505495
CQSADSSRTYVVF,3,0.008241758241758242
CQSYDISNPVIF,2,0.005494505494505495
CQSYDRSLSGSWVF,3,0.008241758241758242
CQSYDSGDQGVF,2,0.005494505494505495
CQSYDSGNIWVF,2,0.005494505494505495
CQSYDSRNTVF,5,0.013736263736263736
CQSYDSSLSAWVF,4,0.01098901098901099
CQSYDSSLSGSVF,2,0.005494505494505495
CQSYDSSLSGVVF,5,0.013736263736263736
CQSYDSSNQWVF,3,0.008241758241758242
CQSYDSSQSSWVF,2,0.005494505494505495
CQSYDSTLSHSVF,2,0.005494505494505495
CQTWDNNTVVF,2,0.005494505494505495
CQTWGAGVLVF,2,0.005494505494505495
CQTWGTGINWVF,2,0.005494505494505495
CQVWDSSSDHPVF,4,0.01098901098901099
CQVWDSSTVVF,5,0.013736263736263736
CSAWDNSLSAHVF,2,0.005494505494505495
CSSRDSSGYHQF,2,0.005494505494505495
CSSYAGSYTFVVF,4,0.01098901098901099
CSSYAGTNNLGVF,9,0.024725274725274724
CSSYTSSSTVIF,4,0.01098901098901099
CSSYTSSSTVVF,9,0.024725274725274724
CSYAGTYTFEVF,2,0.005494505494505495
CSYVGSSTFVF,2,0.005494505494505495
