CDR3,count,relative.frequency
CAAGLNDYW,59,0.2177121771217712
CAAGTRLDALDIW,10,0.03690036900369004
CAGGYSNGYFDFW,8,0.02952029520295203
CAKDGRSSSFDYW,2,0.007380073800738007
CAKGDIGLFDPW,2,0.007380073800738007
CAKGTTVVTFDYW,2,0.007380073800738007
CARAEPGYDYAFDIW,2,0.007380073800738007
CARDCYVDYW,2,0.007380073800738007
CARDPKGAFDYW,5,0.01845018450184502
CARDRLDGAFDIW,2,0.007380073800738007
CARDSAMGFDYW,4,0.014760147601476014
CARDWRGMGYFDYW,2,0.007380073800738007
CAREGYSTSFDYW,2,0.007380073800738007
CARERTSGGFDYW,5,0.01845018450184502
CARGDYRMGAFDVW,12,0.04428044280442804
CARGGGTTLFDYW,2,0.007380073800738007
CARGLLANHFDYW,2,0.007380073800738007
CARGLYFFDYW,2,0.007380073800738007
CARGMYGVFDYW,4,0.014760147601476014
CARHVPATDSFDPW,2,0.007380073800738007
CARKSPSSSSFDYW,3,0.01107011070110701
CARQRYFDYW,2,0.007380073800738007
CARRGVDYLEYW,22,0.08118081180811808
CARSEFDYFDYW,21,0.07749077490774908
CARTTTGFDPW,2,0.007380073800738007
CARVRGGIFDYW,2,0.007380073800738007
CASFDYW,2,0.007380073800738007
CASHPDGFDIW,2,0.007380073800738007
CASRDYMDVW,7,0.025830258302583026
CATQDPQLHYFDYW,3,0.01107011070110701
CSGGSCRGFGYW,3,0.01107011070110701
CSGGSCYIDNW,4,0.014760147601476014
CSGRRCFYLDFW,2,0.007380073800738007
CSRGTCHFDSW,2,0.007380073800738007
CSTDQDYW,3,0.01107011070110701
CTRNSCHTHFDYW,2,0.007380073800738007
CTRRPGPYDAFDVW,2,0.007380073800738007
CTTRDYMDVW,15,0.055350553505535055
CVDYW,2,0.007380073800738007
CVRNWAPFDYW,2,0.007380073800738007
CVRSIPGVNWFDPW,2,0.007380073800738007
CYCNYEAFDIW,3,0.01107011070110701
CYGMDVW,4,0.014760147601476014
CYSDYW,28,0.1033210332103321
