CDR3,count,relative.frequency
CASSFRGSNTEAFF,3,0.3333333333333333
CASSLRGAAEAFF,2,0.2222222222222222
CASSLVRDYGYTF,2,0.2222222222222222
CSVRVQLNTEAFF,2,0.2222222222222222
