CDR3,count,relative.frequency
CATEVYKKLF,3,0.42857142857142855
CATWDGRSYKKLF,4,0.5714285714285714
