CDR3,count,relative.frequency
CAMTLTRDDKIIF,2,0.3333333333333333
CATF,4,0.6666666666666666
