CDR3,count,relative.frequency
CAKARITIF,2,0.014084507042253521
CARDLRKAIF,23,0.1619718309859155
CARDPGIF,7,0.04929577464788732
CARGERITIF,13,0.09154929577464789
CARGERMTIF,5,0.035211267605633804
CARRGPIF,5,0.035211267605633804
CATWDDTLRGLIF,5,0.035211267605633804
CGSYADINNLIF,7,0.04929577464788732
CGSYADVNNLIF,18,0.1267605633802817
CLTWDTRTYIF,2,0.014084507042253521
CQQRTTRPLTF,2,0.014084507042253521
CQQYEDSPLIF,2,0.014084507042253521
CQQYLTAPLTF,2,0.014084507042253521
CQQYYSTPLIF,2,0.014084507042253521
CQRLTVPLIF,5,0.035211267605633804
CSSYAATDKLVF,18,0.1267605633802817
CSSYAGNYILIF,2,0.014084507042253521
CSSYTNNITLIF,13,0.09154929577464789
CSSYTSDRTQIF,7,0.04929577464788732
CSSYTTSISLIF,2,0.014084507042253521
