CDR3,count,relative.frequency
CASSEPPEREQYF,2,0.3333333333333333
CASSLGQSNEQFF,2,0.3333333333333333
CASSPATYNSPLHF,2,0.3333333333333333
