CDR3,count,relative.frequency
CAAWDDRLNGYVF,2,0.017543859649122806
CAAWDDSLNGWVF,2,0.017543859649122806
CALYMGSGIWVF,6,0.05263157894736842
CATWDDSLNGLVF,4,0.03508771929824561
CAVWDDTLSGWVF,4,0.03508771929824561
CCSYAGSSTYVF,2,0.017543859649122806
CETWDSNTRVF,3,0.02631578947368421
CLLSYSGAWVF,2,0.017543859649122806
CMIWHSSTWVF,2,0.017543859649122806
CNSRDSSGNHVVF,2,0.017543859649122806
CNSRESSGNHLVF,2,0.017543859649122806
CQAWDSSTAVF,3,0.02631578947368421
CQAWDSSTVLF,2,0.017543859649122806
CQAWDSSTVVF,6,0.05263157894736842
CQSADSSGTYLYVF,3,0.02631578947368421
CQSYDSSLSASVF,2,0.017543859649122806
CQSYDSSNQVF,2,0.017543859649122806
CQTWGSGIRVF,2,0.017543859649122806
CQTWGTGFVVF,4,0.03508771929824561
CQTWGTGIWVF,12,0.10526315789473684
CQTWGTGTQVF,3,0.02631578947368421
CSAWDSTLSAWVF,2,0.017543859649122806
CSSYAGNNHFVVF,5,0.043859649122807015
CSSYAGNNNLVF,6,0.05263157894736842
CSSYAGNNNWVF,3,0.02631578947368421
CSSYAGSNNLVF,4,0.03508771929824561
CSSYAGSNNVLF,2,0.017543859649122806
CSSYTSSGTLMF,2,0.017543859649122806
CYSRDSSGNHLVF,18,0.15789473684210525
CYSTDSSGNQGVF,2,0.017543859649122806
