CDR3,count,relative.frequency
CAKESVTTFDYW,3,0.01764705882352941
CAKVRSGSYYYFDYW,5,0.029411764705882353
CARANSGLLDYW,2,0.011764705882352941
CARDFDYW,19,0.11176470588235295
CARDSSGFPFDYW,3,0.01764705882352941
CARDSSRWYFDYW,3,0.01764705882352941
CARDYGDDDFDYW,11,0.06470588235294118
CAREGYSHGFDYW,3,0.01764705882352941
CARGGGSYPFDDW,2,0.011764705882352941
CARGGYYDPDYW,4,0.023529411764705882
CARGRWYCDYW,2,0.011764705882352941
CARGTPHYYFGFW,9,0.052941176470588235
CARGYPFFDSW,2,0.011764705882352941
CARGYPFFDYW,3,0.01764705882352941
CARGYPKFDCW,2,0.011764705882352941
CARHKIGEDWFDPW,3,0.01764705882352941
CARNGGDSW,6,0.03529411764705882
CARQRFQQFDSW,7,0.041176470588235294
CARTRGSFSLDYW,7,0.041176470588235294
CASSSGWFDYW,3,0.01764705882352941
CATTTSEAFDIW,4,0.023529411764705882
CGSGTYYWFDPW,4,0.023529411764705882
CSGGGCHFDFW,2,0.011764705882352941
CSGGNCYSFDYW,3,0.01764705882352941
CSGGSCAFDYW,2,0.011764705882352941
CSGSSCSNWFDPW,4,0.023529411764705882
CSLGNWFDPW,9,0.052941176470588235
CSSTACSYWFDPW,5,0.029411764705882353
CTAANCRYFDSW,2,0.011764705882352941
CTKDKRGWPDYW,2,0.011764705882352941
CTPATCPGALDVW,2,0.011764705882352941
CTSDTDDAYDVW,2,0.011764705882352941
CTTGDYW,20,0.11764705882352941
CVRVANRYFDLW,4,0.023529411764705882
CW,6,0.03529411764705882
