CDR3,count,relative.frequency
CAAWDDNLNGVVF,2,0.008264462809917356
CAAWDDSLNGLVF,4,0.01652892561983471
CAAWDDSLNGMVF,5,0.02066115702479339
CAAWDDSLNGRVF,15,0.06198347107438017
CAAWDDSLNGVVF,5,0.02066115702479339
CAAWDDSLRGVVF,2,0.008264462809917356
CAAWDDSLSGPVF,2,0.008264462809917356
CAAWDDSLTGPVF,14,0.05785123966942149
CAAWDVSLNGPVF,19,0.07851239669421488
CAAWEDSLNGPVF,9,0.0371900826446281
CAIWYSSTVVF,4,0.01652892561983471
CCSYAGSSTWVF,2,0.008264462809917356
CCSYAGSYTF,2,0.008264462809917356
CEAWDSSEAF,2,0.008264462809917356
CESWDGNTRVF,2,0.008264462809917356
CETWDGTTYVF,3,0.012396694214876033
CGSWDSSLSAFVF,2,0.008264462809917356
CGTWDRSLSAGVF,4,0.01652892561983471
CGTWDSSLSAGVF,7,0.028925619834710745
CLLSYNGALAVF,3,0.012396694214876033
CLLYYGGAQLRVF,2,0.008264462809917356
CLSADSSGTYQVF,2,0.008264462809917356
CLSYAGSSTWVF,2,0.008264462809917356
CNSRDSTGNHRDVVF,2,0.008264462809917356
CQAWDSSPVVF,3,0.012396694214876033
CQAWDSSTAHVVF,3,0.012396694214876033
CQAWDSSTAVF,2,0.008264462809917356
CQAWDSSTDPYVF,2,0.008264462809917356
CQAWDSSTGVF,4,0.01652892561983471
CQAWDSSTIVF,2,0.008264462809917356
CQAWDSSTVLF,4,0.01652892561983471
CQAWDSSTVVF,3,0.012396694214876033
CQAWGTGVRLF,2,0.008264462809917356
CQSADSSGSSVRF,2,0.008264462809917356
CQSADVSAFGVF,3,0.012396694214876033
CQSDDSSDRVF,5,0.02066115702479339
CQSYDNSLSGVF,2,0.008264462809917356
CQSYDSSLSGPVVF,6,0.024793388429752067
CQSYDSSLSGWVF,5,0.02066115702479339
CQSYDTNNQVF,4,0.01652892561983471
CQVWDSGSAVF,3,0.012396694214876033
CQVWDSSSVFF,2,0.008264462809917356
CQVWDSSTDHPVF,27,0.1115702479338843
CQVWDTTSDHWVF,9,0.0371900826446281
CSAWDSSLSAWVF,7,0.028925619834710745
CSAYDSSLSAVVF,4,0.01652892561983471
CSSYAGRNNLVF,3,0.012396694214876033
CSSYAGSYTWVF,5,0.02066115702479339
CSSYTSSSTRVF,2,0.008264462809917356
CSSYTSTSTVVF,2,0.008264462809917356
CYSAADNNLRLF,3,0.012396694214876033
CYSAADNNLVF,5,0.02066115702479339
CYSTDSGGNHEVF,2,0.008264462809917356
