CDR3,count,relative.frequency
CAAWDDRLNAWVF,2,0.009708737864077669
CAAWDDRLNGAVF,4,0.019417475728155338
CAAWDDSLDGHVVF,2,0.009708737864077669
CAAWDDSLNAWEF,4,0.019417475728155338
CAAWDDSLNAWVF,40,0.1941747572815534
CAAWDDSLSGWVF,4,0.019417475728155338
CAAWDYSLNAWVF,4,0.019417475728155338
CAAWHDSLSGGAF,2,0.009708737864077669
CAAWHDSLSGVAF,2,0.009708737864077669
CHTWGTGIYVF,2,0.009708737864077669
CLLSYSGARVF,4,0.019417475728155338
CLLSYSGASVF,13,0.06310679611650485
CLLYYGGPVVF,2,0.009708737864077669
CNSRDSSGNLVVF,4,0.019417475728155338
CQAWDISTAVF,2,0.009708737864077669
CQAWDRSTVVF,2,0.009708737864077669
CQAWDSNTALF,2,0.009708737864077669
CQAWDSSSVVF,7,0.03398058252427184
CQAWDSSTAVF,2,0.009708737864077669
CQAWDSSTVVF,20,0.0970873786407767
CQSADSSATYLVF,3,0.014563106796116505
CQSADTSGTYLF,5,0.024271844660194174
CQSVDSSDLHVVF,3,0.014563106796116505
CQSYDRNNHVVF,3,0.014563106796116505
CQSYDSNNREVF,2,0.009708737864077669
CQTWDTGIRVF,2,0.009708737864077669
CQTWGAGSIVF,2,0.009708737864077669
CQTWVTGIHVF,6,0.02912621359223301
CQVWDSSTVVF,2,0.009708737864077669
CQVWDTSSSHLVF,4,0.019417475728155338
CSSFTSSSTYVF,6,0.02912621359223301
CSSNTSSTTLDVF,4,0.019417475728155338
CSSYAGNNNFVF,3,0.014563106796116505
CSSYTGSSTVVF,3,0.014563106796116505
CSSYTSSNTYVF,3,0.014563106796116505
CSSYTSSSPWVF,6,0.02912621359223301
CSSYTSSSTLVF,4,0.019417475728155338
CSSYTSSSTLWVF,19,0.09223300970873786
CSSYVGSNNVLF,2,0.009708737864077669
