CDR3,count,relative.frequency
CARGRKTIF,2,0.03333333333333333
CARGRNTIF,36,0.6
CASGLRDSIF,5,0.08333333333333333
CATDPRPEIF,2,0.03333333333333333
CQQYAVRPLTF,2,0.03333333333333333
CQQYYNTPLIF,2,0.03333333333333333
CQTWDTDTAIF,6,0.1
CTSYTRSIILIF,5,0.08333333333333333
