CDR3,count,relative.frequency
CARRNRIF,2,0.16666666666666666
CNSYTTSNTLIF,2,0.16666666666666666
CQQYFRRPLTF,2,0.16666666666666666
CQVWDYTDHVIF,6,0.5
