CDR3,count,relative.frequency
CAKDPTIF,31,0.16062176165803108
CARDAIF,41,0.21243523316062177
CARDPSIF,2,0.010362694300518135
CARGAIF,28,0.14507772020725387
CCSYAGSRTLIF,11,0.05699481865284974
CCSYAGSSPYIF,2,0.010362694300518135
CQHCGKPRLIF,8,0.04145077720207254
CQHYGKPRLIF,51,0.26424870466321243
CQKYNTAPFIF,2,0.010362694300518135
CQQTYSPLITF,6,0.031088082901554404
CQQYGRSPIIF,3,0.015544041450777202
CQRYGGSPPFIF,2,0.010362694300518135
CSSFAGVSTLIF,2,0.010362694300518135
CSSFGGVSTLIF,2,0.010362694300518135
CVKDPTIF,2,0.010362694300518135
