CDR3,count,relative.frequency
CAINSNYGYTF,2,0.13333333333333333
CASRGLYTGELFF,2,0.13333333333333333
CASSLRYGYSF,2,0.13333333333333333
CASSSTGGGYTF,2,0.13333333333333333
CSARMNTEAFF,3,0.2
CSARVGQAYEQYF,2,0.13333333333333333
CSSFASGNTRVF,2,0.13333333333333333
