CDR3,count,relative.frequency
CAKDRRTIF,3,0.047619047619047616
CAKTGRGGIF,12,0.19047619047619047
CARATIF,5,0.07936507936507936
CARDRVSIF,3,0.047619047619047616
CARGPKIF,9,0.14285714285714285
CARLPQRMTIF,8,0.12698412698412698
CARNTIF,3,0.047619047619047616
CHSYDSDKMIF,3,0.047619047619047616
CLLFSGHEQLIF,2,0.031746031746031744
CLLFSRGEELIF,4,0.06349206349206349
CQQYDALPQIF,2,0.031746031746031744
CQQYGNFPLIF,3,0.047619047619047616
CSSYTMAFTLIF,3,0.047619047619047616
CTRTTIF,3,0.047619047619047616
