CDR3,count,relative.frequency
CAKGRRVVIF,2,0.06896551724137931
CAKIRPPLSIF,5,0.1724137931034483
CARRRTIF,10,0.3448275862068966
CASYAGNNNLIF,2,0.06896551724137931
CLVYYSRSRIF,2,0.06896551724137931
CQAWDRTVIF,2,0.06896551724137931
CQHYIDFPLIF,2,0.06896551724137931
CSSYAGRYPVIF,2,0.06896551724137931
CSSYTNTDTRIF,2,0.06896551724137931
