CDR3,count,relative.frequency
CASSLIGEAYGYTF,2,0.2857142857142857
CASSWAGSYEQYF,3,0.42857142857142855
CSSYTSGNTRVF,2,0.2857142857142857
