CDR3,count,relative.frequency
CARELRDDAFDVW,13,0.35135135135135137
CARGAAAAFDYW,2,0.05405405405405406
CARGHWGDYW,3,0.08108108108108109
CASGGHVDYW,2,0.05405405405405406
CSGSRCYEGFDYW,2,0.05405405405405406
CSSTSCYHWFDPW,6,0.16216216216216217
CTKGVFDSW,2,0.05405405405405406
CTRDTFGPEDYW,3,0.08108108108108109
CVKDIYRWAFDHW,2,0.05405405405405406
CYARYFDLW,2,0.05405405405405406
