CDR3,count,relative.frequency
CASSFGETEAFF,4,0.3076923076923077
CASSHSYEQFF,2,0.15384615384615385
CASSLIPGSYNEQFF,2,0.15384615384615385
CASSSSLSEAFF,2,0.15384615384615385
CASSYSWEQYF,3,0.23076923076923078
