CDR3,count,relative.frequency
CAHRKPLVYFNYW,4,0.013513513513513514
CAHSKPPAHYFDFW,10,0.033783783783783786
CAKRYNFDIW,2,0.006756756756756757
CARDLTWGYCDLW,8,0.02702702702702703
CARDPDTSSKIDYW,2,0.006756756756756757
CARDPSRLASFDYW,3,0.010135135135135136
CARDQIWRAFDIW,12,0.04054054054054054
CARDREWLVSDYW,2,0.006756756756756757
CARDVDMVYDAFDMW,2,0.006756756756756757
CAREFHNDLYFDPW,2,0.006756756756756757
CAREGAVAEAFDVW,2,0.006756756756756757
CARFDSW,56,0.1891891891891892
CARGGSGSYCDYW,2,0.006756756756756757
CARHLVSGAFDYW,5,0.016891891891891893
CARILCTPSDDYW,2,0.006756756756756757
CARILCTTSDDYW,22,0.07432432432432433
CARLLWFGESVDYW,19,0.06418918918918919
CARNDYTGGAFDIW,6,0.02027027027027027
CARPHRGPFAFDIW,13,0.04391891891891892
CARQVNHAFDIW,5,0.016891891891891893
CARQVVGADFDSW,2,0.006756756756756757
CARVQFSSGYFRYW,2,0.006756756756756757
CARVRGTFLFDYW,6,0.02027027027027027
CARYSSGWRGFFDYW,4,0.013513513513513514
CATEGDFPYLFDFW,2,0.006756756756756757
CATELPGRALDYW,5,0.016891891891891893
CAWHHLDYW,2,0.006756756756756757
CFDYW,12,0.04054054054054054
CMDVW,13,0.04391891891891892
CSTNSCPFEYW,9,0.030405405405405407
CTSKTDGFDIW,22,0.07432432432432433
CTTSDDYW,26,0.08783783783783784
CVKYMARAFDRW,2,0.006756756756756757
CVRSSGYFRSFDYW,4,0.013513513513513514
CYSDAFHIW,6,0.02027027027027027
