CDR3,count,relative.frequency
CAAHGLDYW,2,0.00881057268722467
CAKDDVVGALDYW,2,0.00881057268722467
CAKFGTNDGFDIW,7,0.030837004405286344
CAKGRADAFDMW,3,0.013215859030837005
CAKLNSGGFDYW,2,0.00881057268722467
CAQLNSWGNAFDVW,5,0.022026431718061675
CARDAEAFDIW,5,0.022026431718061675
CARDAQAFDIW,10,0.04405286343612335
CARDEQWWFDPW,2,0.00881057268722467
CARDKEAFDIW,12,0.05286343612334802
CARDSAAKFDYW,16,0.07048458149779736
CARDWEGRRFDYW,2,0.00881057268722467
CARDWNWNADYW,20,0.0881057268722467
CARDYLWSRDYW,3,0.013215859030837005
CAREKYVAFDIW,22,0.09691629955947137
CARERHPGELLFDYW,3,0.013215859030837005
CARGDGYYFDSW,3,0.013215859030837005
CARGFQWGLDYW,4,0.01762114537444934
CARGGAYAFDIW,2,0.00881057268722467
CARGHDGLDVW,3,0.013215859030837005
CARGIDYW,2,0.00881057268722467
CARLGNGFDYW,3,0.013215859030837005
CARRSWVCDAFDIW,3,0.013215859030837005
CARSAFDVW,2,0.00881057268722467
CARSVDYW,22,0.09691629955947137
CATTGSYDFDYW,6,0.02643171806167401
CDYW,13,0.05726872246696035
CGISDWFDPW,3,0.013215859030837005
CMDVW,5,0.022026431718061675
CQYALDVW,2,0.00881057268722467
CSADLDYW,7,0.030837004405286344
CSGYNCYVDYW,2,0.00881057268722467
CSRDAEAFDVW,6,0.02643171806167401
CTREEGYFDFW,3,0.013215859030837005
CTTELPLFDTFDIW,3,0.013215859030837005
CTTGAFDLW,2,0.00881057268722467
CTTVFDYW,2,0.00881057268722467
CVKDQGFDIW,4,0.01762114537444934
CVREGDGYKYFDQW,2,0.00881057268722467
CVRQLSIDYW,3,0.013215859030837005
CVRWLQHAGCFDYW,4,0.01762114537444934
