CDR3,count,relative.frequency
CARTYRSTIF,4,0.5714285714285714
CCSYGDRSTLIF,3,0.42857142857142855
