CDR3,count,relative.frequency
CAAWDDSLIALIF,2,0.0021253985122210413
CARDLLF,2,0.0021253985122210413
CARDPLF,840,0.8926673751328374
CARGGRITIF,8,0.008501594048884165
CARGQIF,10,0.010626992561105207
CARSQIF,40,0.04250797024442083
CARSSIF,12,0.012752391073326248
CARSTIF,4,0.004250797024442083
CQNHDNWPFIF,5,0.005313496280552604
CQQNSSPPLIF,2,0.0021253985122210413
CSSYSNTNTLIF,4,0.004250797024442083
CSSYTLSRTLIF,12,0.012752391073326248
