CDR3,count,relative.frequency
CAAWDDSLNAHVVF,6,0.016304347826086956
CAAWDDSLNGFWVF,9,0.024456521739130436
CAAWDDSLNGPVF,4,0.010869565217391304
CAAWDDSLNGWVF,2,0.005434782608695652
CAAWDDSLNGYVVF,10,0.02717391304347826
CAAWDDSLSAVF,4,0.010869565217391304
CAAWDDSLSGWVF,3,0.008152173913043478
CAAWDDSLTGPVF,69,0.1875
CAPWDDSLNGWVF,5,0.01358695652173913
CASWDDSLNGPVF,2,0.005434782608695652
CATWDDSLNAWVF,11,0.029891304347826088
CCSYAGSSTF,9,0.024456521739130436
CGAWDSSLSAGVF,5,0.01358695652173913
CGTWDGSLSVF,2,0.005434782608695652
CGTWDSSLRAGVF,2,0.005434782608695652
CGTWDSSVSVWVF,2,0.005434782608695652
CGVWDDSLNGPVF,13,0.035326086956521736
CLLSYSGAWVF,2,0.005434782608695652
CLLYYGGARVF,6,0.016304347826086956
CQAGDSSTWVF,2,0.005434782608695652
CQAWDSITAWVF,6,0.016304347826086956
CQAWDSSTADVVF,4,0.010869565217391304
CQAWDSSTVVF,7,0.019021739130434784
CQSADSSGTLWVF,2,0.005434782608695652
CQSADSSGTVLIF,2,0.005434782608695652
CQSADTTGTYWVF,2,0.005434782608695652
CQSGDSSGIAVF,2,0.005434782608695652
CQSLDSSGTSVVF,2,0.005434782608695652
CQSTDSSGTYQVF,3,0.008152173913043478
CQSYDSGLNGFVF,7,0.019021739130434784
CQSYDSGVIF,10,0.02717391304347826
CQSYDSNNHGVF,2,0.005434782608695652
CQSYDSRLSGWVF,2,0.005434782608695652
CQSYDSSLGLSVVF,2,0.005434782608695652
CQSYDSSLSGRWVF,3,0.008152173913043478
CQSYDSSLSGSVF,14,0.03804347826086957
CQSYDSSLSGWVF,8,0.021739130434782608
CQSYDSSLSGYWVF,5,0.01358695652173913
CQSYDSSLSSWVF,2,0.005434782608695652
CQSYDSSLSSYVF,2,0.005434782608695652
CQSYDSSLSTSVF,2,0.005434782608695652
CQSYDTSLSGLVF,2,0.005434782608695652
CQSYDTSLSVVVF,2,0.005434782608695652
CQTWGPDILWVF,6,0.016304347826086956
CQTWGTGIEVF,2,0.005434782608695652
CQTWGTGIVVF,12,0.03260869565217391
CQVWDISSGHVF,12,0.03260869565217391
CQVWDSSSDHCVF,3,0.008152173913043478
CQVWDSSSDHRGVVF,2,0.005434782608695652
CQVWDSSSDWVF,3,0.008152173913043478
CSAWDSSLTAWVF,3,0.008152173913043478
CSSYAGSNCVF,18,0.04891304347826087
CSSYAGSNSYVF,5,0.01358695652173913
CSSYTISSVLRF,4,0.010869565217391304
CSSYTSRSTWVF,2,0.005434782608695652
CSSYTSSNTLVF,2,0.005434782608695652
CSSYTSSSTLVF,4,0.010869565217391304
CTAWDDSLNGVLF,2,0.005434782608695652
CVLYMGGGVWGF,2,0.005434782608695652
CVLYMGSGISLF,15,0.04076086956521739
CVLYMGSGISVF,3,0.008152173913043478
CVVYMGSGISVF,2,0.005434782608695652
CYSTDSSGNQGVF,3,0.008152173913043478
CYSVSDNNIWVF,2,0.005434782608695652
