CDR3,count,relative.frequency
CATWDLTYKKLF,3,0.42857142857142855
CATWDRLNYKKLF,2,0.2857142857142857
CATWEGHKKLF,2,0.2857142857142857
