CDR3,count,relative.frequency
CASQLAGAYEQYF,2,0.11764705882352941
CASRDNYEQYF,2,0.11764705882352941
CASSDRDGYTF,2,0.11764705882352941
CASSIRDNQPQHF,4,0.23529411764705882
CASSPDRVQETQYF,2,0.11764705882352941
CASTNQGNTIYF,2,0.11764705882352941
CSAPLDRYNEQFF,3,0.17647058823529413
