CDR3,count,relative.frequency
CAARGGNAGNMLTF,5,0.45454545454545453
CASGGSYIPTF,2,0.18181818181818182
CGMDSSYKLIF,4,0.36363636363636365
