CDR3,count,relative.frequency
CAAGGIYYYYGMDVW,6,0.004576659038901602
CAALRAMNHDYW,5,0.0038138825324180014
CAARSGAWELSDYW,8,0.006102212051868803
CAKDIW,4,0.0030511060259344014
CAKEGISISFDYW,9,0.006864988558352402
CAKGRLVQAEYFQHW,8,0.006102212051868803
CAKGRLWRAFDIW,2,0.0015255530129672007
CALW,2,0.0015255530129672007
CARDFGEGAFDIW,108,0.08237986270022883
CARDRDWWYFDYW,6,0.004576659038901602
CARDRGGSHRFDYW,8,0.006102212051868803
CARDRPTDYW,17,0.012967200610221205
CARDSGVIWFDYW,3,0.002288329519450801
CARDSSNWFDYW,2,0.0015255530129672007
CARDVGGYALFDYW,3,0.002288329519450801
CAREGEIIEYFQHW,2,0.0015255530129672007
CAREQQDAFDVW,152,0.11594202898550725
CARETTDENYFDYW,8,0.006102212051868803
CARGGSSHAFDYW,3,0.002288329519450801
CARGQKGGVDYW,6,0.004576659038901602
CARGRYGGNFDFW,2,0.0015255530129672007
CARLAVRGGSFDYW,120,0.09153318077803203
CARLDGYYPDYW,4,0.0030511060259344014
CARLKIPFDVW,11,0.008390541571319604
CARPVWFGDDAFDIW,6,0.004576659038901602
CARQNRYFDLW,5,0.0038138825324180014
CARQYQLLHFDYW,9,0.006864988558352402
CARQYRYFDLW,15,0.011441647597254004
CARREGSGRFDYW,10,0.007627765064836003
CARRGPGIYYFDYW,13,0.009916094584286803
CARRNTVSRCFDYW,6,0.004576659038901602
CARSFSGSYDYLDYW,6,0.004576659038901602
CARVLAGSTLDYW,15,0.011441647597254004
CARVRLLSHFDNW,2,0.0015255530129672007
CARYGTSPSFNYW,14,0.010678871090770405
CASDTTGGAFDIW,2,0.0015255530129672007
CATESSNWFDSW,4,0.0030511060259344014
CATTLYSSGWLFDYW,6,0.004576659038901602
CATXSSNWFDSW,5,0.0038138825324180014
CFDYW,10,0.007627765064836003
CFYLDYW,9,0.006864988558352402
CGSGKCFYLDYW,2,0.0015255530129672007
CLNSGVFDFW,13,0.009916094584286803
CSDFSCYGFDCW,2,0.0015255530129672007
CSGGNCRYVHYW,60,0.04576659038901602
CSGGRCYLDYW,4,0.0030511060259344014
CSGNSCFDGYFDNW,4,0.0030511060259344014
CSNWFDPW,11,0.008390541571319604
CSRNWYFDLW,8,0.006102212051868803
CSRSWGGWFDPW,46,0.03508771929824561
CSSGKCFYLDYW,17,0.012967200610221205
CSSGKCYYLDYW,99,0.07551487414187644
CSTGKCFYLDYW,32,0.02440884820747521
CSTGKCFYLEYW,2,0.0015255530129672007
CSYW,319,0.2433257055682685
CTRGICSNWFDPW,9,0.006864988558352402
CTTGTPIDYW,6,0.004576659038901602
CVRAQLFDFW,2,0.0015255530129672007
CVRAWGGYFDYW,2,0.0015255530129672007
CVRERNYFDYW,4,0.0030511060259344014
CVRGSGGLFDVW,17,0.012967200610221205
CVRRNPYWYFDLW,2,0.0015255530129672007
CVRRTSYWYFDLW,10,0.007627765064836003
CVRSHGYCDYW,4,0.0030511060259344014
