CDR3,count,relative.frequency
CALDVW,2,0.04081632653061224
CARAYGDYTSPDYW,2,0.04081632653061224
CARDDIVGGIDYW,3,0.061224489795918366
CARDRRYPDYW,2,0.04081632653061224
CAREIWGDGMDVW,9,0.1836734693877551
CARKYYSDAFDIW,6,0.12244897959183673
CASGNTIVRLDYW,6,0.12244897959183673
CASGNTVLRLDYW,2,0.04081632653061224
CATTANDAFQIW,4,0.08163265306122448
CATVFDYW,3,0.061224489795918366
CSSTSCGENAFDIW,10,0.20408163265306123
