CDR3,count,relative.frequency
CAAGDNWFDPW,2,0.011494252873563218
CAGGEKLYYFDYW,5,0.028735632183908046
CAKGRGYPWYFDYW,2,0.011494252873563218
CAKSGQIATFDIW,2,0.011494252873563218
CARAISGYYFDIW,6,0.034482758620689655
CARAISYSALDYW,2,0.011494252873563218
CARASPFLPFDFW,4,0.022988505747126436
CARDGLELYDYW,3,0.017241379310344827
CARELAVRSLDYW,5,0.028735632183908046
CARFKDAFDIW,3,0.017241379310344827
CARGEVAGYFDYW,14,0.08045977011494253
CARGEVDGYFDYW,8,0.04597701149425287
CARGEVVGYFDYW,12,0.06896551724137931
CARGEYFDPW,6,0.034482758620689655
CARGEYYDVVDVW,2,0.011494252873563218
CARGGDWFDPW,21,0.1206896551724138
CARGGWYFDLW,2,0.011494252873563218
CARGRYFDPW,5,0.028735632183908046
CARGYSYGPIDYW,3,0.017241379310344827
CARHARYSFDLW,4,0.022988505747126436
CARKWELTVMDYW,5,0.028735632183908046
CARLAAGNYFDYW,2,0.011494252873563218
CARSSVVGFDYW,3,0.017241379310344827
CARVFAYSFDYW,3,0.017241379310344827
CASSVVGAGLDYW,5,0.028735632183908046
CFDSW,17,0.09770114942528736
CKSGNCYPDYW,2,0.011494252873563218
CSGGSCRLYFDYW,4,0.022988505747126436
CSGVRCYPFDYW,3,0.017241379310344827
CSSATCLNWFDPW,2,0.011494252873563218
CSTFDHW,2,0.011494252873563218
CTIGGFGDFDLW,2,0.011494252873563218
CTTYDYW,2,0.011494252873563218
CVRGDPDYW,2,0.011494252873563218
CVRGPSSNWFDPW,2,0.011494252873563218
CYEYYFDYW,5,0.028735632183908046
CYPPPDYW,2,0.011494252873563218
