CDR3,count,relative.frequency
CAAWDASLNGHVF,3,0.04477611940298507
CAAWDDGLNGVVF,2,0.029850746268656716
CAAWDDSLNAWVF,2,0.029850746268656716
CAVWDDSLHGVVF,2,0.029850746268656716
CGTWDSSLSAGVF,5,0.07462686567164178
CGTWDSSLSAVF,2,0.029850746268656716
CLLAYSGARVF,2,0.029850746268656716
CQAWDSRTVVF,2,0.029850746268656716
CQAWDSSTVIF,2,0.029850746268656716
CQAWDSSTVVF,6,0.08955223880597014
CQSADSSGTHRVF,2,0.029850746268656716
CQSADTSGTWIF,2,0.029850746268656716
CQSGDSSGNLVVF,2,0.029850746268656716
CQSTDSSGNYVVF,2,0.029850746268656716
CQSYDNSLSGSVF,2,0.029850746268656716
CQSYDNSNLWVF,2,0.029850746268656716
CQSYDSTNHVVF,2,0.029850746268656716
CQSYDTSLSAVF,2,0.029850746268656716
CQSYDTSSRVF,2,0.029850746268656716
CQTWGPGIRLF,2,0.029850746268656716
CQTWGSGTVVF,3,0.04477611940298507
CQTWGSGWVF,2,0.029850746268656716
CQVWDSSSDHEVF,2,0.029850746268656716
CSSYTSSNTVF,4,0.05970149253731343
CSSYTSSTTWVF,2,0.029850746268656716
CVLYMGSDMVF,2,0.029850746268656716
CYSAADNNGVF,4,0.05970149253731343
