CDR3,count,relative.frequency
CARVPIF,2,0.13333333333333333
CCSYKDRGKIF,2,0.13333333333333333
CQQYHPPLITF,11,0.7333333333333333
