CDR3,count,relative.frequency
CARDSIF,12,0.6666666666666666
CARFTIF,2,0.1111111111111111
CCSSASTVTLIF,2,0.1111111111111111
CTTDRRIPIF,2,0.1111111111111111
