CDR3,count,relative.frequency
CAANSDHLNF,3,0.027777777777777776
CAKDLTIF,2,0.018518518518518517
CAKEITTF,3,0.027777777777777776
CAKGSRGF,4,0.037037037037037035
CARGPDRYTYGYF,11,0.10185185185185185
CARQVSGF,8,0.07407407407407407
CATTPSYFCVF,2,0.018518518518518517
CCSYAGSSTF,2,0.018518518518518517
CESASYPEGNF,21,0.19444444444444445
CGAEAGGVPGGF,2,0.018518518518518517
CHQYGSSPYTF,3,0.027777777777777776
CKESVCCACF,2,0.018518518518518517
CQAWDRGTQF,3,0.027777777777777776
CQQRSNWPLLGF,3,0.027777777777777776
CQQSGSSTPVTF,4,0.037037037037037035
CQQSLTTPYTF,2,0.018518518518518517
CQQTYNVFTF,2,0.018518518518518517
CQQYAGPATF,2,0.018518518518518517
CQQYFGTPQTF,2,0.018518518518518517
CSSHTSTSPYVF,2,0.018518518518518517
CTAMLAPGF,5,0.046296296296296294
CTRPLTIF,14,0.12962962962962962
CVRGTRF,6,0.05555555555555555
