CDR3,count,relative.frequency
CAAWDDSLGVF,6,0.010657193605683837
CAAWDDSLNAHVVF,2,0.003552397868561279
CAAWDDSLNAYVF,3,0.0053285968028419185
CAAWDDSLNGFVF,2,0.003552397868561279
CAAWDDSLNGHVF,2,0.003552397868561279
CAAWDDSLNGPVF,5,0.008880994671403197
CAAWDDSLSGRVF,2,0.003552397868561279
CAAWDDSVNGRVF,4,0.007104795737122558
CAAWDDTLNGVVF,5,0.008880994671403197
CAGWDDSLNGVVF,2,0.003552397868561279
CATWDDSLNVWVF,4,0.007104795737122558
CCSYAGSSTSVF,2,0.003552397868561279
CETWDSNTWVF,3,0.0053285968028419185
CGTWDGSLSAGVF,2,0.003552397868561279
CGTWDSSLSAVVF,3,0.0053285968028419185
CLAWDGSLSGVVF,3,0.0053285968028419185
CLLSYGGAQLVF,2,0.003552397868561279
CNSRDSSGNHLVF,2,0.003552397868561279
CQAADSSESYVVF,2,0.003552397868561279
CQAWDSSALVVF,10,0.017761989342806393
CQAWDSSTAVF,2,0.003552397868561279
CQAWDSSTVVF,2,0.003552397868561279
CQAWDSSVVF,2,0.003552397868561279
CQSADSSETYPVVF,4,0.007104795737122558
CQSADSSGLRYVF,3,0.0053285968028419185
CQSYDRSLSGVVF,2,0.003552397868561279
CQSYDSSLSGWVF,6,0.010657193605683837
CQSYDSSLSGYVF,4,0.007104795737122558
CQSYDSTNQVF,2,0.003552397868561279
CQSYDTSLSGSRVF,2,0.003552397868561279
CQTWDTGFRVF,2,0.003552397868561279
CQTWGSGMVF,2,0.003552397868561279
CQTWGTGIGVF,2,0.003552397868561279
CQVWDISSDVVF,2,0.003552397868561279
CQVWDSSSDHVF,3,0.0053285968028419185
CQVWDSSSDHVVF,8,0.014209591474245116
CQVWDSSSDVVF,77,0.13676731793960922
CQVWDSSSVVF,2,0.003552397868561279
CQVWDSSSYVVF,2,0.003552397868561279
CQVWDSSTDHPVVF,58,0.10301953818827708
CQVWDSTSDHWVF,13,0.023090586145648313
CQVWDTSRDHVVF,2,0.003552397868561279
CSSYAGINNLGF,2,0.003552397868561279
CSSYAGINNLVF,204,0.3623445825932504
CSSYAGSNNLLF,2,0.003552397868561279
CSSYAGSNSVF,3,0.0053285968028419185
CSSYTGSSTVVF,2,0.003552397868561279
CSSYTNISTLVF,7,0.012433392539964476
CSSYTSSATLVF,3,0.0053285968028419185
CSSYTTSSTLIF,4,0.007104795737122558
CSSYTTSSTVVF,2,0.003552397868561279
CSYAGSNTFVF,2,0.003552397868561279
CVLYMGRGISVF,5,0.008880994671403197
CYSTDISGNHRVF,59,0.10479573712255773
