CDR3,count,relative.frequency
CAKDAYFDLW,7,0.6363636363636364
CARGPYSYFDLW,2,0.18181818181818182
CVRDVGAEGDYW,2,0.18181818181818182
