CDR3,count,relative.frequency
CAAWFDPW,3,0.00909090909090909
CAAYDDDW,2,0.006060606060606061
CAGSDYFHYW,47,0.14242424242424243
CAHKTPHDCHDYW,2,0.006060606060606061
CAHRWKTLFDYW,3,0.00909090909090909
CAHTRGAANFGYW,2,0.006060606060606061
CAKASGSGFDYW,4,0.012121212121212121
CAKFREGYYFDYW,2,0.006060606060606061
CAKGGDDKIPFDYW,5,0.015151515151515152
CAKGGQVAWTAFDIW,3,0.00909090909090909
CAKGLARYFDHW,6,0.01818181818181818
CAKGLARYFDRW,11,0.03333333333333333
CAKPARTNGVDYW,3,0.00909090909090909
CAMDVW,5,0.015151515151515152
CARAAPFNWAFDYW,3,0.00909090909090909
CARAIPEDGMDVW,2,0.006060606060606061
CARDLAGEGDYW,3,0.00909090909090909
CARDRNSDAFDLW,21,0.06363636363636363
CARDSSDGLDVW,2,0.006060606060606061
CAREGGRAFDIW,2,0.006060606060606061
CARGGDPDYW,5,0.015151515151515152
CARGGSDAFDFW,3,0.00909090909090909
CARGRAQQAVDYW,7,0.021212121212121213
CARGSGWCDYW,5,0.015151515151515152
CARGSHRDNLDYW,2,0.006060606060606061
CARGSLFDVW,2,0.006060606060606061
CARGSWGAFDIW,6,0.01818181818181818
CARGVRDLDYW,14,0.04242424242424243
CARHRGASFDYW,3,0.00909090909090909
CARLLGGDYW,4,0.012121212121212121
CARLYDREYFDSW,2,0.006060606060606061
CARRGDYYWFDPW,5,0.015151515151515152
CARRWFFDLW,2,0.006060606060606061
CARSGGIFDYW,3,0.00909090909090909
CARSVAFQIW,3,0.00909090909090909
CARVEWPYFDSW,2,0.006060606060606061
CARVRSGNYFDFW,3,0.00909090909090909
CARVYGAFDIW,5,0.015151515151515152
CASDAFDSW,7,0.021212121212121213
CASGRKGAFDLW,6,0.01818181818181818
CASSTMTDAFDIW,2,0.006060606060606061
CATDSHYSTFDYW,5,0.015151515151515152
CATGSFWSGYFDFW,4,0.012121212121212121
CATQRWAIFDYW,3,0.00909090909090909
CATRGRLADYW,2,0.006060606060606061
CATRRPDFDYW,2,0.006060606060606061
CATYGDQGFDAW,3,0.00909090909090909
CDYW,5,0.015151515151515152
CETSGDGVDVW,6,0.01818181818181818
CGRRRDGYNFDYW,6,0.01818181818181818
CLRQGGDYW,4,0.012121212121212121
CPPDYW,2,0.006060606060606061
CRSAFDIW,2,0.006060606060606061
CSGGSCYYFDYW,3,0.00909090909090909
CSLFDSW,11,0.03333333333333333
CSRDPWLVDYW,6,0.01818181818181818
CTDAAAFGVW,2,0.006060606060606061
CTTPNFDKW,7,0.021212121212121213
CTTRDPRAFDIW,3,0.00909090909090909
CTTRGFDYW,9,0.02727272727272727
CVKGLARYFDHW,3,0.00909090909090909
CVRDSPHAWFDSW,2,0.006060606060606061
CVRSPFDSW,5,0.015151515151515152
CVSKVVDDFDFW,2,0.006060606060606061
CVSNSCYFYYW,2,0.006060606060606061
CVVSAPALDYW,2,0.006060606060606061
CYSDAFDIW,4,0.012121212121212121
CYYFDSW,3,0.00909090909090909
