CDR3,count,relative.frequency
CARARISIF,123,0.8601398601398601
CASSPPIF,20,0.13986013986013987
