CDR3,count,relative.frequency
CASRDGELDYEQYF,2,0.2857142857142857
CASSLLGNEQFF,2,0.2857142857142857
CASSQRDGYGYTF,3,0.42857142857142855
