CDR3,count,relative.frequency
CASSQDTDGQYF,2,0.14285714285714285
CASSRLNTEAFF,4,0.2857142857142857
CASSYRGATEAFF,6,0.42857142857142855
CASTVGVRTEAFF,2,0.14285714285714285
