CDR3,count,relative.frequency
CAISVRTEETQYF,2,0.11764705882352941
CASSLQGATDTQYF,6,0.35294117647058826
CASSPPGVPRETQYF,2,0.11764705882352941
CSAREHRGGYTF,4,0.23529411764705882
CTSYTSNYLYVF,3,0.17647058823529413
