CDR3,count,relative.frequency
CAKDSRITIF,2,0.0425531914893617
CARAPTIF,5,0.10638297872340426
CASYTSSRTWIF,2,0.0425531914893617
CQAWDTRAVIF,17,0.3617021276595745
CQQYATSPLIF,2,0.0425531914893617
CQQYGGAPLISF,2,0.0425531914893617
CQQYNSYSPLIF,5,0.10638297872340426
CQSYDRGPIF,2,0.0425531914893617
CQTWDSRNVIF,6,0.1276595744680851
CSSYSSDTALIF,2,0.0425531914893617
CSSYTTTDTLIF,2,0.0425531914893617
