CDR3,count,relative.frequency
CAEGLGEEAFDIW,3,0.01764705882352941
CAGDCKQFDYW,5,0.029411764705882353
CAGQRGPSLVDYW,5,0.029411764705882353
CARDGAFYEIDYW,2,0.011764705882352941
CARDGGRPDYW,20,0.11764705882352941
CARDHYYFDYW,9,0.052941176470588235
CARDLDWAFDYW,7,0.041176470588235294
CARDLGGDGMDVW,8,0.047058823529411764
CAREFLLAADYW,2,0.011764705882352941
CARESEWYSFDYW,2,0.011764705882352941
CARGIAEVDYW,13,0.07647058823529412
CARGMAEVDYW,18,0.10588235294117647
CARGVAGTGGFFDYW,8,0.047058823529411764
CARGVGTNYDYW,4,0.023529411764705882
CARHDYFNYIDYW,21,0.12352941176470589
CARHLGSLDYW,4,0.023529411764705882
CARHTGPVDYW,19,0.11176470588235295
CASSTPNNFDYW,2,0.011764705882352941
CATGGYYFDYW,2,0.011764705882352941
CSGGRCTDYW,4,0.023529411764705882
CTRNRNYGDYWDYW,3,0.01764705882352941
CTTRWDAFDVW,2,0.011764705882352941
CVRGIAEVDYW,3,0.01764705882352941
CYGMDVW,4,0.023529411764705882
