CDR3,count,relative.frequency
CAATNWFDPW,4,0.00784313725490196
CAHRGYDFCFDYW,3,0.0058823529411764705
CAKDSSSWSSFDYW,8,0.01568627450980392
CAKDVSGWVYYFDYW,5,0.00980392156862745
CAKFNFAYW,2,0.00392156862745098
CAKGFWGGNFDHW,2,0.00392156862745098
CAKGSGSYEYYFDYW,6,0.011764705882352941
CAKRVDARFDYW,4,0.00784313725490196
CAKVGGELCFDYW,3,0.0058823529411764705
CAKWRFDYW,83,0.1627450980392157
CARAKNDAFDIW,2,0.00392156862745098
CARASEGGFDYW,6,0.011764705882352941
CARDFPYFDYW,12,0.023529411764705882
CARDGVEDYMDVW,2,0.00392156862745098
CARDQNWVPLDYW,3,0.0058823529411764705
CARDRGSTFDLW,4,0.00784313725490196
CARDVW,43,0.08431372549019608
CARGGDWFGPW,2,0.00392156862745098
CARGGWTTVDYW,4,0.00784313725490196
CARGHGYLDYW,2,0.00392156862745098
CARGPNWNDFDYW,3,0.0058823529411764705
CARKNSFDIW,2,0.00392156862745098
CARLIGVVVHDYW,4,0.00784313725490196
CARLPNGHFCFDPW,2,0.00392156862745098
CARQIAAFDYW,17,0.03333333333333333
CARQSLYAFDIW,2,0.00392156862745098
CASGDFFDIW,3,0.0058823529411764705
CATDDAFDMW,12,0.023529411764705882
CATGGWYYFDYW,3,0.0058823529411764705
CLNYFDSW,3,0.0058823529411764705
CNRGYEFDYW,2,0.00392156862745098
CRSEAFDRW,4,0.00784313725490196
CSGNNCNNWFDPW,2,0.00392156862745098
CSGTSCYSDYW,4,0.00784313725490196
CSRVGAFDVW,10,0.0196078431372549
CSSVGYIDYW,3,0.0058823529411764705
CTLNVFDYW,5,0.00980392156862745
CTRGWNFFDSW,55,0.10784313725490197
CTSMSCSYFVYW,29,0.056862745098039215
CTTASCWSNRFDPW,5,0.00980392156862745
CTTFWSGYFDYW,6,0.011764705882352941
CTTGRGGSFAFDIW,11,0.021568627450980392
CVHTPIFGDFDYW,9,0.01764705882352941
CVKHSTRPLDYW,5,0.00980392156862745
CVRDKDWAFDFW,3,0.0058823529411764705
CVRGIGDYW,94,0.1843137254901961
CVRLRFFDYW,6,0.011764705882352941
CVVMTGYSDDYW,3,0.0058823529411764705
CYGRGDPFDIW,3,0.0058823529411764705
