CDR3,count,relative.frequency
CAKGGDWEDFDHW,2,0.08695652173913043
CARAWAFDYW,9,0.391304347826087
CARENGLDAFDIW,2,0.08695652173913043
CARGKWLFDLW,2,0.08695652173913043
CARNFWSEPFDYW,2,0.08695652173913043
CNSASCYAEDYW,2,0.08695652173913043
CSGVYCYSLFEYW,2,0.08695652173913043
CVRDQSWAFDVW,2,0.08695652173913043
