CDR3,count,relative.frequency
CAAWDDSLNGPVF,2,0.030303030303030304
CAAWDDSLNGVVF,14,0.21212121212121213
CAAWDDSLSGRVF,3,0.045454545454545456
CAVWDDGLNGVVF,2,0.030303030303030304
CNSRDSSDNHRVF,2,0.030303030303030304
CQAWDADTAVF,3,0.045454545454545456
CQAWDRSTAVF,2,0.030303030303030304
CQAWDSSTVVF,16,0.24242424242424243
CQSADSSDVRVF,4,0.06060606060606061
CQSYDSNLSGSVF,2,0.030303030303030304
CQSYDSSLDVVF,2,0.030303030303030304
CQSYDSSNHWVF,2,0.030303030303030304
CQTWGTGIRVF,2,0.030303030303030304
CQVWESSSDHHVF,4,0.06060606060606061
CSSYAGSINLGF,2,0.030303030303030304
CSSYTSSGTLGVF,2,0.030303030303030304
CSSYTSSGTLVVF,2,0.030303030303030304
