CDR3,count,relative.frequency
CAANSDHLNF,2,0.0010655301012253596
CAAWDDSLTVLGF,2,0.0010655301012253596
CAF,14,0.007458710708577517
CALSGPTIGF,3,0.0015982951518380393
CARINF,20,0.010655301012253596
CASREGGSPLHF,2,0.0010655301012253596
CASSLARTRYRF,8,0.004262120404901438
CASSSGTGGF,6,0.0031965903036760787
CATPGGGADGLTF,2,0.0010655301012253596
CATRDPAAGRGF,2,0.0010655301012253596
CATWPYSNF,2,0.0010655301012253596
CAVPYNQGGKLIF,4,0.002131060202450719
CAVSPLAPGF,2,0.0010655301012253596
CAYRTYTGANSKLTF,2,0.0010655301012253596
CAYSLSPIPF,2,0.0010655301012253596
CCSYAGRSTWGF,6,0.0031965903036760787
CESASYPEGNF,1634,0.8705380927011188
CESASYPGGNF,5,0.002663825253063399
CESASYPKGNF,2,0.0010655301012253596
CESASYREGNF,2,0.0010655301012253596
CESASYSEGNF,8,0.004262120404901438
CFTKPGPRPSNIGF,2,0.0010655301012253596
CGAEAGGVPGGF,2,0.0010655301012253596
CGSAVSFSGSSNF,2,0.0010655301012253596
CGSPEAF,13,0.006925945657964837
CHQYAILPHTF,2,0.0010655301012253596
CHQYGTSPHTF,8,0.004262120404901438
CISFLFFSFF,2,0.0010655301012253596
CIVRVAGF,2,0.0010655301012253596
CKESVCCACF,2,0.0010655301012253596
CLFHLWPPQGHF,2,0.0010655301012253596
CLHYNNFPRTF,2,0.0010655301012253596
CLLGQNGWHISGF,2,0.0010655301012253596
CLLLIGIAAWGIGF,2,0.0010655301012253596
CLLSAPLRLKTF,2,0.0010655301012253596
CQHQETF,3,0.0015982951518380393
CQHRGTF,4,0.002131060202450719
CQILNKTSFQLF,2,0.0010655301012253596
CQKCDRVPFTF,4,0.002131060202450719
CQKYSGGPITF,2,0.0010655301012253596
CQPLQSSPLTF,2,0.0010655301012253596
CQQDDNWTF,2,0.0010655301012253596
CQQNYDPPLTF,2,0.0010655301012253596
CQQRANLFTF,3,0.0015982951518380393
CQQRSHSCTF,4,0.002131060202450719
CQQSYSSPRTF,5,0.002663825253063399
CQQSYTTPITF,6,0.0031965903036760787
CQQTFSLPYTF,4,0.002131060202450719
CQQYETFWTF,10,0.005327650506126798
CQQYGASITF,6,0.0031965903036760787
CQQYGGRTGTF,2,0.0010655301012253596
CQQYGRLLTF,4,0.002131060202450719
CQQYSETPPTF,3,0.0015982951518380393
CQQYSFYWTF,6,0.0031965903036760787
CQQYTGDRTF,3,0.0015982951518380393
CQVWDTTGVF,2,0.0010655301012253596
CSHLYFKF,2,0.0010655301012253596
CSSLTSSEAGF,2,0.0010655301012253596
CSSYAGSNNF,10,0.005327650506126798
CTASGGPFNGYGF,3,0.0015982951518380393
CTGLFSAQPPPLGF,2,0.0010655301012253596
CVMQMCPGF,2,0.0010655301012253596
CYFCIFDRCYITF,2,0.0010655301012253596
