CDR3,count,relative.frequency
CALPISYLGSRLRTRLIINVGF,2,0.2857142857142857
CQTGANNLFF,2,0.2857142857142857
CVNYGGSQGNLIF,3,0.42857142857142855
