CDR3,count,relative.frequency
CASKGQGSYEQYF,3,0.07317073170731707
CASSFGPTYEQYF,2,0.04878048780487805
CASSLAENYGYTF,3,0.07317073170731707
CASSLDVVNTEAFF,2,0.04878048780487805
CASSLGQGDGYTF,3,0.07317073170731707
CASSLGSYGYTF,4,0.0975609756097561
CASSPGPSTDTQYF,2,0.04878048780487805
CASSPMTVGGYTF,2,0.04878048780487805
CASSQETDTQYF,3,0.07317073170731707
CASSQGGFGYTF,4,0.0975609756097561
CASSRGATEAFF,2,0.04878048780487805
CASSSPQNYGYTF,3,0.07317073170731707
CASSVAGAKEAFF,2,0.04878048780487805
CSSYTSDNTIIF,4,0.0975609756097561
CSVEYSQNTEAFF,2,0.04878048780487805
