CDR3,count,relative.frequency
CASRLRESYEQYF,2,0.3333333333333333
CASSLGGQPQHF,2,0.3333333333333333
CSAPSVADYNEQFF,2,0.3333333333333333
