CDR3,count,relative.frequency
CARLIF,28,0.6086956521739131
CLPYSDYPYIF,2,0.043478260869565216
CLQYSDYPYIF,12,0.2608695652173913
CLQYSGYPYIF,2,0.043478260869565216
CQSYDPVIF,2,0.043478260869565216
