CDR3,count,relative.frequency
CARDRPLF,20,0.1360544217687075
CARNTILIF,6,0.04081632653061224
CARPLFF,63,0.42857142857142855
CARRAIF,13,0.08843537414965986
CARRGRSGIF,2,0.013605442176870748
CARRYAIF,10,0.06802721088435375
CCSFAGTPVIF,2,0.013605442176870748
CCSYAGTYLLIF,5,0.034013605442176874
CCSYTNNLIF,2,0.013605442176870748
CHQRDSRPLTF,2,0.013605442176870748
CQQGRNRPLTF,2,0.013605442176870748
CQSWDDDSQLIF,2,0.013605442176870748
CSRPLFF,5,0.034013605442176874
CSSYAGTSNLIF,5,0.034013605442176874
CTRASPLIWF,8,0.05442176870748299
