CDR3,count,relative.frequency
CAHLPYMFYFDLW,2,0.00909090909090909
CAKDLDGLDVW,4,0.01818181818181818
CAKDSTFYYDSW,2,0.00909090909090909
CAKGDLFRYYFDNW,2,0.00909090909090909
CAKMSPYYFDYW,5,0.022727272727272728
CAKRASPTKFIDYW,3,0.013636363636363636
CAKRFPTREYFEHW,4,0.01818181818181818
CAKRLPTREYFDHW,2,0.00909090909090909
CAKRLPTREYFDYW,4,0.01818181818181818
CAKRQGDYW,2,0.00909090909090909
CAKRSPYYFDYW,6,0.02727272727272727
CARADPGGYFENW,2,0.00909090909090909
CARCGHYYFDSW,8,0.03636363636363636
CARDRGGSYYLDYW,2,0.00909090909090909
CARDSWDAMDVW,40,0.18181818181818182
CAREGEYGDSDYW,2,0.00909090909090909
CARGRDNAFDIW,2,0.00909090909090909
CARGRNNAFDIW,2,0.00909090909090909
CARGSDRLWGDSW,2,0.00909090909090909
CARGSDRLWGDYW,2,0.00909090909090909
CARHALTGLVDYW,4,0.01818181818181818
CARNSWDAMDVW,2,0.00909090909090909
CARRDRGAFDIW,3,0.013636363636363636
CARSGTSYSFDSW,2,0.00909090909090909
CARSPRSFFEYW,2,0.00909090909090909
CARTRSGDYIDYW,2,0.00909090909090909
CARVGGGYYYDYW,6,0.02727272727272727
CARVYGGYDFDYW,3,0.013636363636363636
CASDSWDAMDVW,2,0.00909090909090909
CATSTGWPGFDFW,2,0.00909090909090909
CATVTTVTYFDHW,2,0.00909090909090909
CDYW,6,0.02727272727272727
CRGAFDLW,2,0.00909090909090909
CSGGRWQLVDYW,2,0.00909090909090909
CSGGSCPYFGFW,8,0.03636363636363636
CSGGSCPYFGYW,23,0.10454545454545454
CSGGSCQLVDYW,17,0.07727272727272727
CSRALDYW,9,0.04090909090909091
CSRDDYDGSSFDYW,2,0.00909090909090909
CSRYFDYW,2,0.00909090909090909
CSYGVCLWYFDIW,2,0.00909090909090909
CTNGVCSWFDPW,6,0.02727272727272727
CTTKFNYW,4,0.01818181818181818
CVRNGGAFDFW,3,0.013636363636363636
CVRVRGEDDAFEFW,2,0.00909090909090909
CYRTSAFEIW,2,0.00909090909090909
CYSLAFDYW,2,0.00909090909090909
