CDR3,count,relative.frequency
CASKDSNYGYTF,2,0.05405405405405406
CASSAPWARGYTF,2,0.05405405405405406
CASSFLHYEQYF,2,0.05405405405405406
CASSGGGQGETQYF,15,0.40540540540540543
CASSLAGVGETQYF,2,0.05405405405405406
CASSLDSYNEQFF,4,0.10810810810810811
CASSLGSYNEQFF,2,0.05405405405405406
CASSLNGAPYGYTF,2,0.05405405405405406
CASSLTETQYF,2,0.05405405405405406
CASSQDAQGTEAFF,2,0.05405405405405406
CASSSRTGYTF,2,0.05405405405405406
