CDR3,count,relative.frequency
CAGDCSNWYFDLW,7,0.0330188679245283
CAHHDSGYDYW,3,0.014150943396226415
CAKGGLGNWFDPW,2,0.009433962264150943
CAKGSQEIDYW,4,0.018867924528301886
CAKVEDIDYW,2,0.009433962264150943
CAMYYFDYW,2,0.009433962264150943
CARDAANRGQFDFW,2,0.009433962264150943
CARDPGPGFDSW,2,0.009433962264150943
CARDRGWLQFDYW,2,0.009433962264150943
CARDTSGDFDYW,17,0.08018867924528301
CARDWEAGNEFDYW,2,0.009433962264150943
CAREGILDYW,5,0.02358490566037736
CARERRKSFDTW,4,0.018867924528301886
CARERRTRDFDVW,3,0.014150943396226415
CARGGSGYSHDYW,4,0.018867924528301886
CARGLTGLYDYW,2,0.009433962264150943
CARGRIGQFDYW,2,0.009433962264150943
CARGRPGYYFDFW,3,0.014150943396226415
CARGYYYGMDVW,2,0.009433962264150943
CARLGPAGLFDYW,3,0.014150943396226415
CARPYGSGSFDYW,2,0.009433962264150943
CARRAHTFDYW,2,0.009433962264150943
CARRPVMGYFDAW,2,0.009433962264150943
CARRSTGWGFDYW,2,0.009433962264150943
CARSRWRVAWFDPW,3,0.014150943396226415
CARVQGSFDIW,6,0.02830188679245283
CARVRGGGGIDYW,2,0.009433962264150943
CARVTDAFHIW,2,0.009433962264150943
CARYRNGAYYLDYW,3,0.014150943396226415
CASIFSSGYDYW,2,0.009433962264150943
CATDTFDYW,8,0.03773584905660377
CATGATAFDYW,2,0.009433962264150943
CATGKNYGFDYW,3,0.014150943396226415
CDVW,2,0.009433962264150943
CSAIKCHDQFDYW,55,0.25943396226415094
CSAIRCHDQFDYW,4,0.018867924528301886
CSGGSCYSDYW,3,0.014150943396226415
CSLDYW,3,0.014150943396226415
CSRTTCYPWYFDSW,3,0.014150943396226415
CTARGLTFDYW,6,0.02830188679245283
CTSPRGSSIDYW,2,0.009433962264150943
CTTAQPYFDLW,5,0.02358490566037736
CTTIDYW,4,0.018867924528301886
CVRASPHDYW,2,0.009433962264150943
CVTSPFPDYW,7,0.0330188679245283
CW,2,0.009433962264150943
CYFDYW,2,0.009433962264150943
