CDR3,count,relative.frequency
CASSGTGLYGYTF,2,0.11764705882352941
CASSLMEETQYF,5,0.29411764705882354
CASSPTGVNGYTF,2,0.11764705882352941
CATSGQAQGGYTF,2,0.11764705882352941
CSVLTETNTGELFF,6,0.35294117647058826
