CDR3,count,relative.frequency
CAKDLTGRRTIF,2,0.09090909090909091
CARDLTGRRTIF,5,0.22727272727272727
CARDLWF,3,0.13636363636363635
CARHIPARESIF,4,0.18181818181818182
CARRERSTIF,4,0.18181818181818182
CCSSAGSYTLIF,2,0.09090909090909091
CGSYSSTSGLIF,2,0.09090909090909091
