CDR3,count,relative.frequency
CAKDTLVNTGFDHW,22,0.05238095238095238
CAKGVAGAFDIW,3,0.007142857142857143
CARADTAFDVW,2,0.004761904761904762
CARDSTNFDYW,2,0.004761904761904762
CARDYYYYGMDVW,3,0.007142857142857143
CAREGAMAPDYW,41,0.09761904761904762
CARGGEFSSSSFDYW,3,0.007142857142857143
CARGKHLFDFW,179,0.4261904761904762
CARGKPLFDFW,3,0.007142857142857143
CARPFLSEGGDYW,2,0.004761904761904762
CARQPATPDYW,3,0.007142857142857143
CARREAPDYW,4,0.009523809523809525
CARSNWEDYW,37,0.0880952380952381
CARVRSNYFYFDHW,4,0.009523809523809525
CATGGTVRQFDYW,3,0.007142857142857143
CSGGSCYFFDYW,5,0.011904761904761904
CSGGSCYSFDYW,46,0.10952380952380952
CSSTSCAIDYW,2,0.004761904761904762
CSSVDDAFDIW,2,0.004761904761904762
CTTGNQWFDPW,7,0.016666666666666666
CTWWRYNWFDPW,8,0.01904761904761905
CVRDLTFDIW,33,0.07857142857142857
CVRSTLDGMDVW,6,0.014285714285714285
