CDR3,count,relative.frequency
CATWDKDKKLF,4,0.6666666666666666
CATWDYKKLF,2,0.3333333333333333
