CDR3,count,relative.frequency
CARDRDERITIF,3,0.42857142857142855
CARDVGRITIF,2,0.2857142857142857
CATAGKDLIF,2,0.2857142857142857
