CDR3,count,relative.frequency
CHHYGSSPGTF,5,0.04132231404958678
CLQHYSYPWTF,4,0.03305785123966942
CMQALQTRFTF,5,0.04132231404958678
CMQGAHWPFTF,7,0.05785123966942149
CMQGLQTPRVTF,2,0.01652892561983471
CMQGTDWPWTF,3,0.024793388429752067
CMQGTHWPTF,2,0.01652892561983471
CMQSTHWYTF,2,0.01652892561983471
CQHHNNWPTF,8,0.06611570247933884
CQHYDNLPYTF,4,0.03305785123966942
CQHYNDYSGTF,2,0.01652892561983471
CQQSYRTPPTF,5,0.04132231404958678
CQQSYSTPITF,2,0.01652892561983471
CQQYDNLPLTF,2,0.01652892561983471
CQQYDNLPPYTF,2,0.01652892561983471
CQQYGDSPSRTTF,2,0.01652892561983471
CQQYGFLPSITF,3,0.024793388429752067
CQQYGGSF,2,0.01652892561983471
CQQYGRSPRTF,2,0.01652892561983471
CQQYGSSLTF,12,0.09917355371900827
CQQYGSSPPTF,4,0.03305785123966942
CQQYGSSPRTF,2,0.01652892561983471
CQQYGSSPTF,2,0.01652892561983471
CQQYGSTPPTF,2,0.01652892561983471
CQQYHSYSWTF,2,0.01652892561983471
CQQYNDWWTF,3,0.024793388429752067
CQQYNNWWTF,6,0.049586776859504134
CQQYNSFSWTF,3,0.024793388429752067
CQQYNSLPLTF,4,0.03305785123966942
CQQYQSYPLTF,3,0.024793388429752067
CQQYSFYSTF,2,0.01652892561983471
CQQYSNWGTF,4,0.03305785123966942
CQQYYDNPQTF,2,0.01652892561983471
CQQYYSPVITF,2,0.01652892561983471
CQQYYTTPPTF,2,0.01652892561983471
CQRYNTAPVTF,2,0.01652892561983471
