CDR3,count,relative.frequency
CAARKDSFDVW,5,0.013192612137203167
CAEGAFDYW,5,0.013192612137203167
CAGRKEEFDYW,7,0.018469656992084433
CAGTSINYFHDW,2,0.005277044854881266
CAIEDYW,6,0.0158311345646438
CAKDGLGGYDNYW,2,0.005277044854881266
CAKGGRDSSLDYW,2,0.005277044854881266
CAKGREWYKIIDYW,2,0.005277044854881266
CAKLGGYNYFDYW,4,0.010554089709762533
CAKMCCPFDYW,4,0.010554089709762533
CANFGDWFDPW,2,0.005277044854881266
CARDAWGPDYW,2,0.005277044854881266
CARDHETQDYFDYW,4,0.010554089709762533
CARGANWQFDYW,2,0.005277044854881266
CARGGFGHGFDIW,2,0.005277044854881266
CARGGNWQFDYW,2,0.005277044854881266
CARGSRWFDYW,11,0.029023746701846966
CARHPFDYW,6,0.0158311345646438
CARHQAAAGCFDYW,2,0.005277044854881266
CARLLITHDALDIW,12,0.0316622691292876
CARLVITHDALDTW,2,0.005277044854881266
CARQVTLGGFDIW,3,0.0079155672823219
CARRAATDYW,4,0.010554089709762533
CARRPPYHHYFDSW,6,0.0158311345646438
CARSSINYFDDW,6,0.0158311345646438
CARTSINYFHDW,2,0.005277044854881266
CARVATRALDVW,2,0.005277044854881266
CARVPLSDDFTYW,2,0.005277044854881266
CARVSDWVFDYW,2,0.005277044854881266
CARYGYFDYW,2,0.005277044854881266
CASDEYNIKWFKYW,2,0.005277044854881266
CASFVQWMGLDYW,2,0.005277044854881266
CASGGDNLDYW,2,0.005277044854881266
CASGGDYFDYW,30,0.079155672823219
CASGLAAAFDYW,2,0.005277044854881266
CATGDRNDAFEMW,11,0.029023746701846966
CATGPIGFYFSDW,2,0.005277044854881266
CATGSDYLDYW,2,0.005277044854881266
CDSW,4,0.010554089709762533
CGMDVW,2,0.005277044854881266
CHVDYW,8,0.021108179419525065
CKEGYYHYW,16,0.04221635883905013
CLDSFDVW,8,0.021108179419525065
CLGGVYGSDYW,2,0.005277044854881266
CMDVW,2,0.005277044854881266
CPAYYYYGMDVW,2,0.005277044854881266
CSGGSCFSDYW,93,0.24538258575197888
CSRPDYFDPW,2,0.005277044854881266
CSRRGDGMDVW,2,0.005277044854881266
CSRSDCYGFDVW,2,0.005277044854881266
CSSDLAGAKDYW,2,0.005277044854881266
CTKGGYGSAFDYW,2,0.005277044854881266
CTREDDGFEIW,3,0.0079155672823219
CTRVVSTCDYW,2,0.005277044854881266
CTTFSCYFDYW,13,0.03430079155672823
CTTISCYFDYW,21,0.055408970976253295
CTVNDYW,2,0.005277044854881266
CTYTSCAPDYW,4,0.010554089709762533
CVHHSGWTFDYW,2,0.005277044854881266
CVRDSVGSFDFW,5,0.013192612137203167
CVSTHQGFDYW,10,0.026385224274406333
CYSEDFFDSW,2,0.005277044854881266
