CDR3,count,relative.frequency
CARGVAAAAFDLW,2,0.1111111111111111
CSVTSCYFDYW,4,0.2222222222222222
CVCNHDYW,12,0.6666666666666666
