CDR3,count,relative.frequency
CAHRPPTIF,2,0.046511627906976744
CCSYAGSYTLIF,7,0.16279069767441862
CISYAGSNNLIF,19,0.4418604651162791
CQQVNDSPYIF,4,0.09302325581395349
CSSCTSTNTLIF,6,0.13953488372093023
CSSYRGSTILIF,5,0.11627906976744186
