CDR3,count,relative.frequency
CAGGTPPTIF,5,0.29411764705882354
CARARHTIF,2,0.11764705882352941
CQHYDNLPLFIF,2,0.11764705882352941
CQQYDDVPPLIF,4,0.23529411764705882
CSSFTGSDNLIF,4,0.23529411764705882
