CDR3,count,relative.frequency
CAAWDDSLHGWVF,5,0.012531328320802004
CAAWDDSLKGVVF,29,0.07268170426065163
CAAWDDSLNGRVF,4,0.010025062656641603
CAAWDDSLNGRVVF,6,0.015037593984962405
CAAWDDSLNGWVF,12,0.03007518796992481
CAPWDDSLNGPVF,2,0.005012531328320802
CASRDSSGNHVIF,5,0.012531328320802004
CASWDDSLNGWVF,18,0.045112781954887216
CATWDDNLNGWVF,4,0.010025062656641603
CATWDDSLNGWVF,13,0.03258145363408521
CATWDSSLSAVF,2,0.005012531328320802
CCSRDSSGNHVIF,2,0.005012531328320802
CCSYAGSSTLWVF,8,0.020050125313283207
CETWDSNTYVMF,2,0.005012531328320802
CETWDSNTYVVF,2,0.005012531328320802
CETWDTNTRIF,2,0.005012531328320802
CGTWDSSLSAVVF,10,0.02506265664160401
CGTWDSSLSAWVF,2,0.005012531328320802
CGTWHSNSKTQVF,3,0.007518796992481203
CMIWPTNALGVF,2,0.005012531328320802
CNSRDTSGNLLVF,2,0.005012531328320802
CNSWDSSGNHHVVF,3,0.007518796992481203
CQAWDSITAVF,3,0.007518796992481203
CQAWDSSSVVF,2,0.005012531328320802
CQAWDSSTAVF,2,0.005012531328320802
CQAWDSSTVVF,19,0.047619047619047616
CQSADDF,2,0.005012531328320802
CQSADSSAIYVIF,2,0.005012531328320802
CQSADSSGTFVF,3,0.007518796992481203
CQSADTSGAYPVF,2,0.005012531328320802
CQSYDKSLSGWVF,5,0.012531328320802004
CQSYDNSLSGVLF,5,0.012531328320802004
CQSYDNTNRVF,2,0.005012531328320802
CQSYDSSLGVWVF,29,0.07268170426065163
CQSYDSSLRDLVF,2,0.005012531328320802
CQSYDSSLSGSLF,2,0.005012531328320802
CQSYDSSLSVWVF,6,0.015037593984962405
CQTWAAGIRVF,25,0.06265664160401002
CQTWATGIPVF,2,0.005012531328320802
CQTWDSSSAVF,6,0.015037593984962405
CQTWDSSTAVF,2,0.005012531328320802
CQTWGTGIQVIF,5,0.012531328320802004
CQTWGTGIRVF,3,0.007518796992481203
CQTWSTDIVIF,2,0.005012531328320802
CQVWDGSSDHWVF,4,0.010025062656641603
CQVWDSNNDHQVF,3,0.007518796992481203
CQVWDSNTVHVVF,4,0.010025062656641603
CQVWDSSSDHVVF,2,0.005012531328320802
CQVWDSSSDSWVF,16,0.040100250626566414
CQVWDSSSDYRVF,2,0.005012531328320802
CQVWDSSVIF,2,0.005012531328320802
CSSYAGSDNYVF,4,0.010025062656641603
CSSYAGSNNLLF,10,0.02506265664160401
CSSYAGSNNLVF,27,0.06766917293233082
CSSYTSGSTLVF,2,0.005012531328320802
CSSYTSSNSWIF,2,0.005012531328320802
CSSYTSSNTLVVF,5,0.012531328320802004
CSYAGSHTLLF,33,0.08270676691729323
CSYAGSRTLVF,4,0.010025062656641603
CSYAGSSTLWVF,8,0.020050125313283207
CYSAADDNLGMF,2,0.005012531328320802
